{
    "affinity_pred_value": -0.5254541039466858,
    "affinity_probability_binary": 0.47066932916641235,
    "affinity_pred_value1": -0.6680850386619568,
    "affinity_probability_binary1": 0.495092511177063,
    "affinity_pred_value2": -0.3828231692314148,
    "affinity_probability_binary2": 0.4462461471557617
}