{
    "confidence_score": 0.767603874206543,
    "ptm": 0.8619741201400757,
    "iptm": 0.8636611700057983,
    "ligand_iptm": 0.8636611700057983,
    "protein_iptm": 0.0,
    "complex_plddt": 0.7435895800590515,
    "complex_iplddt": 0.6431840658187866,
    "complex_pde": 0.7055664658546448,
    "complex_ipde": 2.124215841293335,
    "chains_ptm": {
        "0": 0.863017737865448,
        "1": 0.8557256460189819
    },
    "pair_chains_iptm": {
        "0": {
            "0": 0.863017737865448,
            "1": 0.5247695446014404
        },
        "1": {
            "0": 0.8636611700057983,
            "1": 0.8557256460189819
        }
    }
}