{
    "affinity_pred_value": 0.4812014698982239,
    "affinity_probability_binary": 0.23967301845550537,
    "affinity_pred_value1": 0.560204267501831,
    "affinity_probability_binary1": 0.23063352704048157,
    "affinity_pred_value2": 0.4021986424922943,
    "affinity_probability_binary2": 0.24871252477169037
}