{
    "confidence_score": 0.7052634358406067,
    "ptm": 0.9144214987754822,
    "iptm": 0.8232947587966919,
    "ligand_iptm": 0.8232947587966919,
    "protein_iptm": 0.0,
    "complex_plddt": 0.6757555603981018,
    "complex_iplddt": 0.5312303900718689,
    "complex_pde": 0.588923990726471,
    "complex_ipde": 2.144120931625366,
    "chains_ptm": {
        "0": 0.9298612475395203,
        "1": 0.8002291321754456
    },
    "pair_chains_iptm": {
        "0": {
            "0": 0.9298612475395203,
            "1": 0.4258984923362732
        },
        "1": {
            "0": 0.8232947587966919,
            "1": 0.8002291321754456
        }
    }
}