{
    "affinity_pred_value": 0.3555185794830322,
    "affinity_probability_binary": 0.4113951623439789,
    "affinity_pred_value1": 0.2587520480155945,
    "affinity_probability_binary1": 0.42932188510894775,
    "affinity_pred_value2": 0.45228514075279236,
    "affinity_probability_binary2": 0.39346843957901
}