{
    "confidence_score": 0.688003420829773,
    "ptm": 0.7654471397399902,
    "iptm": 0.768610954284668,
    "ligand_iptm": 0.768610954284668,
    "protein_iptm": 0.0,
    "complex_plddt": 0.6678515076637268,
    "complex_iplddt": 0.4547141194343567,
    "complex_pde": 1.0293927192687988,
    "complex_ipde": 2.8236024379730225,
    "chains_ptm": {
        "0": 0.7680776119232178,
        "1": 0.8528639078140259
    },
    "pair_chains_iptm": {
        "0": {
            "0": 0.7680776119232178,
            "1": 0.3630927503108978
        },
        "1": {
            "0": 0.768610954284668,
            "1": 0.8528639078140259
        }
    }
}