{
    "affinity_pred_value": -0.9040220975875854,
    "affinity_probability_binary": 0.79134202003479,
    "affinity_pred_value1": -1.2523608207702637,
    "affinity_probability_binary1": 0.9026222229003906,
    "affinity_pred_value2": -0.555683434009552,
    "affinity_probability_binary2": 0.6800617575645447
}