{
    "confidence_score": 0.9158202409744263,
    "ptm": 0.8937941789627075,
    "iptm": 0.9699207544326782,
    "ligand_iptm": 0.9699207544326782,
    "protein_iptm": 0.0,
    "complex_plddt": 0.9022950530052185,
    "complex_iplddt": 0.8763082027435303,
    "complex_pde": 0.44862183928489685,
    "complex_ipde": 0.5844957232475281,
    "chains_ptm": {
        "0": 0.8871143460273743,
        "1": 0.9114878177642822
    },
    "pair_chains_iptm": {
        "0": {
            "0": 0.8871143460273743,
            "1": 0.5789198875427246
        },
        "1": {
            "0": 0.9699207544326782,
            "1": 0.9114878177642822
        }
    }
}