{
    "affinity_pred_value": -1.4249746799468994,
    "affinity_probability_binary": 0.6048172116279602,
    "affinity_pred_value1": -1.6917386054992676,
    "affinity_probability_binary1": 0.6997852325439453,
    "affinity_pred_value2": -1.1582106351852417,
    "affinity_probability_binary2": 0.5098491907119751
}