{
    "confidence_score": 0.6713349223136902,
    "ptm": 0.7673025131225586,
    "iptm": 0.7362948060035706,
    "ligand_iptm": 0.7362948060035706,
    "protein_iptm": 0.0,
    "complex_plddt": 0.6550949215888977,
    "complex_iplddt": 0.464510053396225,
    "complex_pde": 0.9418914318084717,
    "complex_ipde": 2.8182930946350098,
    "chains_ptm": {
        "0": 0.777460515499115,
        "1": 0.8198336958885193
    },
    "pair_chains_iptm": {
        "0": {
            "0": 0.777460515499115,
            "1": 0.3499181568622589
        },
        "1": {
            "0": 0.7362948060035706,
            "1": 0.8198336958885193
        }
    }
}