{
    "affinity_pred_value": 0.1467028260231018,
    "affinity_probability_binary": 0.1986229121685028,
    "affinity_pred_value1": 0.41079819202423096,
    "affinity_probability_binary1": 0.18130886554718018,
    "affinity_pred_value2": -0.11739253997802734,
    "affinity_probability_binary2": 0.21593697369098663
}