{
    "confidence_score": 0.7882135510444641,
    "ptm": 0.7349445223808289,
    "iptm": 0.8333268761634827,
    "ligand_iptm": 0.8333268761634827,
    "protein_iptm": 0.0,
    "complex_plddt": 0.7769352197647095,
    "complex_iplddt": 0.6179754137992859,
    "complex_pde": 0.9391782879829407,
    "complex_ipde": 2.864799976348877,
    "chains_ptm": {
        "0": 0.7163363099098206,
        "1": 0.8203886151313782
    },
    "pair_chains_iptm": {
        "0": {
            "0": 0.7163363099098206,
            "1": 0.3314284086227417
        },
        "1": {
            "0": 0.8333268761634827,
            "1": 0.8203886151313782
        }
    }
}