{
    "affinity_pred_value": 0.16557461023330688,
    "affinity_probability_binary": 0.6581974625587463,
    "affinity_pred_value1": -0.06489963829517365,
    "affinity_probability_binary1": 0.6017406582832336,
    "affinity_pred_value2": 0.3960488736629486,
    "affinity_probability_binary2": 0.714654266834259
}