{
    "confidence_score": 0.9156080484390259,
    "ptm": 0.9298086166381836,
    "iptm": 0.95314621925354,
    "ligand_iptm": 0.95314621925354,
    "protein_iptm": 0.0,
    "complex_plddt": 0.9062234163284302,
    "complex_iplddt": 0.8566543459892273,
    "complex_pde": 0.5199869275093079,
    "complex_ipde": 0.8202648758888245,
    "chains_ptm": {
        "0": 0.9254232048988342,
        "1": 0.8768696784973145
    },
    "pair_chains_iptm": {
        "0": {
            "0": 0.9254232048988342,
            "1": 0.6295189261436462
        },
        "1": {
            "0": 0.95314621925354,
            "1": 0.8768696784973145
        }
    }
}