{
    "affinity_pred_value": -0.20479658246040344,
    "affinity_probability_binary": 0.5453425645828247,
    "affinity_pred_value1": 0.4512309432029724,
    "affinity_probability_binary1": 0.7312152981758118,
    "affinity_pred_value2": -0.8608241081237793,
    "affinity_probability_binary2": 0.35946983098983765
}