{
    "confidence_score": 0.6826760172843933,
    "ptm": 0.8484147191047668,
    "iptm": 0.7759311199188232,
    "ligand_iptm": 0.7759311199188232,
    "protein_iptm": 0.0,
    "complex_plddt": 0.6593621969223022,
    "complex_iplddt": 0.3995377719402313,
    "complex_pde": 0.6686184406280518,
    "complex_ipde": 1.855410099029541,
    "chains_ptm": {
        "0": 0.8661393523216248,
        "1": 0.882912814617157
    },
    "pair_chains_iptm": {
        "0": {
            "0": 0.8661393523216248,
            "1": 0.4479800760746002
        },
        "1": {
            "0": 0.7759311199188232,
            "1": 0.882912814617157
        }
    }
}