{
    "affinity_pred_value": 1.2868828773498535,
    "affinity_probability_binary": 0.11182379722595215,
    "affinity_pred_value1": 1.7464042901992798,
    "affinity_probability_binary1": 0.10378032922744751,
    "affinity_pred_value2": 0.827361524105072,
    "affinity_probability_binary2": 0.11986725777387619
}