{
    "confidence_score": 0.728813648223877,
    "ptm": 0.9121170043945312,
    "iptm": 0.8190551996231079,
    "ligand_iptm": 0.8190551996231079,
    "protein_iptm": 0.0,
    "complex_plddt": 0.7062532305717468,
    "complex_iplddt": 0.5554244518280029,
    "complex_pde": 0.5375024676322937,
    "complex_ipde": 1.9808712005615234,
    "chains_ptm": {
        "0": 0.9288138151168823,
        "1": 0.8183514475822449
    },
    "pair_chains_iptm": {
        "0": {
            "0": 0.9288138151168823,
            "1": 0.4035343527793884
        },
        "1": {
            "0": 0.8190551996231079,
            "1": 0.8183514475822449
        }
    }
}