{
    "affinity_pred_value": -0.12028157711029053,
    "affinity_probability_binary": 0.5699326992034912,
    "affinity_pred_value1": 0.13373810052871704,
    "affinity_probability_binary1": 0.7520483136177063,
    "affinity_pred_value2": -0.3743012547492981,
    "affinity_probability_binary2": 0.3878171145915985
}