{
    "confidence_score": 0.6830741167068481,
    "ptm": 0.8186323642730713,
    "iptm": 0.7516355514526367,
    "ligand_iptm": 0.7516355514526367,
    "protein_iptm": 0.0,
    "complex_plddt": 0.6659337282180786,
    "complex_iplddt": 0.5178484320640564,
    "complex_pde": 1.0438296794891357,
    "complex_ipde": 3.6593570709228516,
    "chains_ptm": {
        "0": 0.8366787433624268,
        "1": 0.8869113326072693
    },
    "pair_chains_iptm": {
        "0": {
            "0": 0.8366787433624268,
            "1": 0.37128743529319763
        },
        "1": {
            "0": 0.7516355514526367,
            "1": 0.8869113326072693
        }
    }
}