{
    "affinity_pred_value": 0.13848459720611572,
    "affinity_probability_binary": 0.5099103450775146,
    "affinity_pred_value1": -0.12870807945728302,
    "affinity_probability_binary1": 0.561786949634552,
    "affinity_pred_value2": 0.40567728877067566,
    "affinity_probability_binary2": 0.4580337703227997
}