{
    "confidence_score": 0.7610695362091064,
    "ptm": 0.8902326226234436,
    "iptm": 0.8709165453910828,
    "ligand_iptm": 0.8709165453910828,
    "protein_iptm": 0.0,
    "complex_plddt": 0.7336077690124512,
    "complex_iplddt": 0.6555776596069336,
    "complex_pde": 0.6026367545127869,
    "complex_ipde": 1.842680811882019,
    "chains_ptm": {
        "0": 0.8956201672554016,
        "1": 0.8614948987960815
    },
    "pair_chains_iptm": {
        "0": {
            "0": 0.8956201672554016,
            "1": 0.4510623514652252
        },
        "1": {
            "0": 0.8709165453910828,
            "1": 0.8614948987960815
        }
    }
}