{
    "affinity_pred_value": 0.3351258635520935,
    "affinity_probability_binary": 0.37410905957221985,
    "affinity_pred_value1": 0.25401371717453003,
    "affinity_probability_binary1": 0.4906821548938751,
    "affinity_pred_value2": 0.416238009929657,
    "affinity_probability_binary2": 0.2575359642505646
}