{
    "confidence_score": 0.9113157391548157,
    "ptm": 0.9227756261825562,
    "iptm": 0.978185772895813,
    "ligand_iptm": 0.978185772895813,
    "protein_iptm": 0.0,
    "complex_plddt": 0.8945982456207275,
    "complex_iplddt": 0.8859499096870422,
    "complex_pde": 0.39254674315452576,
    "complex_ipde": 0.5660829544067383,
    "chains_ptm": {
        "0": 0.9143866896629333,
        "1": 0.8813954591751099
    },
    "pair_chains_iptm": {
        "0": {
            "0": 0.9143866896629333,
            "1": 0.560686469078064
        },
        "1": {
            "0": 0.978185772895813,
            "1": 0.8813954591751099
        }
    }
}