{
    "affinity_pred_value": -0.8759779334068298,
    "affinity_probability_binary": 0.3950929641723633,
    "affinity_pred_value1": -1.1930631399154663,
    "affinity_probability_binary1": 0.4586174190044403,
    "affinity_pred_value2": -0.5588927268981934,
    "affinity_probability_binary2": 0.33156847953796387
}