{
    "confidence_score": 0.6832684874534607,
    "ptm": 0.8878529071807861,
    "iptm": 0.7990123629570007,
    "ligand_iptm": 0.7990123629570007,
    "protein_iptm": 0.0,
    "complex_plddt": 0.6543324589729309,
    "complex_iplddt": 0.46999695897102356,
    "complex_pde": 0.7393736243247986,
    "complex_ipde": 2.392256021499634,
    "chains_ptm": {
        "0": 0.9099573493003845,
        "1": 0.8364863395690918
    },
    "pair_chains_iptm": {
        "0": {
            "0": 0.9099573493003845,
            "1": 0.40020230412483215
        },
        "1": {
            "0": 0.7990123629570007,
            "1": 0.8364863395690918
        }
    }
}