{
    "affinity_pred_value": 0.15570910274982452,
    "affinity_probability_binary": 0.49037960171699524,
    "affinity_pred_value1": 0.4308413863182068,
    "affinity_probability_binary1": 0.5435398817062378,
    "affinity_pred_value2": -0.11942318081855774,
    "affinity_probability_binary2": 0.4372193217277527
}