{
    "confidence_score": 0.9327845573425293,
    "ptm": 0.946232795715332,
    "iptm": 0.9579721689224243,
    "ligand_iptm": 0.9579721689224243,
    "protein_iptm": 0.0,
    "complex_plddt": 0.9264876246452332,
    "complex_iplddt": 0.8649188280105591,
    "complex_pde": 0.4428601562976837,
    "complex_ipde": 0.6996424794197083,
    "chains_ptm": {
        "0": 0.9445841908454895,
        "1": 0.785588800907135
    },
    "pair_chains_iptm": {
        "0": {
            "0": 0.9445841908454895,
            "1": 0.4862881004810333
        },
        "1": {
            "0": 0.9579721689224243,
            "1": 0.785588800907135
        }
    }
}