{
    "affinity_pred_value": -0.3318742513656616,
    "affinity_probability_binary": 0.4340379238128662,
    "affinity_pred_value1": -0.4594602882862091,
    "affinity_probability_binary1": 0.5907979607582092,
    "affinity_pred_value2": -0.20428824424743652,
    "affinity_probability_binary2": 0.2772778868675232
}