{
    "confidence_score": 0.7626551985740662,
    "ptm": 0.8817426562309265,
    "iptm": 0.8779522776603699,
    "ligand_iptm": 0.8779522776603699,
    "protein_iptm": 0.0,
    "complex_plddt": 0.7338308691978455,
    "complex_iplddt": 0.5777177810668945,
    "complex_pde": 0.6254282593727112,
    "complex_ipde": 1.8165596723556519,
    "chains_ptm": {
        "0": 0.8824959993362427,
        "1": 0.8234894871711731
    },
    "pair_chains_iptm": {
        "0": {
            "0": 0.8824959993362427,
            "1": 0.42586126923561096
        },
        "1": {
            "0": 0.8779522776603699,
            "1": 0.8234894871711731
        }
    }
}