{
    "affinity_pred_value": 1.7458680868148804,
    "affinity_probability_binary": 0.2627500891685486,
    "affinity_pred_value1": 1.476877212524414,
    "affinity_probability_binary1": 0.27834632992744446,
    "affinity_pred_value2": 2.0148589611053467,
    "affinity_probability_binary2": 0.24715381860733032
}