{
    "confidence_score": 0.9404935240745544,
    "ptm": 0.9504199028015137,
    "iptm": 0.9541625380516052,
    "ligand_iptm": 0.9541625380516052,
    "protein_iptm": 0.0,
    "complex_plddt": 0.937076210975647,
    "complex_iplddt": 0.9092831611633301,
    "complex_pde": 0.43538767099380493,
    "complex_ipde": 0.6448078155517578,
    "chains_ptm": {
        "0": 0.9501012563705444,
        "1": 0.8933179378509521
    },
    "pair_chains_iptm": {
        "0": {
            "0": 0.9501012563705444,
            "1": 0.5414518713951111
        },
        "1": {
            "0": 0.9541625380516052,
            "1": 0.8933179378509521
        }
    }
}