{
    "affinity_pred_value": -0.5864843726158142,
    "affinity_probability_binary": 0.6479256749153137,
    "affinity_pred_value1": -0.7582361698150635,
    "affinity_probability_binary1": 0.6060736179351807,
    "affinity_pred_value2": -0.41473260521888733,
    "affinity_probability_binary2": 0.6897777318954468
}