{
    "confidence_score": 0.9149641394615173,
    "ptm": 0.9504579901695251,
    "iptm": 0.977338969707489,
    "ligand_iptm": 0.977338969707489,
    "protein_iptm": 0.0,
    "complex_plddt": 0.8993703722953796,
    "complex_iplddt": 0.8516281247138977,
    "complex_pde": 0.44466572999954224,
    "complex_ipde": 0.5720338225364685,
    "chains_ptm": {
        "0": 0.946241021156311,
        "1": 0.8321744799613953
    },
    "pair_chains_iptm": {
        "0": {
            "0": 0.946241021156311,
            "1": 0.6622037291526794
        },
        "1": {
            "0": 0.977338969707489,
            "1": 0.8321744799613953
        }
    }
}