{
    "affinity_pred_value": -0.23942872881889343,
    "affinity_probability_binary": 0.3907594084739685,
    "affinity_pred_value1": 0.46725159883499146,
    "affinity_probability_binary1": 0.4281764626502991,
    "affinity_pred_value2": -0.9461090564727783,
    "affinity_probability_binary2": 0.35334232449531555
}