{
    "confidence_score": 0.7278140187263489,
    "ptm": 0.8644343018531799,
    "iptm": 0.9216164350509644,
    "ligand_iptm": 0.9216164350509644,
    "protein_iptm": 0.0,
    "complex_plddt": 0.6793634295463562,
    "complex_iplddt": 0.4619981348514557,
    "complex_pde": 0.49286359548568726,
    "complex_ipde": 1.0075875520706177,
    "chains_ptm": {
        "0": 0.8542229533195496,
        "1": 0.9084628224372864
    },
    "pair_chains_iptm": {
        "0": {
            "0": 0.8542229533195496,
            "1": 0.5190171003341675
        },
        "1": {
            "0": 0.9216164350509644,
            "1": 0.9084628224372864
        }
    }
}