{
    "affinity_pred_value": -0.7974711656570435,
    "affinity_probability_binary": 0.8951367139816284,
    "affinity_pred_value1": -0.5955173969268799,
    "affinity_probability_binary1": 0.9028181433677673,
    "affinity_pred_value2": -0.9994248747825623,
    "affinity_probability_binary2": 0.8874553442001343
}