{
    "confidence_score": 0.9117485284805298,
    "ptm": 0.9034518599510193,
    "iptm": 0.9793980717658997,
    "ligand_iptm": 0.9793980717658997,
    "protein_iptm": 0.0,
    "complex_plddt": 0.8948360681533813,
    "complex_iplddt": 0.9061757326126099,
    "complex_pde": 0.4259960949420929,
    "complex_ipde": 0.569484531879425,
    "chains_ptm": {
        "0": 0.8929396271705627,
        "1": 0.881360650062561
    },
    "pair_chains_iptm": {
        "0": {
            "0": 0.8929396271705627,
            "1": 0.6158639192581177
        },
        "1": {
            "0": 0.9793980717658997,
            "1": 0.881360650062561
        }
    }
}