{
    "affinity_pred_value": -0.8717570900917053,
    "affinity_probability_binary": 0.19840744137763977,
    "affinity_pred_value1": -1.0005865097045898,
    "affinity_probability_binary1": 0.0622984804213047,
    "affinity_pred_value2": -0.7429276704788208,
    "affinity_probability_binary2": 0.33451640605926514
}