{
    "confidence_score": 0.8750473260879517,
    "ptm": 0.9037651419639587,
    "iptm": 0.9460725784301758,
    "ligand_iptm": 0.9460725784301758,
    "protein_iptm": 0.0,
    "complex_plddt": 0.8572909235954285,
    "complex_iplddt": 0.774877667427063,
    "complex_pde": 0.46385887265205383,
    "complex_ipde": 0.7052958607673645,
    "chains_ptm": {
        "0": 0.898025393486023,
        "1": 0.8594613671302795
    },
    "pair_chains_iptm": {
        "0": {
            "0": 0.898025393486023,
            "1": 0.5394703149795532
        },
        "1": {
            "0": 0.9460725784301758,
            "1": 0.8594613671302795
        }
    }
}