{
    "affinity_pred_value": 0.8240512609481812,
    "affinity_probability_binary": 0.26048845052719116,
    "affinity_pred_value1": 0.7443395256996155,
    "affinity_probability_binary1": 0.34395813941955566,
    "affinity_pred_value2": 0.9037629961967468,
    "affinity_probability_binary2": 0.17701873183250427
}