{
    "confidence_score": 0.751207172870636,
    "ptm": 0.7763403654098511,
    "iptm": 0.842058539390564,
    "ligand_iptm": 0.842058539390564,
    "protein_iptm": 0.0,
    "complex_plddt": 0.7284943461418152,
    "complex_iplddt": 0.4541195333003998,
    "complex_pde": 0.6151139140129089,
    "complex_ipde": 1.7162714004516602,
    "chains_ptm": {
        "0": 0.7668389081954956,
        "1": 0.8209335803985596
    },
    "pair_chains_iptm": {
        "0": {
            "0": 0.7668389081954956,
            "1": 0.3097192943096161
        },
        "1": {
            "0": 0.842058539390564,
            "1": 0.8209335803985596
        }
    }
}