{
    "affinity_pred_value": 0.9890113472938538,
    "affinity_probability_binary": 0.31453919410705566,
    "affinity_pred_value1": 0.9454255104064941,
    "affinity_probability_binary1": 0.21451179683208466,
    "affinity_pred_value2": 1.0325971841812134,
    "affinity_probability_binary2": 0.4145665764808655
}