{
    "confidence_score": 0.9378673434257507,
    "ptm": 0.9547150731086731,
    "iptm": 0.9690607190132141,
    "ligand_iptm": 0.9690607190132141,
    "protein_iptm": 0.0,
    "complex_plddt": 0.9300689697265625,
    "complex_iplddt": 0.8944499492645264,
    "complex_pde": 0.44040822982788086,
    "complex_ipde": 0.6933029294013977,
    "chains_ptm": {
        "0": 0.9527004361152649,
        "1": 0.8677464723587036
    },
    "pair_chains_iptm": {
        "0": {
            "0": 0.9527004361152649,
            "1": 0.5768939852714539
        },
        "1": {
            "0": 0.9690607190132141,
            "1": 0.8677464723587036
        }
    }
}