{
    "affinity_pred_value": 0.16923540830612183,
    "affinity_probability_binary": 0.35062018036842346,
    "affinity_pred_value1": -0.15203358232975006,
    "affinity_probability_binary1": 0.3070650100708008,
    "affinity_pred_value2": 0.4905043840408325,
    "affinity_probability_binary2": 0.39417535066604614
}