{
    "confidence_score": 0.9336344599723816,
    "ptm": 0.9390029311180115,
    "iptm": 0.9615241289138794,
    "ligand_iptm": 0.9615241289138794,
    "protein_iptm": 0.0,
    "complex_plddt": 0.9266620874404907,
    "complex_iplddt": 0.8817915320396423,
    "complex_pde": 0.49323707818984985,
    "complex_ipde": 0.7999531626701355,
    "chains_ptm": {
        "0": 0.9351693987846375,
        "1": 0.8493543267250061
    },
    "pair_chains_iptm": {
        "0": {
            "0": 0.9351693987846375,
            "1": 0.5167389512062073
        },
        "1": {
            "0": 0.9615241289138794,
            "1": 0.8493543267250061
        }
    }
}