{
    "affinity_pred_value": 1.0257478952407837,
    "affinity_probability_binary": 0.11185675114393234,
    "affinity_pred_value1": 1.0521754026412964,
    "affinity_probability_binary1": 0.048315051943063736,
    "affinity_pred_value2": 0.9993204474449158,
    "affinity_probability_binary2": 0.17539845407009125
}