{
    "confidence_score": 0.7081725001335144,
    "ptm": 0.8892801403999329,
    "iptm": 0.7561448812484741,
    "ligand_iptm": 0.7561448812484741,
    "protein_iptm": 0.0,
    "complex_plddt": 0.6961793899536133,
    "complex_iplddt": 0.5438240766525269,
    "complex_pde": 0.7371394038200378,
    "complex_ipde": 3.252748727798462,
    "chains_ptm": {
        "0": 0.9119458794593811,
        "1": 0.8608996868133545
    },
    "pair_chains_iptm": {
        "0": {
            "0": 0.9119458794593811,
            "1": 0.31176429986953735
        },
        "1": {
            "0": 0.7561448812484741,
            "1": 0.8608996868133545
        }
    }
}