{
    "affinity_pred_value": 0.2428450584411621,
    "affinity_probability_binary": 0.5492261052131653,
    "affinity_pred_value1": -0.3877270817756653,
    "affinity_probability_binary1": 0.5990306735038757,
    "affinity_pred_value2": 0.8734171986579895,
    "affinity_probability_binary2": 0.49942153692245483
}