{
    "confidence_score": 0.9078373908996582,
    "ptm": 0.9039767980575562,
    "iptm": 0.9892279505729675,
    "ligand_iptm": 0.9892279505729675,
    "protein_iptm": 0.0,
    "complex_plddt": 0.8874897956848145,
    "complex_iplddt": 0.8903056979179382,
    "complex_pde": 0.4056755304336548,
    "complex_ipde": 0.38507771492004395,
    "chains_ptm": {
        "0": 0.8954317569732666,
        "1": 0.9414163827896118
    },
    "pair_chains_iptm": {
        "0": {
            "0": 0.8954317569732666,
            "1": 0.5890589356422424
        },
        "1": {
            "0": 0.9892279505729675,
            "1": 0.9414163827896118
        }
    }
}