{
    "affinity_pred_value": -0.2115042507648468,
    "affinity_probability_binary": 0.31122010946273804,
    "affinity_pred_value1": -0.07055135071277618,
    "affinity_probability_binary1": 0.26498836278915405,
    "affinity_pred_value2": -0.3524571359157562,
    "affinity_probability_binary2": 0.3574518859386444
}