{
    "confidence_score": 0.667943000793457,
    "ptm": 0.8084728121757507,
    "iptm": 0.7238187193870544,
    "ligand_iptm": 0.7238187193870544,
    "protein_iptm": 0.0,
    "complex_plddt": 0.6539740562438965,
    "complex_iplddt": 0.5313811302185059,
    "complex_pde": 0.9725360870361328,
    "complex_ipde": 3.5435218811035156,
    "chains_ptm": {
        "0": 0.8293812870979309,
        "1": 0.8991421461105347
    },
    "pair_chains_iptm": {
        "0": {
            "0": 0.8293812870979309,
            "1": 0.36627236008644104
        },
        "1": {
            "0": 0.7238187193870544,
            "1": 0.8991421461105347
        }
    }
}