{
    "affinity_pred_value": 0.05672036111354828,
    "affinity_probability_binary": 0.6484415531158447,
    "affinity_pred_value1": -0.34027671813964844,
    "affinity_probability_binary1": 0.6053246855735779,
    "affinity_pred_value2": 0.453717440366745,
    "affinity_probability_binary2": 0.6915584206581116
}