{
    "confidence_score": 0.9255650639533997,
    "ptm": 0.9443874359130859,
    "iptm": 0.9573029279708862,
    "ligand_iptm": 0.9573029279708862,
    "protein_iptm": 0.0,
    "complex_plddt": 0.9176305532455444,
    "complex_iplddt": 0.8685480356216431,
    "complex_pde": 0.4733979105949402,
    "complex_ipde": 0.747615396976471,
    "chains_ptm": {
        "0": 0.9420240521430969,
        "1": 0.8827435970306396
    },
    "pair_chains_iptm": {
        "0": {
            "0": 0.9420240521430969,
            "1": 0.6428109407424927
        },
        "1": {
            "0": 0.9573029279708862,
            "1": 0.8827435970306396
        }
    }
}