{
    "affinity_pred_value": -0.8622581362724304,
    "affinity_probability_binary": 0.911441445350647,
    "affinity_pred_value1": -1.1965383291244507,
    "affinity_probability_binary1": 0.9736104011535645,
    "affinity_pred_value2": -0.5279779434204102,
    "affinity_probability_binary2": 0.8492725491523743
}