{
    "confidence_score": 0.9460420608520508,
    "ptm": 0.9557340145111084,
    "iptm": 0.9615659117698669,
    "ligand_iptm": 0.9615659117698669,
    "protein_iptm": 0.0,
    "complex_plddt": 0.9421610832214355,
    "complex_iplddt": 0.8923442959785461,
    "complex_pde": 0.42677339911460876,
    "complex_ipde": 0.6671627759933472,
    "chains_ptm": {
        "0": 0.9549150466918945,
        "1": 0.83841872215271
    },
    "pair_chains_iptm": {
        "0": {
            "0": 0.9549150466918945,
            "1": 0.5030151605606079
        },
        "1": {
            "0": 0.9615659117698669,
            "1": 0.83841872215271
        }
    }
}