{
    "affinity_pred_value": 0.8207696676254272,
    "affinity_probability_binary": 0.11095328629016876,
    "affinity_pred_value1": 0.727423906326294,
    "affinity_probability_binary1": 0.12820561230182648,
    "affinity_pred_value2": 0.9141154885292053,
    "affinity_probability_binary2": 0.09370096027851105
}