{
    "confidence_score": 0.7411171793937683,
    "ptm": 0.9084319472312927,
    "iptm": 0.8584399819374084,
    "ligand_iptm": 0.8584399819374084,
    "protein_iptm": 0.0,
    "complex_plddt": 0.7117865085601807,
    "complex_iplddt": 0.5494711399078369,
    "complex_pde": 0.5895631909370422,
    "complex_ipde": 1.7779521942138672,
    "chains_ptm": {
        "0": 0.9169179201126099,
        "1": 0.9081867337226868
    },
    "pair_chains_iptm": {
        "0": {
            "0": 0.9169179201126099,
            "1": 0.5011399984359741
        },
        "1": {
            "0": 0.8584399819374084,
            "1": 0.9081867337226868
        }
    }
}