{
    "affinity_pred_value": -1.4737629890441895,
    "affinity_probability_binary": 0.49529170989990234,
    "affinity_pred_value1": -1.587369441986084,
    "affinity_probability_binary1": 0.4881254732608795,
    "affinity_pred_value2": -1.3601566553115845,
    "affinity_probability_binary2": 0.5024579763412476
}