{
    "confidence_score": 0.6664537787437439,
    "ptm": 0.852006733417511,
    "iptm": 0.7380079627037048,
    "ligand_iptm": 0.7380079627037048,
    "protein_iptm": 0.0,
    "complex_plddt": 0.6485651731491089,
    "complex_iplddt": 0.4776400029659271,
    "complex_pde": 0.840792715549469,
    "complex_ipde": 3.1245362758636475,
    "chains_ptm": {
        "0": 0.8915049433708191,
        "1": 0.7561507225036621
    },
    "pair_chains_iptm": {
        "0": {
            "0": 0.8915049433708191,
            "1": 0.29638218879699707
        },
        "1": {
            "0": 0.7380079627037048,
            "1": 0.7561507225036621
        }
    }
}