{
    "affinity_pred_value": -1.343444585800171,
    "affinity_probability_binary": 0.6563812494277954,
    "affinity_pred_value1": -1.5167995691299438,
    "affinity_probability_binary1": 0.711119532585144,
    "affinity_pred_value2": -1.1700894832611084,
    "affinity_probability_binary2": 0.6016430258750916
}