{
    "confidence_score": 0.91741943359375,
    "ptm": 0.9494028687477112,
    "iptm": 0.9652540683746338,
    "ligand_iptm": 0.9652540683746338,
    "protein_iptm": 0.0,
    "complex_plddt": 0.9054608345031738,
    "complex_iplddt": 0.8682399988174438,
    "complex_pde": 0.4463590383529663,
    "complex_ipde": 0.7545455098152161,
    "chains_ptm": {
        "0": 0.9452502131462097,
        "1": 0.7614169120788574
    },
    "pair_chains_iptm": {
        "0": {
            "0": 0.9452502131462097,
            "1": 0.6387224793434143
        },
        "1": {
            "0": 0.9652540683746338,
            "1": 0.7614169120788574
        }
    }
}