{
    "affinity_pred_value": 0.376709908246994,
    "affinity_probability_binary": 0.4778599739074707,
    "affinity_pred_value1": -0.004993189126253128,
    "affinity_probability_binary1": 0.537131667137146,
    "affinity_pred_value2": 0.7584130167961121,
    "affinity_probability_binary2": 0.418588250875473
}