{
    "confidence_score": 0.827096164226532,
    "ptm": 0.7669650912284851,
    "iptm": 0.9470362067222595,
    "ligand_iptm": 0.9470362067222595,
    "protein_iptm": 0.0,
    "complex_plddt": 0.7971111536026001,
    "complex_iplddt": 0.6716586947441101,
    "complex_pde": 0.7578526139259338,
    "complex_ipde": 2.1267662048339844,
    "chains_ptm": {
        "0": 0.7400000691413879,
        "1": 0.8974559307098389
    },
    "pair_chains_iptm": {
        "0": {
            "0": 0.7400000691413879,
            "1": 0.4820895493030548
        },
        "1": {
            "0": 0.9470362067222595,
            "1": 0.8974559307098389
        }
    }
}