{
    "affinity_pred_value": 0.4770398437976837,
    "affinity_probability_binary": 0.20737993717193604,
    "affinity_pred_value1": 0.5205069184303284,
    "affinity_probability_binary1": 0.2006286084651947,
    "affinity_pred_value2": 0.43357276916503906,
    "affinity_probability_binary2": 0.21413126587867737
}