{
    "confidence_score": 0.6798380017280579,
    "ptm": 0.8230969309806824,
    "iptm": 0.8320070505142212,
    "ligand_iptm": 0.8320070505142212,
    "protein_iptm": 0.0,
    "complex_plddt": 0.6417957544326782,
    "complex_iplddt": 0.42735350131988525,
    "complex_pde": 0.7635343074798584,
    "complex_ipde": 2.0326335430145264,
    "chains_ptm": {
        "0": 0.8224717974662781,
        "1": 0.8004340529441833
    },
    "pair_chains_iptm": {
        "0": {
            "0": 0.8224717974662781,
            "1": 0.3607809245586395
        },
        "1": {
            "0": 0.8320070505142212,
            "1": 0.8004340529441833
        }
    }
}