{
    "affinity_pred_value": -0.4731065332889557,
    "affinity_probability_binary": 0.1463688760995865,
    "affinity_pred_value1": -0.04246116802096367,
    "affinity_probability_binary1": 0.10527386516332626,
    "affinity_pred_value2": -0.9037519097328186,
    "affinity_probability_binary2": 0.1874638795852661
}