{
    "confidence_score": 0.7042848467826843,
    "ptm": 0.7507864832878113,
    "iptm": 0.7835575938224792,
    "ligand_iptm": 0.7835575938224792,
    "protein_iptm": 0.0,
    "complex_plddt": 0.6844666004180908,
    "complex_iplddt": 0.5215539932250977,
    "complex_pde": 1.0751137733459473,
    "complex_ipde": 3.3910300731658936,
    "chains_ptm": {
        "0": 0.7449185848236084,
        "1": 0.81886887550354
    },
    "pair_chains_iptm": {
        "0": {
            "0": 0.7449185848236084,
            "1": 0.35227787494659424
        },
        "1": {
            "0": 0.7835575938224792,
            "1": 0.81886887550354
        }
    }
}