{
    "affinity_pred_value": 0.12138037383556366,
    "affinity_probability_binary": 0.2099374234676361,
    "affinity_pred_value1": -0.32882174849510193,
    "affinity_probability_binary1": 0.24231432378292084,
    "affinity_pred_value2": 0.5715824961662292,
    "affinity_probability_binary2": 0.17756053805351257
}