{
    "confidence_score": 0.6980987787246704,
    "ptm": 0.7195574045181274,
    "iptm": 0.7367151379585266,
    "ligand_iptm": 0.7367151379585266,
    "protein_iptm": 0.0,
    "complex_plddt": 0.6884446740150452,
    "complex_iplddt": 0.3623306155204773,
    "complex_pde": 0.901127815246582,
    "complex_ipde": 3.0783023834228516,
    "chains_ptm": {
        "0": 0.7170140743255615,
        "1": 0.8628483414649963
    },
    "pair_chains_iptm": {
        "0": {
            "0": 0.7170140743255615,
            "1": 0.3034942150115967
        },
        "1": {
            "0": 0.7367151379585266,
            "1": 0.8628483414649963
        }
    }
}