{
    "affinity_pred_value": 0.10083571076393127,
    "affinity_probability_binary": 0.1144723892211914,
    "affinity_pred_value1": 0.38526296615600586,
    "affinity_probability_binary1": 0.11596924066543579,
    "affinity_pred_value2": -0.1835915446281433,
    "affinity_probability_binary2": 0.11297554522752762
}