{
    "confidence_score": 0.7202415466308594,
    "ptm": 0.9050665497779846,
    "iptm": 0.8844473361968994,
    "ligand_iptm": 0.8844473361968994,
    "protein_iptm": 0.0,
    "complex_plddt": 0.6791900992393494,
    "complex_iplddt": 0.4892250895500183,
    "complex_pde": 0.5271920561790466,
    "complex_ipde": 1.4311577081680298,
    "chains_ptm": {
        "0": 0.9090633988380432,
        "1": 0.8288161754608154
    },
    "pair_chains_iptm": {
        "0": {
            "0": 0.9090633988380432,
            "1": 0.48124179244041443
        },
        "1": {
            "0": 0.8844473361968994,
            "1": 0.8288161754608154
        }
    }
}