{
    "affinity_pred_value": 1.2187023162841797,
    "affinity_probability_binary": 0.20798926055431366,
    "affinity_pred_value1": 1.5767228603363037,
    "affinity_probability_binary1": 0.15691697597503662,
    "affinity_pred_value2": 0.8606817722320557,
    "affinity_probability_binary2": 0.2590615451335907
}