{
    "confidence_score": 0.755955696105957,
    "ptm": 0.8680759072303772,
    "iptm": 0.9014549851417542,
    "ligand_iptm": 0.9014549851417542,
    "protein_iptm": 0.0,
    "complex_plddt": 0.719580888748169,
    "complex_iplddt": 0.6488539576530457,
    "complex_pde": 0.5925501585006714,
    "complex_ipde": 1.723151683807373,
    "chains_ptm": {
        "0": 0.8639256358146667,
        "1": 0.924997091293335
    },
    "pair_chains_iptm": {
        "0": {
            "0": 0.8639256358146667,
            "1": 0.495650053024292
        },
        "1": {
            "0": 0.9014549851417542,
            "1": 0.924997091293335
        }
    }
}