{
    "affinity_pred_value": -0.2851782739162445,
    "affinity_probability_binary": 0.5482631921768188,
    "affinity_pred_value1": -0.05126950889825821,
    "affinity_probability_binary1": 0.6346597075462341,
    "affinity_pred_value2": -0.519087016582489,
    "affinity_probability_binary2": 0.46186670660972595
}