{
    "confidence_score": 0.6554262042045593,
    "ptm": 0.7975138425827026,
    "iptm": 0.7335413098335266,
    "ligand_iptm": 0.7335413098335266,
    "protein_iptm": 0.0,
    "complex_plddt": 0.6358973979949951,
    "complex_iplddt": 0.41667619347572327,
    "complex_pde": 0.8551614284515381,
    "complex_ipde": 2.5483927726745605,
    "chains_ptm": {
        "0": 0.820844292640686,
        "1": 0.8940316438674927
    },
    "pair_chains_iptm": {
        "0": {
            "0": 0.820844292640686,
            "1": 0.43430283665657043
        },
        "1": {
            "0": 0.7335413098335266,
            "1": 0.8940316438674927
        }
    }
}