{
    "affinity_pred_value": 0.8128299713134766,
    "affinity_probability_binary": 0.38302260637283325,
    "affinity_pred_value1": 1.2216097116470337,
    "affinity_probability_binary1": 0.3531784117221832,
    "affinity_pred_value2": 0.4040502905845642,
    "affinity_probability_binary2": 0.4128667712211609
}