{
    "confidence_score": 0.6995314359664917,
    "ptm": 0.7098053097724915,
    "iptm": 0.6289017200469971,
    "ligand_iptm": 0.6289017200469971,
    "protein_iptm": 0.0,
    "complex_plddt": 0.717188835144043,
    "complex_iplddt": 0.6293784976005554,
    "complex_pde": 1.4125707149505615,
    "complex_ipde": 5.151878833770752,
    "chains_ptm": {
        "0": 0.7257000803947449,
        "1": 0.8483638763427734
    },
    "pair_chains_iptm": {
        "0": {
            "0": 0.7257000803947449,
            "1": 0.21996603906154633
        },
        "1": {
            "0": 0.6289017200469971,
            "1": 0.8483638763427734
        }
    }
}