{
    "affinity_pred_value": -0.03379625082015991,
    "affinity_probability_binary": 0.19123810529708862,
    "affinity_pred_value1": 0.4692145586013794,
    "affinity_probability_binary1": 0.13858912885189056,
    "affinity_pred_value2": -0.5368070602416992,
    "affinity_probability_binary2": 0.24388709664344788
}