{
    "confidence_score": 0.7349919080734253,
    "ptm": 0.8624064326286316,
    "iptm": 0.8712472915649414,
    "ligand_iptm": 0.8712472915649414,
    "protein_iptm": 0.0,
    "complex_plddt": 0.7009280323982239,
    "complex_iplddt": 0.6209800243377686,
    "complex_pde": 0.6965731978416443,
    "complex_ipde": 2.1755971908569336,
    "chains_ptm": {
        "0": 0.862361490726471,
        "1": 0.8469400405883789
    },
    "pair_chains_iptm": {
        "0": {
            "0": 0.862361490726471,
            "1": 0.4153900742530823
        },
        "1": {
            "0": 0.8712472915649414,
            "1": 0.8469400405883789
        }
    }
}