{
    "affinity_pred_value": -0.6887115836143494,
    "affinity_probability_binary": 0.7083542346954346,
    "affinity_pred_value1": -1.2353007793426514,
    "affinity_probability_binary1": 0.7999835014343262,
    "affinity_pred_value2": -0.14212241768836975,
    "affinity_probability_binary2": 0.6167249083518982
}