{
    "confidence_score": 0.9355249404907227,
    "ptm": 0.9510036110877991,
    "iptm": 0.9571839570999146,
    "ligand_iptm": 0.9571839570999146,
    "protein_iptm": 0.0,
    "complex_plddt": 0.9301101565361023,
    "complex_iplddt": 0.9028011560440063,
    "complex_pde": 0.4280729293823242,
    "complex_ipde": 0.6212897896766663,
    "chains_ptm": {
        "0": 0.9503461122512817,
        "1": 0.8642545342445374
    },
    "pair_chains_iptm": {
        "0": {
            "0": 0.9503461122512817,
            "1": 0.547240674495697
        },
        "1": {
            "0": 0.9571839570999146,
            "1": 0.8642545342445374
        }
    }
}