{
    "affinity_pred_value": 0.023920806124806404,
    "affinity_probability_binary": 0.24804434180259705,
    "affinity_pred_value1": 0.044156514108181,
    "affinity_probability_binary1": 0.18016187846660614,
    "affinity_pred_value2": 0.0036850981414318085,
    "affinity_probability_binary2": 0.31592682003974915
}