{
    "confidence_score": 0.7024087309837341,
    "ptm": 0.8272220492362976,
    "iptm": 0.7767208218574524,
    "ligand_iptm": 0.7767208218574524,
    "protein_iptm": 0.0,
    "complex_plddt": 0.683830738067627,
    "complex_iplddt": 0.4950297772884369,
    "complex_pde": 0.8550223708152771,
    "complex_ipde": 2.9888598918914795,
    "chains_ptm": {
        "0": 0.839274525642395,
        "1": 0.8849031925201416
    },
    "pair_chains_iptm": {
        "0": {
            "0": 0.839274525642395,
            "1": 0.38492417335510254
        },
        "1": {
            "0": 0.7767208218574524,
            "1": 0.8849031925201416
        }
    }
}