{
    "affinity_pred_value": 1.4195833206176758,
    "affinity_probability_binary": 0.17926687002182007,
    "affinity_pred_value1": 1.4518624544143677,
    "affinity_probability_binary1": 0.20521724224090576,
    "affinity_pred_value2": 1.3873043060302734,
    "affinity_probability_binary2": 0.15331648290157318
}