{
    "confidence_score": 0.6920475959777832,
    "ptm": 0.8347275257110596,
    "iptm": 0.8301559090614319,
    "ligand_iptm": 0.8301559090614319,
    "protein_iptm": 0.0,
    "complex_plddt": 0.6575205326080322,
    "complex_iplddt": 0.44587746262550354,
    "complex_pde": 0.7857598066329956,
    "complex_ipde": 2.5960071086883545,
    "chains_ptm": {
        "0": 0.8365992307662964,
        "1": 0.8246843814849854
    },
    "pair_chains_iptm": {
        "0": {
            "0": 0.8365992307662964,
            "1": 0.36860519647598267
        },
        "1": {
            "0": 0.8301559090614319,
            "1": 0.8246843814849854
        }
    }
}