{
    "affinity_pred_value": -0.43495532870292664,
    "affinity_probability_binary": 0.47029995918273926,
    "affinity_pred_value1": -0.07550011575222015,
    "affinity_probability_binary1": 0.37409862875938416,
    "affinity_pred_value2": -0.7944105267524719,
    "affinity_probability_binary2": 0.5665013194084167
}