{
    "confidence_score": 0.7183400392532349,
    "ptm": 0.8491792678833008,
    "iptm": 0.7588968873023987,
    "ligand_iptm": 0.7588968873023987,
    "protein_iptm": 0.0,
    "complex_plddt": 0.7082008123397827,
    "complex_iplddt": 0.41765034198760986,
    "complex_pde": 0.8412580490112305,
    "complex_ipde": 3.163832664489746,
    "chains_ptm": {
        "0": 0.8673458695411682,
        "1": 0.8323743343353271
    },
    "pair_chains_iptm": {
        "0": {
            "0": 0.8673458695411682,
            "1": 0.35655859112739563
        },
        "1": {
            "0": 0.7588968873023987,
            "1": 0.8323743343353271
        }
    }
}