{
    "affinity_pred_value": -1.1090540885925293,
    "affinity_probability_binary": 0.5891814231872559,
    "affinity_pred_value1": -0.7428311109542847,
    "affinity_probability_binary1": 0.62711501121521,
    "affinity_pred_value2": -1.4752769470214844,
    "affinity_probability_binary2": 0.5512478947639465
}