{
    "confidence_score": 0.768589973449707,
    "ptm": 0.8868421912193298,
    "iptm": 0.8820415735244751,
    "ligand_iptm": 0.8820415735244751,
    "protein_iptm": 0.0,
    "complex_plddt": 0.7402271032333374,
    "complex_iplddt": 0.43684133887290955,
    "complex_pde": 0.5760393142700195,
    "complex_ipde": 1.2774513959884644,
    "chains_ptm": {
        "0": 0.8930498361587524,
        "1": 0.845717191696167
    },
    "pair_chains_iptm": {
        "0": {
            "0": 0.8930498361587524,
            "1": 0.5305489301681519
        },
        "1": {
            "0": 0.8820415735244751,
            "1": 0.845717191696167
        }
    }
}