{
    "affinity_pred_value": 0.9150219559669495,
    "affinity_probability_binary": 0.1246572807431221,
    "affinity_pred_value1": 1.2468669414520264,
    "affinity_probability_binary1": 0.15334704518318176,
    "affinity_pred_value2": 0.5831769704818726,
    "affinity_probability_binary2": 0.09596751630306244
}