{
    "confidence_score": 0.7392870187759399,
    "ptm": 0.8964412808418274,
    "iptm": 0.8475875854492188,
    "ligand_iptm": 0.8475875854492188,
    "protein_iptm": 0.0,
    "complex_plddt": 0.7122118473052979,
    "complex_iplddt": 0.603671669960022,
    "complex_pde": 0.5925628542900085,
    "complex_ipde": 1.7769643068313599,
    "chains_ptm": {
        "0": 0.906555712223053,
        "1": 0.894575297832489
    },
    "pair_chains_iptm": {
        "0": {
            "0": 0.906555712223053,
            "1": 0.43968793749809265
        },
        "1": {
            "0": 0.8475875854492188,
            "1": 0.894575297832489
        }
    }
}