{
    "affinity_pred_value": -0.48065245151519775,
    "affinity_probability_binary": 0.3722660541534424,
    "affinity_pred_value1": -0.5691424608230591,
    "affinity_probability_binary1": 0.24522970616817474,
    "affinity_pred_value2": -0.3921624422073364,
    "affinity_probability_binary2": 0.4993024170398712
}