{
    "confidence_score": 0.7320793867111206,
    "ptm": 0.9090515375137329,
    "iptm": 0.889039933681488,
    "ligand_iptm": 0.889039933681488,
    "protein_iptm": 0.0,
    "complex_plddt": 0.6928392052650452,
    "complex_iplddt": 0.5163272619247437,
    "complex_pde": 0.4980974495410919,
    "complex_ipde": 1.3605002164840698,
    "chains_ptm": {
        "0": 0.9137293696403503,
        "1": 0.8445428013801575
    },
    "pair_chains_iptm": {
        "0": {
            "0": 0.9137293696403503,
            "1": 0.353287935256958
        },
        "1": {
            "0": 0.889039933681488,
            "1": 0.8445428013801575
        }
    }
}