{
    "affinity_pred_value": 0.4631997346878052,
    "affinity_probability_binary": 0.13057094812393188,
    "affinity_pred_value1": 0.43449243903160095,
    "affinity_probability_binary1": 0.16918405890464783,
    "affinity_pred_value2": 0.4919070601463318,
    "affinity_probability_binary2": 0.09195782244205475
}