{
    "confidence_score": 0.7124552130699158,
    "ptm": 0.8822328448295593,
    "iptm": 0.7882077097892761,
    "ligand_iptm": 0.7882077097892761,
    "protein_iptm": 0.0,
    "complex_plddt": 0.6935170888900757,
    "complex_iplddt": 0.4695063829421997,
    "complex_pde": 0.7095334529876709,
    "complex_ipde": 2.4588260650634766,
    "chains_ptm": {
        "0": 0.9017064571380615,
        "1": 0.8338248133659363
    },
    "pair_chains_iptm": {
        "0": {
            "0": 0.9017064571380615,
            "1": 0.33637765049934387
        },
        "1": {
            "0": 0.7882077097892761,
            "1": 0.8338248133659363
        }
    }
}