{
    "affinity_pred_value": 0.0701044499874115,
    "affinity_probability_binary": 0.28908538818359375,
    "affinity_pred_value1": 0.6756719350814819,
    "affinity_probability_binary1": 0.25325807929039,
    "affinity_pred_value2": -0.5354630351066589,
    "affinity_probability_binary2": 0.3249126970767975
}