{
    "confidence_score": 0.8266748785972595,
    "ptm": 0.7724746465682983,
    "iptm": 0.8865823149681091,
    "ligand_iptm": 0.8865823149681091,
    "protein_iptm": 0.0,
    "complex_plddt": 0.8116979598999023,
    "complex_iplddt": 0.7855484485626221,
    "complex_pde": 0.6795615553855896,
    "complex_ipde": 2.2595462799072266,
    "chains_ptm": {
        "0": 0.7581068277359009,
        "1": 0.9359655380249023
    },
    "pair_chains_iptm": {
        "0": {
            "0": 0.7581068277359009,
            "1": 0.4102001488208771
        },
        "1": {
            "0": 0.8865823149681091,
            "1": 0.9359655380249023
        }
    }
}