{
    "affinity_pred_value": 0.38280054926872253,
    "affinity_probability_binary": 0.21231164038181305,
    "affinity_pred_value1": 0.9604291915893555,
    "affinity_probability_binary1": 0.21871884167194366,
    "affinity_pred_value2": -0.1948281079530716,
    "affinity_probability_binary2": 0.20590443909168243
}