{
    "confidence_score": 0.6748703718185425,
    "ptm": 0.8284644484519958,
    "iptm": 0.710696280002594,
    "ligand_iptm": 0.710696280002594,
    "protein_iptm": 0.0,
    "complex_plddt": 0.6659138798713684,
    "complex_iplddt": 0.4885924756526947,
    "complex_pde": 0.9256772398948669,
    "complex_ipde": 3.494779586791992,
    "chains_ptm": {
        "0": 0.8537087440490723,
        "1": 0.7729306817054749
    },
    "pair_chains_iptm": {
        "0": {
            "0": 0.8537087440490723,
            "1": 0.3557082414627075
        },
        "1": {
            "0": 0.710696280002594,
            "1": 0.7729306817054749
        }
    }
}