{
    "affinity_pred_value": 0.14081977307796478,
    "affinity_probability_binary": 0.29510498046875,
    "affinity_pred_value1": 0.6517258882522583,
    "affinity_probability_binary1": 0.29126930236816406,
    "affinity_pred_value2": -0.37008634209632874,
    "affinity_probability_binary2": 0.29894065856933594
}