{
    "confidence_score": 0.7503447532653809,
    "ptm": 0.7199034690856934,
    "iptm": 0.7981601357460022,
    "ligand_iptm": 0.7981601357460022,
    "protein_iptm": 0.0,
    "complex_plddt": 0.7383909225463867,
    "complex_iplddt": 0.5326353907585144,
    "complex_pde": 1.083228588104248,
    "complex_ipde": 3.4356515407562256,
    "chains_ptm": {
        "0": 0.7044218182563782,
        "1": 0.8892393112182617
    },
    "pair_chains_iptm": {
        "0": {
            "0": 0.7044218182563782,
            "1": 0.3143938481807709
        },
        "1": {
            "0": 0.7981601357460022,
            "1": 0.8892393112182617
        }
    }
}