{
    "affinity_pred_value": -1.5201408863067627,
    "affinity_probability_binary": 0.8856537342071533,
    "affinity_pred_value1": -1.8879203796386719,
    "affinity_probability_binary1": 0.9607351422309875,
    "affinity_pred_value2": -1.1523613929748535,
    "affinity_probability_binary2": 0.8105723261833191
}