{
    "confidence_score": 0.9409351348876953,
    "ptm": 0.9276369214057922,
    "iptm": 0.9827192425727844,
    "ligand_iptm": 0.9827192425727844,
    "protein_iptm": 0.0,
    "complex_plddt": 0.9304890632629395,
    "complex_iplddt": 0.931020200252533,
    "complex_pde": 0.49256807565689087,
    "complex_ipde": 0.4584978222846985,
    "chains_ptm": {
        "0": 0.9227145910263062,
        "1": 0.923919141292572
    },
    "pair_chains_iptm": {
        "0": {
            "0": 0.9227145910263062,
            "1": 0.6255402565002441
        },
        "1": {
            "0": 0.9827192425727844,
            "1": 0.923919141292572
        }
    }
}