{
    "affinity_pred_value": 0.4757124185562134,
    "affinity_probability_binary": 0.12708576023578644,
    "affinity_pred_value1": 0.20974279940128326,
    "affinity_probability_binary1": 0.1615278124809265,
    "affinity_pred_value2": 0.7416820526123047,
    "affinity_probability_binary2": 0.09264371544122696
}