{
    "confidence_score": 0.7104241251945496,
    "ptm": 0.9066161513328552,
    "iptm": 0.8275275230407715,
    "ligand_iptm": 0.8275275230407715,
    "protein_iptm": 0.0,
    "complex_plddt": 0.6811482906341553,
    "complex_iplddt": 0.4880160093307495,
    "complex_pde": 0.6089255213737488,
    "complex_ipde": 1.92814040184021,
    "chains_ptm": {
        "0": 0.9230523109436035,
        "1": 0.881497859954834
    },
    "pair_chains_iptm": {
        "0": {
            "0": 0.9230523109436035,
            "1": 0.43475452065467834
        },
        "1": {
            "0": 0.8275275230407715,
            "1": 0.881497859954834
        }
    }
}