{
    "affinity_pred_value": -0.08385221660137177,
    "affinity_probability_binary": 0.11269721388816833,
    "affinity_pred_value1": 0.0913260281085968,
    "affinity_probability_binary1": 0.10349133610725403,
    "affinity_pred_value2": -0.25903046131134033,
    "affinity_probability_binary2": 0.12190309166908264
}