{
    "confidence_score": 0.8035187125205994,
    "ptm": 0.7602737545967102,
    "iptm": 0.8951069712638855,
    "ligand_iptm": 0.8951069712638855,
    "protein_iptm": 0.0,
    "complex_plddt": 0.7806215882301331,
    "complex_iplddt": 0.6801474094390869,
    "complex_pde": 0.7861387133598328,
    "complex_ipde": 2.3265864849090576,
    "chains_ptm": {
        "0": 0.7342816591262817,
        "1": 0.8654894232749939
    },
    "pair_chains_iptm": {
        "0": {
            "0": 0.7342816591262817,
            "1": 0.3923685550689697
        },
        "1": {
            "0": 0.8951069712638855,
            "1": 0.8654894232749939
        }
    }
}