{
    "affinity_pred_value": -0.5446090698242188,
    "affinity_probability_binary": 0.3970460295677185,
    "affinity_pred_value1": -0.5505078434944153,
    "affinity_probability_binary1": 0.45906296372413635,
    "affinity_pred_value2": -0.538710355758667,
    "affinity_probability_binary2": 0.33502906560897827
}