{
    "confidence_score": 0.7356227040290833,
    "ptm": 0.8206186890602112,
    "iptm": 0.837187647819519,
    "ligand_iptm": 0.837187647819519,
    "protein_iptm": 0.0,
    "complex_plddt": 0.7102314829826355,
    "complex_iplddt": 0.542708694934845,
    "complex_pde": 0.8411610126495361,
    "complex_ipde": 2.5188751220703125,
    "chains_ptm": {
        "0": 0.8184573650360107,
        "1": 0.8067957162857056
    },
    "pair_chains_iptm": {
        "0": {
            "0": 0.8184573650360107,
            "1": 0.37324851751327515
        },
        "1": {
            "0": 0.837187647819519,
            "1": 0.8067957162857056
        }
    }
}