{
    "affinity_pred_value": 0.3881903290748596,
    "affinity_probability_binary": 0.22262848913669586,
    "affinity_pred_value1": 0.2487601935863495,
    "affinity_probability_binary1": 0.231266587972641,
    "affinity_pred_value2": 0.5276204943656921,
    "affinity_probability_binary2": 0.21399039030075073
}