{
    "confidence_score": 0.6934618353843689,
    "ptm": 0.8885166049003601,
    "iptm": 0.7825583219528198,
    "ligand_iptm": 0.7825583219528198,
    "protein_iptm": 0.0,
    "complex_plddt": 0.671187698841095,
    "complex_iplddt": 0.4846380949020386,
    "complex_pde": 0.7007219195365906,
    "complex_ipde": 2.7031655311584473,
    "chains_ptm": {
        "0": 0.9053990840911865,
        "1": 0.7986598610877991
    },
    "pair_chains_iptm": {
        "0": {
            "0": 0.9053990840911865,
            "1": 0.34830135107040405
        },
        "1": {
            "0": 0.7825583219528198,
            "1": 0.7986598610877991
        }
    }
}