{
    "affinity_pred_value": 0.012031516060233116,
    "affinity_probability_binary": 0.448186457157135,
    "affinity_pred_value1": 0.030397683382034302,
    "affinity_probability_binary1": 0.49131062626838684,
    "affinity_pred_value2": -0.0063346512615680695,
    "affinity_probability_binary2": 0.4050622880458832
}