{
    "confidence_score": 0.7089841365814209,
    "ptm": 0.8472906351089478,
    "iptm": 0.7809240818023682,
    "ligand_iptm": 0.7809240818023682,
    "protein_iptm": 0.0,
    "complex_plddt": 0.6909991502761841,
    "complex_iplddt": 0.5824450850486755,
    "complex_pde": 0.8867324590682983,
    "complex_ipde": 2.9309229850769043,
    "chains_ptm": {
        "0": 0.8630127906799316,
        "1": 0.9042837023735046
    },
    "pair_chains_iptm": {
        "0": {
            "0": 0.8630127906799316,
            "1": 0.44996970891952515
        },
        "1": {
            "0": 0.7809240818023682,
            "1": 0.9042837023735046
        }
    }
}