{
    "affinity_pred_value": 0.17559997737407684,
    "affinity_probability_binary": 0.2768211364746094,
    "affinity_pred_value1": 0.4124516248703003,
    "affinity_probability_binary1": 0.28972887992858887,
    "affinity_pred_value2": -0.06125166639685631,
    "affinity_probability_binary2": 0.26391342282295227
}