{
    "confidence_score": 0.6778932809829712,
    "ptm": 0.8381761908531189,
    "iptm": 0.8133683204650879,
    "ligand_iptm": 0.8133683204650879,
    "protein_iptm": 0.0,
    "complex_plddt": 0.6440244913101196,
    "complex_iplddt": 0.49346208572387695,
    "complex_pde": 0.8118683695793152,
    "complex_ipde": 2.2492194175720215,
    "chains_ptm": {
        "0": 0.8445476293563843,
        "1": 0.9160755276679993
    },
    "pair_chains_iptm": {
        "0": {
            "0": 0.8445476293563843,
            "1": 0.44875919818878174
        },
        "1": {
            "0": 0.8133683204650879,
            "1": 0.9160755276679993
        }
    }
}