{
    "affinity_pred_value": -0.05049312114715576,
    "affinity_probability_binary": 0.29701149463653564,
    "affinity_pred_value1": 0.36534589529037476,
    "affinity_probability_binary1": 0.296616792678833,
    "affinity_pred_value2": -0.4663321375846863,
    "affinity_probability_binary2": 0.2974061965942383
}