{
    "confidence_score": 0.6295372247695923,
    "ptm": 0.7684783935546875,
    "iptm": 0.6390546560287476,
    "ligand_iptm": 0.6390546560287476,
    "protein_iptm": 0.0,
    "complex_plddt": 0.6271578669548035,
    "complex_iplddt": 0.3839181661605835,
    "complex_pde": 1.0212523937225342,
    "complex_ipde": 3.120577812194824,
    "chains_ptm": {
        "0": 0.7958678603172302,
        "1": 0.8963093161582947
    },
    "pair_chains_iptm": {
        "0": {
            "0": 0.7958678603172302,
            "1": 0.36269912123680115
        },
        "1": {
            "0": 0.6390546560287476,
            "1": 0.8963093161582947
        }
    }
}