{
    "affinity_pred_value": 0.3741936981678009,
    "affinity_probability_binary": 0.09187527000904083,
    "affinity_pred_value1": 0.19762904942035675,
    "affinity_probability_binary1": 0.11685524135828018,
    "affinity_pred_value2": 0.5507583618164062,
    "affinity_probability_binary2": 0.06689530611038208
}