{
    "confidence_score": 0.7393276691436768,
    "ptm": 0.8679139614105225,
    "iptm": 0.8777880668640137,
    "ligand_iptm": 0.8777880668640137,
    "protein_iptm": 0.0,
    "complex_plddt": 0.7047125697135925,
    "complex_iplddt": 0.560265839099884,
    "complex_pde": 0.6841788291931152,
    "complex_ipde": 1.8295620679855347,
    "chains_ptm": {
        "0": 0.8675932288169861,
        "1": 0.9080145359039307
    },
    "pair_chains_iptm": {
        "0": {
            "0": 0.8675932288169861,
            "1": 0.47832080721855164
        },
        "1": {
            "0": 0.8777880668640137,
            "1": 0.9080145359039307
        }
    }
}