{
    "affinity_pred_value": 0.1905275583267212,
    "affinity_probability_binary": 0.3797997832298279,
    "affinity_pred_value1": 0.2086595743894577,
    "affinity_probability_binary1": 0.3432241976261139,
    "affinity_pred_value2": 0.1723955273628235,
    "affinity_probability_binary2": 0.41637539863586426
}