{
    "confidence_score": 0.706735372543335,
    "ptm": 0.8364244699478149,
    "iptm": 0.7498452067375183,
    "ligand_iptm": 0.7498452067375183,
    "protein_iptm": 0.0,
    "complex_plddt": 0.6959578990936279,
    "complex_iplddt": 0.49867960810661316,
    "complex_pde": 0.8593915104866028,
    "complex_ipde": 3.066937208175659,
    "chains_ptm": {
        "0": 0.8530325889587402,
        "1": 0.7755573987960815
    },
    "pair_chains_iptm": {
        "0": {
            "0": 0.8530325889587402,
            "1": 0.32858824729919434
        },
        "1": {
            "0": 0.7498452067375183,
            "1": 0.7755573987960815
        }
    }
}