{
    "affinity_pred_value": -1.7025115489959717,
    "affinity_probability_binary": 0.666278064250946,
    "affinity_pred_value1": -1.7796106338500977,
    "affinity_probability_binary1": 0.7051162123680115,
    "affinity_pred_value2": -1.6254124641418457,
    "affinity_probability_binary2": 0.6274399161338806
}