{
    "confidence_score": 0.9196491241455078,
    "ptm": 0.937322199344635,
    "iptm": 0.9629071950912476,
    "ligand_iptm": 0.9629071950912476,
    "protein_iptm": 0.0,
    "complex_plddt": 0.9088346362113953,
    "complex_iplddt": 0.8701920509338379,
    "complex_pde": 0.49896976351737976,
    "complex_ipde": 0.8962559103965759,
    "chains_ptm": {
        "0": 0.930250346660614,
        "1": 0.8487097024917603
    },
    "pair_chains_iptm": {
        "0": {
            "0": 0.930250346660614,
            "1": 0.6461360454559326
        },
        "1": {
            "0": 0.9629071950912476,
            "1": 0.8487097024917603
        }
    }
}