{
    "affinity_pred_value": 0.06706708669662476,
    "affinity_probability_binary": 0.32409679889678955,
    "affinity_pred_value1": -0.025935523211956024,
    "affinity_probability_binary1": 0.2349114716053009,
    "affinity_pred_value2": 0.16006968915462494,
    "affinity_probability_binary2": 0.4132821559906006
}