{
    "confidence_score": 0.8269292712211609,
    "ptm": 0.7381706833839417,
    "iptm": 0.8674317598342896,
    "ligand_iptm": 0.8674317598342896,
    "protein_iptm": 0.0,
    "complex_plddt": 0.8168036341667175,
    "complex_iplddt": 0.7296809554100037,
    "complex_pde": 0.8322115540504456,
    "complex_ipde": 2.6784024238586426,
    "chains_ptm": {
        "0": 0.7214493751525879,
        "1": 0.8385982513427734
    },
    "pair_chains_iptm": {
        "0": {
            "0": 0.7214493751525879,
            "1": 0.3093322217464447
        },
        "1": {
            "0": 0.8674317598342896,
            "1": 0.8385982513427734
        }
    }
}