{
    "affinity_pred_value": -0.4201096296310425,
    "affinity_probability_binary": 0.23013365268707275,
    "affinity_pred_value1": -0.4316215217113495,
    "affinity_probability_binary1": 0.18543420732021332,
    "affinity_pred_value2": -0.40859776735305786,
    "affinity_probability_binary2": 0.274833083152771
}