{
    "confidence_score": 0.7647241950035095,
    "ptm": 0.7799333333969116,
    "iptm": 0.8951351046562195,
    "ligand_iptm": 0.8951351046562195,
    "protein_iptm": 0.0,
    "complex_plddt": 0.732121467590332,
    "complex_iplddt": 0.4783474802970886,
    "complex_pde": 0.6809927821159363,
    "complex_ipde": 1.9206771850585938,
    "chains_ptm": {
        "0": 0.7543020844459534,
        "1": 0.8989272117614746
    },
    "pair_chains_iptm": {
        "0": {
            "0": 0.7543020844459534,
            "1": 0.4382302761077881
        },
        "1": {
            "0": 0.8951351046562195,
            "1": 0.8989272117614746
        }
    }
}