{
    "affinity_pred_value": -1.480527639389038,
    "affinity_probability_binary": 0.6317082047462463,
    "affinity_pred_value1": -1.4149473905563354,
    "affinity_probability_binary1": 0.5654594302177429,
    "affinity_pred_value2": -1.5461077690124512,
    "affinity_probability_binary2": 0.6979569792747498
}