{
    "confidence_score": 0.9068418741226196,
    "ptm": 0.9335706233978271,
    "iptm": 0.9635486602783203,
    "ligand_iptm": 0.9635486602783203,
    "protein_iptm": 0.0,
    "complex_plddt": 0.8926650881767273,
    "complex_iplddt": 0.831047534942627,
    "complex_pde": 0.5188436508178711,
    "complex_ipde": 0.9612174034118652,
    "chains_ptm": {
        "0": 0.9255535006523132,
        "1": 0.7516805529594421
    },
    "pair_chains_iptm": {
        "0": {
            "0": 0.9255535006523132,
            "1": 0.6306343674659729
        },
        "1": {
            "0": 0.9635486602783203,
            "1": 0.7516805529594421
        }
    }
}