{
    "affinity_pred_value": 0.08940386772155762,
    "affinity_probability_binary": 0.25168436765670776,
    "affinity_pred_value1": 0.17478355765342712,
    "affinity_probability_binary1": 0.2547229826450348,
    "affinity_pred_value2": 0.004024174064397812,
    "affinity_probability_binary2": 0.24864576756954193
}