{
    "confidence_score": 0.7185845375061035,
    "ptm": 0.8323958516120911,
    "iptm": 0.780100405216217,
    "ligand_iptm": 0.780100405216217,
    "protein_iptm": 0.0,
    "complex_plddt": 0.7032055854797363,
    "complex_iplddt": 0.5852380394935608,
    "complex_pde": 0.7965070605278015,
    "complex_ipde": 3.0171189308166504,
    "chains_ptm": {
        "0": 0.8521095514297485,
        "1": 0.8735421299934387
    },
    "pair_chains_iptm": {
        "0": {
            "0": 0.8521095514297485,
            "1": 0.3666580319404602
        },
        "1": {
            "0": 0.780100405216217,
            "1": 0.8735421299934387
        }
    }
}