{
    "affinity_pred_value": -1.891808271408081,
    "affinity_probability_binary": 0.9665970802307129,
    "affinity_pred_value1": -2.0693492889404297,
    "affinity_probability_binary1": 0.9871970415115356,
    "affinity_pred_value2": -1.7142671346664429,
    "affinity_probability_binary2": 0.9459971785545349
}