{
    "confidence_score": 0.9239420294761658,
    "ptm": 0.9431005716323853,
    "iptm": 0.9488286375999451,
    "ligand_iptm": 0.9488286375999451,
    "protein_iptm": 0.0,
    "complex_plddt": 0.917720377445221,
    "complex_iplddt": 0.8546165227890015,
    "complex_pde": 0.4629373252391815,
    "complex_ipde": 0.6848806142807007,
    "chains_ptm": {
        "0": 0.9420766830444336,
        "1": 0.8058591485023499
    },
    "pair_chains_iptm": {
        "0": {
            "0": 0.9420766830444336,
            "1": 0.6589984893798828
        },
        "1": {
            "0": 0.9488286375999451,
            "1": 0.8058591485023499
        }
    }
}