{
    "affinity_pred_value": 0.7800562381744385,
    "affinity_probability_binary": 0.16913697123527527,
    "affinity_pred_value1": 0.8818792104721069,
    "affinity_probability_binary1": 0.13631975650787354,
    "affinity_pred_value2": 0.6782332062721252,
    "affinity_probability_binary2": 0.201954185962677
}