{
    "confidence_score": 0.7408410310745239,
    "ptm": 0.8708657622337341,
    "iptm": 0.8087003231048584,
    "ligand_iptm": 0.8087003231048584,
    "protein_iptm": 0.0,
    "complex_plddt": 0.7238761782646179,
    "complex_iplddt": 0.5199905037879944,
    "complex_pde": 0.7407903671264648,
    "complex_ipde": 2.5325043201446533,
    "chains_ptm": {
        "0": 0.8817672729492188,
        "1": 0.7586832046508789
    },
    "pair_chains_iptm": {
        "0": {
            "0": 0.8817672729492188,
            "1": 0.3244142234325409
        },
        "1": {
            "0": 0.8087003231048584,
            "1": 0.7586832046508789
        }
    }
}