{
    "affinity_pred_value": -0.07632032036781311,
    "affinity_probability_binary": 0.11554941534996033,
    "affinity_pred_value1": 0.09585386514663696,
    "affinity_probability_binary1": 0.10367783904075623,
    "affinity_pred_value2": -0.24849450588226318,
    "affinity_probability_binary2": 0.12742099165916443
}