{
    "confidence_score": 0.6963013410568237,
    "ptm": 0.8855590224266052,
    "iptm": 0.7501245141029358,
    "ligand_iptm": 0.7501245141029358,
    "protein_iptm": 0.0,
    "complex_plddt": 0.6828455328941345,
    "complex_iplddt": 0.5127881765365601,
    "complex_pde": 0.7162516713142395,
    "complex_ipde": 2.9010419845581055,
    "chains_ptm": {
        "0": 0.9136791229248047,
        "1": 0.812807023525238
    },
    "pair_chains_iptm": {
        "0": {
            "0": 0.9136791229248047,
            "1": 0.3139682412147522
        },
        "1": {
            "0": 0.7501245141029358,
            "1": 0.812807023525238
        }
    }
}