{
    "affinity_pred_value": 0.014402045868337154,
    "affinity_probability_binary": 0.8074977993965149,
    "affinity_pred_value1": -0.0197246503084898,
    "affinity_probability_binary1": 0.8498952388763428,
    "affinity_pred_value2": 0.04852874204516411,
    "affinity_probability_binary2": 0.765100359916687
}