{
    "confidence_score": 0.9250761866569519,
    "ptm": 0.9429011940956116,
    "iptm": 0.9503575563430786,
    "ligand_iptm": 0.9503575563430786,
    "protein_iptm": 0.0,
    "complex_plddt": 0.9187558889389038,
    "complex_iplddt": 0.866229772567749,
    "complex_pde": 0.4882186949253082,
    "complex_ipde": 0.7383831143379211,
    "chains_ptm": {
        "0": 0.9416861534118652,
        "1": 0.8547125458717346
    },
    "pair_chains_iptm": {
        "0": {
            "0": 0.9416861534118652,
            "1": 0.604254961013794
        },
        "1": {
            "0": 0.9503575563430786,
            "1": 0.8547125458717346
        }
    }
}