{
    "affinity_pred_value": 1.2277851104736328,
    "affinity_probability_binary": 0.31414926052093506,
    "affinity_pred_value1": 1.4754225015640259,
    "affinity_probability_binary1": 0.2108282446861267,
    "affinity_pred_value2": 0.9801477193832397,
    "affinity_probability_binary2": 0.4174703061580658
}