{
    "confidence_score": 0.928290843963623,
    "ptm": 0.9464805722236633,
    "iptm": 0.9718801379203796,
    "ligand_iptm": 0.9718801379203796,
    "protein_iptm": 0.0,
    "complex_plddt": 0.9173935055732727,
    "complex_iplddt": 0.8726292252540588,
    "complex_pde": 0.4528736472129822,
    "complex_ipde": 0.6659045219421387,
    "chains_ptm": {
        "0": 0.9424814581871033,
        "1": 0.8413512706756592
    },
    "pair_chains_iptm": {
        "0": {
            "0": 0.9424814581871033,
            "1": 0.5096766352653503
        },
        "1": {
            "0": 0.9718801379203796,
            "1": 0.8413512706756592
        }
    }
}