{
    "affinity_pred_value": 0.06982415914535522,
    "affinity_probability_binary": 0.6939569115638733,
    "affinity_pred_value1": 0.2605815529823303,
    "affinity_probability_binary1": 0.8327966928482056,
    "affinity_pred_value2": -0.12093323469161987,
    "affinity_probability_binary2": 0.555117130279541
}