{
    "confidence_score": 0.9461981654167175,
    "ptm": 0.9515712261199951,
    "iptm": 0.9747989177703857,
    "ligand_iptm": 0.9747989177703857,
    "protein_iptm": 0.0,
    "complex_plddt": 0.9390479922294617,
    "complex_iplddt": 0.9124599099159241,
    "complex_pde": 0.41556838154792786,
    "complex_ipde": 0.5822739601135254,
    "chains_ptm": {
        "0": 0.9481116533279419,
        "1": 0.9006983637809753
    },
    "pair_chains_iptm": {
        "0": {
            "0": 0.9481116533279419,
            "1": 0.7030061483383179
        },
        "1": {
            "0": 0.9747989177703857,
            "1": 0.9006983637809753
        }
    }
}