{
    "affinity_pred_value": -0.09765112400054932,
    "affinity_probability_binary": 0.3724289834499359,
    "affinity_pred_value1": 0.5733500123023987,
    "affinity_probability_binary1": 0.2353515774011612,
    "affinity_pred_value2": -0.7686522603034973,
    "affinity_probability_binary2": 0.5095064043998718
}