{
    "confidence_score": 0.7841023802757263,
    "ptm": 0.7760470509529114,
    "iptm": 0.9089067578315735,
    "ligand_iptm": 0.9089067578315735,
    "protein_iptm": 0.0,
    "complex_plddt": 0.7529013156890869,
    "complex_iplddt": 0.5965430736541748,
    "complex_pde": 0.6704888939857483,
    "complex_ipde": 1.622334361076355,
    "chains_ptm": {
        "0": 0.7517316937446594,
        "1": 0.9191569089889526
    },
    "pair_chains_iptm": {
        "0": {
            "0": 0.7517316937446594,
            "1": 0.4995759129524231
        },
        "1": {
            "0": 0.9089067578315735,
            "1": 0.9191569089889526
        }
    }
}