{
    "affinity_pred_value": -1.043919563293457,
    "affinity_probability_binary": 0.9144164323806763,
    "affinity_pred_value1": -1.4663852453231812,
    "affinity_probability_binary1": 0.9194919466972351,
    "affinity_pred_value2": -0.6214540004730225,
    "affinity_probability_binary2": 0.9093409776687622
}