{
    "confidence_score": 0.9164347052574158,
    "ptm": 0.9234137535095215,
    "iptm": 0.9857734441757202,
    "ligand_iptm": 0.9857734441757202,
    "protein_iptm": 0.0,
    "complex_plddt": 0.8991000056266785,
    "complex_iplddt": 0.9069976806640625,
    "complex_pde": 0.3591559827327728,
    "complex_ipde": 0.442287802696228,
    "chains_ptm": {
        "0": 0.9137040376663208,
        "1": 0.8885510563850403
    },
    "pair_chains_iptm": {
        "0": {
            "0": 0.9137040376663208,
            "1": 0.7375674843788147
        },
        "1": {
            "0": 0.9857734441757202,
            "1": 0.8885510563850403
        }
    }
}