{
    "affinity_pred_value": 0.8069491386413574,
    "affinity_probability_binary": 0.0937308669090271,
    "affinity_pred_value1": 0.7302642464637756,
    "affinity_probability_binary1": 0.031981922686100006,
    "affinity_pred_value2": 0.8836340308189392,
    "affinity_probability_binary2": 0.1554798185825348
}