{
    "confidence_score": 0.8089101910591125,
    "ptm": 0.7519869804382324,
    "iptm": 0.8621540069580078,
    "ligand_iptm": 0.8621540069580078,
    "protein_iptm": 0.0,
    "complex_plddt": 0.7955992817878723,
    "complex_iplddt": 0.6378993988037109,
    "complex_pde": 0.9067955613136292,
    "complex_ipde": 3.4534456729888916,
    "chains_ptm": {
        "0": 0.7358072400093079,
        "1": 0.8888950943946838
    },
    "pair_chains_iptm": {
        "0": {
            "0": 0.7358072400093079,
            "1": 0.35521507263183594
        },
        "1": {
            "0": 0.8621540069580078,
            "1": 0.8888950943946838
        }
    }
}