{
    "affinity_pred_value": 0.46846532821655273,
    "affinity_probability_binary": 0.2188168466091156,
    "affinity_pred_value1": 0.4442247152328491,
    "affinity_probability_binary1": 0.2276768982410431,
    "affinity_pred_value2": 0.49270594120025635,
    "affinity_probability_binary2": 0.2099567949771881
}