{
    "confidence_score": 0.7221890091896057,
    "ptm": 0.839375913143158,
    "iptm": 0.7993710041046143,
    "ligand_iptm": 0.7993710041046143,
    "protein_iptm": 0.0,
    "complex_plddt": 0.7028934955596924,
    "complex_iplddt": 0.5457695722579956,
    "complex_pde": 0.8103444576263428,
    "complex_ipde": 2.9939801692962646,
    "chains_ptm": {
        "0": 0.8463109135627747,
        "1": 0.7949933409690857
    },
    "pair_chains_iptm": {
        "0": {
            "0": 0.8463109135627747,
            "1": 0.33829912543296814
        },
        "1": {
            "0": 0.7993710041046143,
            "1": 0.7949933409690857
        }
    }
}