{
    "affinity_pred_value": 0.18425890803337097,
    "affinity_probability_binary": 0.2996109127998352,
    "affinity_pred_value1": 0.4026362895965576,
    "affinity_probability_binary1": 0.23501066863536835,
    "affinity_pred_value2": -0.03411847725510597,
    "affinity_probability_binary2": 0.36421117186546326
}