{
    "confidence_score": 0.6872982978820801,
    "ptm": 0.8277819752693176,
    "iptm": 0.7735885381698608,
    "ligand_iptm": 0.7735885381698608,
    "protein_iptm": 0.0,
    "complex_plddt": 0.6657257080078125,
    "complex_iplddt": 0.48121005296707153,
    "complex_pde": 0.9341449737548828,
    "complex_ipde": 2.852202892303467,
    "chains_ptm": {
        "0": 0.8409820199012756,
        "1": 0.7206745743751526
    },
    "pair_chains_iptm": {
        "0": {
            "0": 0.8409820199012756,
            "1": 0.3999042510986328
        },
        "1": {
            "0": 0.7735885381698608,
            "1": 0.7206745743751526
        }
    }
}