{
    "affinity_pred_value": -0.015266962349414825,
    "affinity_probability_binary": 0.4690577983856201,
    "affinity_pred_value1": -0.19605380296707153,
    "affinity_probability_binary1": 0.5134785771369934,
    "affinity_pred_value2": 0.16551987826824188,
    "affinity_probability_binary2": 0.4246370494365692
}