{
    "confidence_score": 0.7864552736282349,
    "ptm": 0.7414333820343018,
    "iptm": 0.7827433347702026,
    "ligand_iptm": 0.7827433347702026,
    "protein_iptm": 0.0,
    "complex_plddt": 0.7873832583427429,
    "complex_iplddt": 0.5975592732429504,
    "complex_pde": 0.8757297992706299,
    "complex_ipde": 2.8988656997680664,
    "chains_ptm": {
        "0": 0.7360633015632629,
        "1": 0.7568369507789612
    },
    "pair_chains_iptm": {
        "0": {
            "0": 0.7360633015632629,
            "1": 0.38947486877441406
        },
        "1": {
            "0": 0.7827433347702026,
            "1": 0.7568369507789612
        }
    }
}