{
    "affinity_pred_value": 0.6863133907318115,
    "affinity_probability_binary": 0.3881381154060364,
    "affinity_pred_value1": 0.7680076956748962,
    "affinity_probability_binary1": 0.47016674280166626,
    "affinity_pred_value2": 0.6046190857887268,
    "affinity_probability_binary2": 0.3061095178127289
}