{
    "confidence_score": 0.7160296440124512,
    "ptm": 0.8970038294792175,
    "iptm": 0.8062559366226196,
    "ligand_iptm": 0.8062559366226196,
    "protein_iptm": 0.0,
    "complex_plddt": 0.6934731006622314,
    "complex_iplddt": 0.5537947416305542,
    "complex_pde": 0.6211183667182922,
    "complex_ipde": 2.5394062995910645,
    "chains_ptm": {
        "0": 0.9185677766799927,
        "1": 0.8944403529167175
    },
    "pair_chains_iptm": {
        "0": {
            "0": 0.9185677766799927,
            "1": 0.42479389905929565
        },
        "1": {
            "0": 0.8062559366226196,
            "1": 0.8944403529167175
        }
    }
}