{
    "affinity_pred_value": 0.5640116333961487,
    "affinity_probability_binary": 0.4200237989425659,
    "affinity_pred_value1": 0.3373527228832245,
    "affinity_probability_binary1": 0.32843825221061707,
    "affinity_pred_value2": 0.7906705737113953,
    "affinity_probability_binary2": 0.5116093754768372
}