{
    "confidence_score": 0.8645445108413696,
    "ptm": 0.9158140420913696,
    "iptm": 0.9418761730194092,
    "ligand_iptm": 0.9418761730194092,
    "protein_iptm": 0.0,
    "complex_plddt": 0.8452115654945374,
    "complex_iplddt": 0.7233285307884216,
    "complex_pde": 0.46531566977500916,
    "complex_ipde": 0.7687628269195557,
    "chains_ptm": {
        "0": 0.9096205234527588,
        "1": 0.8168717622756958
    },
    "pair_chains_iptm": {
        "0": {
            "0": 0.9096205234527588,
            "1": 0.661162257194519
        },
        "1": {
            "0": 0.9418761730194092,
            "1": 0.8168717622756958
        }
    }
}