{
    "affinity_pred_value": 0.14116361737251282,
    "affinity_probability_binary": 0.24690580368041992,
    "affinity_pred_value1": 0.12455254793167114,
    "affinity_probability_binary1": 0.2507016360759735,
    "affinity_pred_value2": 0.15777470171451569,
    "affinity_probability_binary2": 0.24310995638370514
}