{
    "confidence_score": 0.7126945853233337,
    "ptm": 0.8468289971351624,
    "iptm": 0.8263505101203918,
    "ligand_iptm": 0.8263505101203918,
    "protein_iptm": 0.0,
    "complex_plddt": 0.6842805743217468,
    "complex_iplddt": 0.47545352578163147,
    "complex_pde": 0.7529447078704834,
    "complex_ipde": 2.5590763092041016,
    "chains_ptm": {
        "0": 0.8540898561477661,
        "1": 0.7956961989402771
    },
    "pair_chains_iptm": {
        "0": {
            "0": 0.8540898561477661,
            "1": 0.3998119533061981
        },
        "1": {
            "0": 0.8263505101203918,
            "1": 0.7956961989402771
        }
    }
}