{
    "affinity_pred_value": -1.863264560699463,
    "affinity_probability_binary": 0.9799944758415222,
    "affinity_pred_value1": -2.497251033782959,
    "affinity_probability_binary1": 0.9988828301429749,
    "affinity_pred_value2": -1.2292780876159668,
    "affinity_probability_binary2": 0.9611061215400696
}