{
    "confidence_score": 0.9481176733970642,
    "ptm": 0.9306669235229492,
    "iptm": 0.9803428053855896,
    "ligand_iptm": 0.9803428053855896,
    "protein_iptm": 0.0,
    "complex_plddt": 0.9400613307952881,
    "complex_iplddt": 0.916489839553833,
    "complex_pde": 0.46962496638298035,
    "complex_ipde": 0.5803923010826111,
    "chains_ptm": {
        "0": 0.9245365858078003,
        "1": 0.9189233183860779
    },
    "pair_chains_iptm": {
        "0": {
            "0": 0.9245365858078003,
            "1": 0.5745157599449158
        },
        "1": {
            "0": 0.9803428053855896,
            "1": 0.9189233183860779
        }
    }
}