{
    "affinity_pred_value": 0.24353529512882233,
    "affinity_probability_binary": 0.4682843089103699,
    "affinity_pred_value1": 0.3715129494667053,
    "affinity_probability_binary1": 0.4017219841480255,
    "affinity_pred_value2": 0.11555764079093933,
    "affinity_probability_binary2": 0.5348466634750366
}