{
    "confidence_score": 0.912707507610321,
    "ptm": 0.8997880816459656,
    "iptm": 0.9762961864471436,
    "ligand_iptm": 0.9762961864471436,
    "protein_iptm": 0.0,
    "complex_plddt": 0.8968103528022766,
    "complex_iplddt": 0.8805370330810547,
    "complex_pde": 0.4591590464115143,
    "complex_ipde": 0.6301764249801636,
    "chains_ptm": {
        "0": 0.8893698453903198,
        "1": 0.891514003276825
    },
    "pair_chains_iptm": {
        "0": {
            "0": 0.8893698453903198,
            "1": 0.6145009994506836
        },
        "1": {
            "0": 0.9762961864471436,
            "1": 0.891514003276825
        }
    }
}