{
    "affinity_pred_value": -0.3514735698699951,
    "affinity_probability_binary": 0.20813319087028503,
    "affinity_pred_value1": 0.34506869316101074,
    "affinity_probability_binary1": 0.13356761634349823,
    "affinity_pred_value2": -1.048015832901001,
    "affinity_probability_binary2": 0.28269875049591064
}