{
    "confidence_score": 0.7229116559028625,
    "ptm": 0.9307701587677002,
    "iptm": 0.8840163946151733,
    "ligand_iptm": 0.8840163946151733,
    "protein_iptm": 0.0,
    "complex_plddt": 0.6826354265213013,
    "complex_iplddt": 0.47289472818374634,
    "complex_pde": 0.46207329630851746,
    "complex_ipde": 1.3444961309432983,
    "chains_ptm": {
        "0": 0.9398533701896667,
        "1": 0.8431004881858826
    },
    "pair_chains_iptm": {
        "0": {
            "0": 0.9398533701896667,
            "1": 0.48748302459716797
        },
        "1": {
            "0": 0.8840163946151733,
            "1": 0.8431004881858826
        }
    }
}