{
    "affinity_pred_value": 0.07355394959449768,
    "affinity_probability_binary": 0.17256613075733185,
    "affinity_pred_value1": 0.8388804793357849,
    "affinity_probability_binary1": 0.16592679917812347,
    "affinity_pred_value2": -0.6917725801467896,
    "affinity_probability_binary2": 0.17920546233654022
}