{
    "confidence_score": 0.7415238618850708,
    "ptm": 0.9382692575454712,
    "iptm": 0.9311157464981079,
    "ligand_iptm": 0.9311157464981079,
    "protein_iptm": 0.0,
    "complex_plddt": 0.6941258907318115,
    "complex_iplddt": 0.5427621006965637,
    "complex_pde": 0.4015575349330902,
    "complex_ipde": 0.721693754196167,
    "chains_ptm": {
        "0": 0.9408687949180603,
        "1": 0.9273423552513123
    },
    "pair_chains_iptm": {
        "0": {
            "0": 0.9408687949180603,
            "1": 0.6231390833854675
        },
        "1": {
            "0": 0.9311157464981079,
            "1": 0.9273423552513123
        }
    }
}