{
    "affinity_pred_value": -0.0338129848241806,
    "affinity_probability_binary": 0.13668030500411987,
    "affinity_pred_value1": 0.43996015191078186,
    "affinity_probability_binary1": 0.09496232867240906,
    "affinity_pred_value2": -0.5075861215591431,
    "affinity_probability_binary2": 0.17839829623699188
}