{
    "confidence_score": 0.7339368462562561,
    "ptm": 0.8477212190628052,
    "iptm": 0.8973398804664612,
    "ligand_iptm": 0.8973398804664612,
    "protein_iptm": 0.0,
    "complex_plddt": 0.6930860877037048,
    "complex_iplddt": 0.5384356379508972,
    "complex_pde": 0.6794420480728149,
    "complex_ipde": 1.8717347383499146,
    "chains_ptm": {
        "0": 0.839152455329895,
        "1": 0.8464920520782471
    },
    "pair_chains_iptm": {
        "0": {
            "0": 0.839152455329895,
            "1": 0.4526978135108948
        },
        "1": {
            "0": 0.8973398804664612,
            "1": 0.8464920520782471
        }
    }
}