{
    "affinity_pred_value": 0.28644436597824097,
    "affinity_probability_binary": 0.4602152109146118,
    "affinity_pred_value1": 0.47545135021209717,
    "affinity_probability_binary1": 0.4750760495662689,
    "affinity_pred_value2": 0.09743739664554596,
    "affinity_probability_binary2": 0.4453543424606323
}