{
    "confidence_score": 0.7556479573249817,
    "ptm": 0.9074767231941223,
    "iptm": 0.8943669199943542,
    "ligand_iptm": 0.8943669199943542,
    "protein_iptm": 0.0,
    "complex_plddt": 0.7209681868553162,
    "complex_iplddt": 0.632628858089447,
    "complex_pde": 0.5440638661384583,
    "complex_ipde": 1.4284708499908447,
    "chains_ptm": {
        "0": 0.9099249243736267,
        "1": 0.8565618991851807
    },
    "pair_chains_iptm": {
        "0": {
            "0": 0.9099249243736267,
            "1": 0.47866886854171753
        },
        "1": {
            "0": 0.8943669199943542,
            "1": 0.8565618991851807
        }
    }
}