{
    "affinity_pred_value": 0.029492728412151337,
    "affinity_probability_binary": 0.729082465171814,
    "affinity_pred_value1": -0.07127641141414642,
    "affinity_probability_binary1": 0.706516683101654,
    "affinity_pred_value2": 0.1302618682384491,
    "affinity_probability_binary2": 0.7516482472419739
}