{
    "confidence_score": 0.9253653883934021,
    "ptm": 0.9495972394943237,
    "iptm": 0.9503685832023621,
    "ligand_iptm": 0.9503685832023621,
    "protein_iptm": 0.0,
    "complex_plddt": 0.9191145896911621,
    "complex_iplddt": 0.8705466389656067,
    "complex_pde": 0.44291943311691284,
    "complex_ipde": 0.6717023253440857,
    "chains_ptm": {
        "0": 0.9495396018028259,
        "1": 0.8671828508377075
    },
    "pair_chains_iptm": {
        "0": {
            "0": 0.9495396018028259,
            "1": 0.5838525295257568
        },
        "1": {
            "0": 0.9503685832023621,
            "1": 0.8671828508377075
        }
    }
}