{
    "affinity_pred_value": 0.6493839621543884,
    "affinity_probability_binary": 0.3823482394218445,
    "affinity_pred_value1": 1.0455056428909302,
    "affinity_probability_binary1": 0.27594703435897827,
    "affinity_pred_value2": 0.2532622516155243,
    "affinity_probability_binary2": 0.4887494444847107
}