{
    "confidence_score": 0.7398468852043152,
    "ptm": 0.9438615441322327,
    "iptm": 0.883845329284668,
    "ligand_iptm": 0.883845329284668,
    "protein_iptm": 0.0,
    "complex_plddt": 0.7038472294807434,
    "complex_iplddt": 0.6373347043991089,
    "complex_pde": 0.46477243304252625,
    "complex_ipde": 1.528512716293335,
    "chains_ptm": {
        "0": 0.9529910087585449,
        "1": 0.8562332391738892
    },
    "pair_chains_iptm": {
        "0": {
            "0": 0.9529910087585449,
            "1": 0.47263503074645996
        },
        "1": {
            "0": 0.883845329284668,
            "1": 0.8562332391738892
        }
    }
}