{
    "affinity_pred_value": -0.9682830572128296,
    "affinity_probability_binary": 0.8972822427749634,
    "affinity_pred_value1": -1.1166826486587524,
    "affinity_probability_binary1": 0.8857072591781616,
    "affinity_pred_value2": -0.8198835253715515,
    "affinity_probability_binary2": 0.9088572859764099
}