{
    "confidence_score": 0.922051727771759,
    "ptm": 0.9218311905860901,
    "iptm": 0.9845268130302429,
    "ligand_iptm": 0.9845268130302429,
    "protein_iptm": 0.0,
    "complex_plddt": 0.9064329862594604,
    "complex_iplddt": 0.9072799682617188,
    "complex_pde": 0.37839916348457336,
    "complex_ipde": 0.48505139350891113,
    "chains_ptm": {
        "0": 0.9129043221473694,
        "1": 0.9664791226387024
    },
    "pair_chains_iptm": {
        "0": {
            "0": 0.9129043221473694,
            "1": 0.7704128623008728
        },
        "1": {
            "0": 0.9845268130302429,
            "1": 0.9664791226387024
        }
    }
}