{
    "affinity_pred_value": 0.6980565190315247,
    "affinity_probability_binary": 0.43463462591171265,
    "affinity_pred_value1": 0.7825503945350647,
    "affinity_probability_binary1": 0.42727404832839966,
    "affinity_pred_value2": 0.6135626435279846,
    "affinity_probability_binary2": 0.441995233297348
}