{
    "confidence_score": 0.7578151822090149,
    "ptm": 0.9217812418937683,
    "iptm": 0.9365301132202148,
    "ligand_iptm": 0.9365301132202148,
    "protein_iptm": 0.0,
    "complex_plddt": 0.7131364345550537,
    "complex_iplddt": 0.6221609711647034,
    "complex_pde": 0.4981108009815216,
    "complex_ipde": 1.1739307641983032,
    "chains_ptm": {
        "0": 0.9198819994926453,
        "1": 0.9074997305870056
    },
    "pair_chains_iptm": {
        "0": {
            "0": 0.9198819994926453,
            "1": 0.5896137952804565
        },
        "1": {
            "0": 0.9365301132202148,
            "1": 0.9074997305870056
        }
    }
}