{
    "affinity_pred_value": 0.4109642803668976,
    "affinity_probability_binary": 0.34014010429382324,
    "affinity_pred_value1": 0.373925119638443,
    "affinity_probability_binary1": 0.26997143030166626,
    "affinity_pred_value2": 0.4480034410953522,
    "affinity_probability_binary2": 0.41030874848365784
}