{
    "confidence_score": 0.8240178227424622,
    "ptm": 0.7657350301742554,
    "iptm": 0.9266480803489685,
    "ligand_iptm": 0.9266480803489685,
    "protein_iptm": 0.0,
    "complex_plddt": 0.798360288143158,
    "complex_iplddt": 0.7478145360946655,
    "complex_pde": 0.7224777936935425,
    "complex_ipde": 2.141148805618286,
    "chains_ptm": {
        "0": 0.7385930418968201,
        "1": 0.8732422590255737
    },
    "pair_chains_iptm": {
        "0": {
            "0": 0.7385930418968201,
            "1": 0.3649110198020935
        },
        "1": {
            "0": 0.9266480803489685,
            "1": 0.8732422590255737
        }
    }
}