{
    "affinity_pred_value": -2.250436305999756,
    "affinity_probability_binary": 0.9733330011367798,
    "affinity_pred_value1": -2.672421455383301,
    "affinity_probability_binary1": 0.993509829044342,
    "affinity_pred_value2": -1.82845139503479,
    "affinity_probability_binary2": 0.9531562328338623
}