{
    "confidence_score": 0.9436106085777283,
    "ptm": 0.9523996114730835,
    "iptm": 0.9619009494781494,
    "ligand_iptm": 0.9619009494781494,
    "protein_iptm": 0.0,
    "complex_plddt": 0.9390379190444946,
    "complex_iplddt": 0.9162055850028992,
    "complex_pde": 0.43687915802001953,
    "complex_ipde": 0.7330502271652222,
    "chains_ptm": {
        "0": 0.9510248303413391,
        "1": 0.9176599979400635
    },
    "pair_chains_iptm": {
        "0": {
            "0": 0.9510248303413391,
            "1": 0.7036632299423218
        },
        "1": {
            "0": 0.9619009494781494,
            "1": 0.9176599979400635
        }
    }
}