{
    "affinity_pred_value": 0.17752444744110107,
    "affinity_probability_binary": 0.7060720920562744,
    "affinity_pred_value1": -0.3496895432472229,
    "affinity_probability_binary1": 0.7885681390762329,
    "affinity_pred_value2": 0.704738438129425,
    "affinity_probability_binary2": 0.6235760450363159
}