{
    "confidence_score": 0.9400226473808289,
    "ptm": 0.948104739189148,
    "iptm": 0.9873384237289429,
    "ligand_iptm": 0.9873384237289429,
    "protein_iptm": 0.0,
    "complex_plddt": 0.9281936883926392,
    "complex_iplddt": 0.9151818752288818,
    "complex_pde": 0.4122099280357361,
    "complex_ipde": 0.4046257734298706,
    "chains_ptm": {
        "0": 0.9443632960319519,
        "1": 0.9581654071807861
    },
    "pair_chains_iptm": {
        "0": {
            "0": 0.9443632960319519,
            "1": 0.6815778017044067
        },
        "1": {
            "0": 0.9873384237289429,
            "1": 0.9581654071807861
        }
    }
}