{
    "affinity_pred_value": -1.0527093410491943,
    "affinity_probability_binary": 0.42118197679519653,
    "affinity_pred_value1": -0.8271474838256836,
    "affinity_probability_binary1": 0.27172473073005676,
    "affinity_pred_value2": -1.278271198272705,
    "affinity_probability_binary2": 0.5706392526626587
}