{
    "confidence_score": 0.7725504040718079,
    "ptm": 0.7708525061607361,
    "iptm": 0.8745959997177124,
    "ligand_iptm": 0.8745959997177124,
    "protein_iptm": 0.0,
    "complex_plddt": 0.7470390200614929,
    "complex_iplddt": 0.5040654540061951,
    "complex_pde": 0.740150511264801,
    "complex_ipde": 2.16341495513916,
    "chains_ptm": {
        "0": 0.7443109750747681,
        "1": 0.9149659276008606
    },
    "pair_chains_iptm": {
        "0": {
            "0": 0.7443109750747681,
            "1": 0.457695871591568
        },
        "1": {
            "0": 0.8745959997177124,
            "1": 0.9149659276008606
        }
    }
}