{
    "affinity_pred_value": -0.24760574102401733,
    "affinity_probability_binary": 0.6783728003501892,
    "affinity_pred_value1": -0.6493760347366333,
    "affinity_probability_binary1": 0.8408851623535156,
    "affinity_pred_value2": 0.15416456758975983,
    "affinity_probability_binary2": 0.5158604383468628
}