{
    "confidence_score": 0.9271301627159119,
    "ptm": 0.9477067589759827,
    "iptm": 0.9726921916007996,
    "ligand_iptm": 0.9726921916007996,
    "protein_iptm": 0.0,
    "complex_plddt": 0.9157396554946899,
    "complex_iplddt": 0.8621694445610046,
    "complex_pde": 0.42758816480636597,
    "complex_ipde": 0.5324633717536926,
    "chains_ptm": {
        "0": 0.9453797340393066,
        "1": 0.9049060940742493
    },
    "pair_chains_iptm": {
        "0": {
            "0": 0.9453797340393066,
            "1": 0.6067208051681519
        },
        "1": {
            "0": 0.9726921916007996,
            "1": 0.9049060940742493
        }
    }
}