{
    "affinity_pred_value": -0.306753545999527,
    "affinity_probability_binary": 0.37580162286758423,
    "affinity_pred_value1": -0.5159707069396973,
    "affinity_probability_binary1": 0.354515016078949,
    "affinity_pred_value2": -0.09753638505935669,
    "affinity_probability_binary2": 0.39708825945854187
}