{
    "confidence_score": 0.7763901948928833,
    "ptm": 0.7584394812583923,
    "iptm": 0.8903610110282898,
    "ligand_iptm": 0.8903610110282898,
    "protein_iptm": 0.0,
    "complex_plddt": 0.7478974461555481,
    "complex_iplddt": 0.7077377438545227,
    "complex_pde": 1.041067123413086,
    "complex_ipde": 3.020278215408325,
    "chains_ptm": {
        "0": 0.740243673324585,
        "1": 0.893259584903717
    },
    "pair_chains_iptm": {
        "0": {
            "0": 0.740243673324585,
            "1": 0.3863346576690674
        },
        "1": {
            "0": 0.8903610110282898,
            "1": 0.893259584903717
        }
    }
}