{
    "affinity_pred_value": -0.8960816860198975,
    "affinity_probability_binary": 0.894760251045227,
    "affinity_pred_value1": -2.021667957305908,
    "affinity_probability_binary1": 0.972323477268219,
    "affinity_pred_value2": 0.2295045405626297,
    "affinity_probability_binary2": 0.8171969652175903
}