{
    "confidence_score": 0.9428039789199829,
    "ptm": 0.9450485110282898,
    "iptm": 0.9821985363960266,
    "ligand_iptm": 0.9821985363960266,
    "protein_iptm": 0.0,
    "complex_plddt": 0.9329553246498108,
    "complex_iplddt": 0.9043893218040466,
    "complex_pde": 0.42748385667800903,
    "complex_ipde": 0.5429267287254333,
    "chains_ptm": {
        "0": 0.9407017230987549,
        "1": 0.8196722865104675
    },
    "pair_chains_iptm": {
        "0": {
            "0": 0.9407017230987549,
            "1": 0.4921107292175293
        },
        "1": {
            "0": 0.9821985363960266,
            "1": 0.8196722865104675
        }
    }
}