{
    "affinity_pred_value": 0.11403703689575195,
    "affinity_probability_binary": 0.28697091341018677,
    "affinity_pred_value1": 0.7191482782363892,
    "affinity_probability_binary1": 0.2549979090690613,
    "affinity_pred_value2": -0.49107420444488525,
    "affinity_probability_binary2": 0.31894394755363464
}