{
    "confidence_score": 0.8226314783096313,
    "ptm": 0.769513726234436,
    "iptm": 0.8577595949172974,
    "ligand_iptm": 0.8577595949172974,
    "protein_iptm": 0.0,
    "complex_plddt": 0.8138494491577148,
    "complex_iplddt": 0.7736024260520935,
    "complex_pde": 0.720917820930481,
    "complex_ipde": 2.6109790802001953,
    "chains_ptm": {
        "0": 0.7597550749778748,
        "1": 0.9236466884613037
    },
    "pair_chains_iptm": {
        "0": {
            "0": 0.7597550749778748,
            "1": 0.3631756007671356
        },
        "1": {
            "0": 0.8577595949172974,
            "1": 0.9236466884613037
        }
    }
}