{
    "affinity_pred_value": -0.6842268705368042,
    "affinity_probability_binary": 0.4472770392894745,
    "affinity_pred_value1": -0.631408154964447,
    "affinity_probability_binary1": 0.4440542757511139,
    "affinity_pred_value2": -0.7370455861091614,
    "affinity_probability_binary2": 0.4504998028278351
}