{
    "confidence_score": 0.7381867170333862,
    "ptm": 0.8533586263656616,
    "iptm": 0.8659245371818542,
    "ligand_iptm": 0.8659245371818542,
    "protein_iptm": 0.0,
    "complex_plddt": 0.7062522172927856,
    "complex_iplddt": 0.49929332733154297,
    "complex_pde": 0.6980953216552734,
    "complex_ipde": 1.9525485038757324,
    "chains_ptm": {
        "0": 0.8509021401405334,
        "1": 0.7615814805030823
    },
    "pair_chains_iptm": {
        "0": {
            "0": 0.8509021401405334,
            "1": 0.3253723084926605
        },
        "1": {
            "0": 0.8659245371818542,
            "1": 0.7615814805030823
        }
    }
}