{
    "affinity_pred_value": 0.40049582719802856,
    "affinity_probability_binary": 0.4764111042022705,
    "affinity_pred_value1": 0.3446691334247589,
    "affinity_probability_binary1": 0.5653291940689087,
    "affinity_pred_value2": 0.45632249116897583,
    "affinity_probability_binary2": 0.38749298453330994
}