{
    "confidence_score": 0.7582167983055115,
    "ptm": 0.9095758199691772,
    "iptm": 0.8929420113563538,
    "ligand_iptm": 0.8929420113563538,
    "protein_iptm": 0.0,
    "complex_plddt": 0.7245354652404785,
    "complex_iplddt": 0.6207413077354431,
    "complex_pde": 0.5302538871765137,
    "complex_ipde": 1.4948205947875977,
    "chains_ptm": {
        "0": 0.9150816202163696,
        "1": 0.9050400257110596
    },
    "pair_chains_iptm": {
        "0": {
            "0": 0.9150816202163696,
            "1": 0.5064853429794312
        },
        "1": {
            "0": 0.8929420113563538,
            "1": 0.9050400257110596
        }
    }
}