{
    "affinity_pred_value": 0.6789965629577637,
    "affinity_probability_binary": 0.45897650718688965,
    "affinity_pred_value1": 0.7363672256469727,
    "affinity_probability_binary1": 0.6481414437294006,
    "affinity_pred_value2": 0.6216258406639099,
    "affinity_probability_binary2": 0.2698115408420563
}