{
    "confidence_score": 0.7891622185707092,
    "ptm": 0.9142194390296936,
    "iptm": 0.930851936340332,
    "ligand_iptm": 0.930851936340332,
    "protein_iptm": 0.0,
    "complex_plddt": 0.7537397742271423,
    "complex_iplddt": 0.6816439628601074,
    "complex_pde": 0.4568171501159668,
    "complex_ipde": 1.2077369689941406,
    "chains_ptm": {
        "0": 0.9133724570274353,
        "1": 0.9331117868423462
    },
    "pair_chains_iptm": {
        "0": {
            "0": 0.9133724570274353,
            "1": 0.5654333829879761
        },
        "1": {
            "0": 0.930851936340332,
            "1": 0.9331117868423462
        }
    }
}