{
    "affinity_pred_value": -0.007720977067947388,
    "affinity_probability_binary": 0.4834212362766266,
    "affinity_pred_value1": 0.3999689817428589,
    "affinity_probability_binary1": 0.5272562503814697,
    "affinity_pred_value2": -0.41541093587875366,
    "affinity_probability_binary2": 0.43958622217178345
}