{
    "confidence_score": 0.7437567114830017,
    "ptm": 0.8647079467773438,
    "iptm": 0.8702368140220642,
    "ligand_iptm": 0.8702368140220642,
    "protein_iptm": 0.0,
    "complex_plddt": 0.7121366262435913,
    "complex_iplddt": 0.5413618683815002,
    "complex_pde": 0.7010725140571594,
    "complex_ipde": 1.9764353036880493,
    "chains_ptm": {
        "0": 0.8647974133491516,
        "1": 0.9372219443321228
    },
    "pair_chains_iptm": {
        "0": {
            "0": 0.8647974133491516,
            "1": 0.49610966444015503
        },
        "1": {
            "0": 0.8702368140220642,
            "1": 0.9372219443321228
        }
    }
}