{
    "affinity_pred_value": 0.9067928791046143,
    "affinity_probability_binary": 0.18043333292007446,
    "affinity_pred_value1": 0.8660551309585571,
    "affinity_probability_binary1": 0.1632903814315796,
    "affinity_pred_value2": 0.9475306868553162,
    "affinity_probability_binary2": 0.19757626950740814
}