{
    "confidence_score": 0.7615346908569336,
    "ptm": 0.9220252633094788,
    "iptm": 0.8999079465866089,
    "ligand_iptm": 0.8999079465866089,
    "protein_iptm": 0.0,
    "complex_plddt": 0.7269413471221924,
    "complex_iplddt": 0.6502290368080139,
    "complex_pde": 0.496589720249176,
    "complex_ipde": 1.4141709804534912,
    "chains_ptm": {
        "0": 0.9258500933647156,
        "1": 0.8297798037528992
    },
    "pair_chains_iptm": {
        "0": {
            "0": 0.9258500933647156,
            "1": 0.4356133043766022
        },
        "1": {
            "0": 0.8999079465866089,
            "1": 0.8297798037528992
        }
    }
}