{
    "affinity_pred_value": -1.8727983236312866,
    "affinity_probability_binary": 0.9563496708869934,
    "affinity_pred_value1": -2.352940559387207,
    "affinity_probability_binary1": 0.9656984210014343,
    "affinity_pred_value2": -1.3926560878753662,
    "affinity_probability_binary2": 0.9470009207725525
}