{
    "confidence_score": 0.9556652307510376,
    "ptm": 0.9500318765640259,
    "iptm": 0.977232813835144,
    "ligand_iptm": 0.977232813835144,
    "protein_iptm": 0.0,
    "complex_plddt": 0.9502732753753662,
    "complex_iplddt": 0.9241896867752075,
    "complex_pde": 0.42369693517684937,
    "complex_ipde": 0.58603835105896,
    "chains_ptm": {
        "0": 0.9461325407028198,
        "1": 0.8468858599662781
    },
    "pair_chains_iptm": {
        "0": {
            "0": 0.9461325407028198,
            "1": 0.5568799376487732
        },
        "1": {
            "0": 0.977232813835144,
            "1": 0.8468858599662781
        }
    }
}