{
    "affinity_pred_value": 0.24778857827186584,
    "affinity_probability_binary": 0.4132232367992401,
    "affinity_pred_value1": -0.26865994930267334,
    "affinity_probability_binary1": 0.48921307921409607,
    "affinity_pred_value2": 0.764237105846405,
    "affinity_probability_binary2": 0.33723339438438416
}