{
    "confidence_score": 0.9282301068305969,
    "ptm": 0.942138135433197,
    "iptm": 0.9486360549926758,
    "ligand_iptm": 0.9486360549926758,
    "protein_iptm": 0.0,
    "complex_plddt": 0.923128604888916,
    "complex_iplddt": 0.8701800107955933,
    "complex_pde": 0.4821907579898834,
    "complex_ipde": 0.8293951153755188,
    "chains_ptm": {
        "0": 0.940921425819397,
        "1": 0.8646275997161865
    },
    "pair_chains_iptm": {
        "0": {
            "0": 0.940921425819397,
            "1": 0.5281773805618286
        },
        "1": {
            "0": 0.9486360549926758,
            "1": 0.8646275997161865
        }
    }
}