{
    "affinity_pred_value": -0.2532314956188202,
    "affinity_probability_binary": 0.6274822354316711,
    "affinity_pred_value1": -0.6331937313079834,
    "affinity_probability_binary1": 0.6414175629615784,
    "affinity_pred_value2": 0.12673074007034302,
    "affinity_probability_binary2": 0.6135469079017639
}