{
    "confidence_score": 0.9423937201499939,
    "ptm": 0.9395294785499573,
    "iptm": 0.9781951308250427,
    "ligand_iptm": 0.9781951308250427,
    "protein_iptm": 0.0,
    "complex_plddt": 0.9334433078765869,
    "complex_iplddt": 0.9066401124000549,
    "complex_pde": 0.43920233845710754,
    "complex_ipde": 0.5416695475578308,
    "chains_ptm": {
        "0": 0.9348195791244507,
        "1": 0.8438992500305176
    },
    "pair_chains_iptm": {
        "0": {
            "0": 0.9348195791244507,
            "1": 0.5901312232017517
        },
        "1": {
            "0": 0.9781951308250427,
            "1": 0.8438992500305176
        }
    }
}