{
    "affinity_pred_value": -0.08608217537403107,
    "affinity_probability_binary": 0.4176408648490906,
    "affinity_pred_value1": 0.08879148215055466,
    "affinity_probability_binary1": 0.583991527557373,
    "affinity_pred_value2": -0.2609558403491974,
    "affinity_probability_binary2": 0.2512902319431305
}