{
    "confidence_score": 0.7594099044799805,
    "ptm": 0.8773210048675537,
    "iptm": 0.923889696598053,
    "ligand_iptm": 0.923889696598053,
    "protein_iptm": 0.0,
    "complex_plddt": 0.7182899713516235,
    "complex_iplddt": 0.6076793074607849,
    "complex_pde": 0.6166083216667175,
    "complex_ipde": 1.556427240371704,
    "chains_ptm": {
        "0": 0.8692572116851807,
        "1": 0.921263575553894
    },
    "pair_chains_iptm": {
        "0": {
            "0": 0.8692572116851807,
            "1": 0.5265785455703735
        },
        "1": {
            "0": 0.923889696598053,
            "1": 0.921263575553894
        }
    }
}