{
    "affinity_pred_value": 0.8681250810623169,
    "affinity_probability_binary": 0.24606576561927795,
    "affinity_pred_value1": 0.848745584487915,
    "affinity_probability_binary1": 0.3157040476799011,
    "affinity_pred_value2": 0.8875046372413635,
    "affinity_probability_binary2": 0.1764274686574936
}