{
    "confidence_score": 0.7393492460250854,
    "ptm": 0.850612223148346,
    "iptm": 0.838586151599884,
    "ligand_iptm": 0.838586151599884,
    "protein_iptm": 0.0,
    "complex_plddt": 0.7145400047302246,
    "complex_iplddt": 0.543205976486206,
    "complex_pde": 0.7302666902542114,
    "complex_ipde": 2.4465723037719727,
    "chains_ptm": {
        "0": 0.853604257106781,
        "1": 0.8147085309028625
    },
    "pair_chains_iptm": {
        "0": {
            "0": 0.853604257106781,
            "1": 0.3714865744113922
        },
        "1": {
            "0": 0.838586151599884,
            "1": 0.8147085309028625
        }
    }
}