{
    "affinity_pred_value": -0.21413186192512512,
    "affinity_probability_binary": 0.40423107147216797,
    "affinity_pred_value1": 0.3608407974243164,
    "affinity_probability_binary1": 0.4886890649795532,
    "affinity_pred_value2": -0.7891045212745667,
    "affinity_probability_binary2": 0.3197731077671051
}