{
    "confidence_score": 0.7707886099815369,
    "ptm": 0.9018153548240662,
    "iptm": 0.9048338532447815,
    "ligand_iptm": 0.9048338532447815,
    "protein_iptm": 0.0,
    "complex_plddt": 0.7372773289680481,
    "complex_iplddt": 0.673665463924408,
    "complex_pde": 0.5772287845611572,
    "complex_ipde": 1.490472435951233,
    "chains_ptm": {
        "0": 0.9011424779891968,
        "1": 0.8896092176437378
    },
    "pair_chains_iptm": {
        "0": {
            "0": 0.9011424779891968,
            "1": 0.5526567697525024
        },
        "1": {
            "0": 0.9048338532447815,
            "1": 0.8896092176437378
        }
    }
}