{
    "affinity_pred_value": -1.4678738117218018,
    "affinity_probability_binary": 0.4867050051689148,
    "affinity_pred_value1": -1.5337485074996948,
    "affinity_probability_binary1": 0.4315629303455353,
    "affinity_pred_value2": -1.4019991159439087,
    "affinity_probability_binary2": 0.5418470501899719
}