{
    "confidence_score": 0.7783079147338867,
    "ptm": 0.7552803754806519,
    "iptm": 0.8559771776199341,
    "ligand_iptm": 0.8559771776199341,
    "protein_iptm": 0.0,
    "complex_plddt": 0.7588905692100525,
    "complex_iplddt": 0.5536947250366211,
    "complex_pde": 0.8699727058410645,
    "complex_ipde": 3.1110904216766357,
    "chains_ptm": {
        "0": 0.729170560836792,
        "1": 0.8280370235443115
    },
    "pair_chains_iptm": {
        "0": {
            "0": 0.729170560836792,
            "1": 0.34045663475990295
        },
        "1": {
            "0": 0.8559771776199341,
            "1": 0.8280370235443115
        }
    }
}