{
    "affinity_pred_value": 0.4862348139286041,
    "affinity_probability_binary": 0.12533104419708252,
    "affinity_pred_value1": 1.3320255279541016,
    "affinity_probability_binary1": 0.07164587080478668,
    "affinity_pred_value2": -0.3595559000968933,
    "affinity_probability_binary2": 0.17901623249053955
}