{
    "confidence_score": 0.7329949736595154,
    "ptm": 0.9292656183242798,
    "iptm": 0.8892740607261658,
    "ligand_iptm": 0.8892740607261658,
    "protein_iptm": 0.0,
    "complex_plddt": 0.6939252018928528,
    "complex_iplddt": 0.4827773869037628,
    "complex_pde": 0.4471944272518158,
    "complex_ipde": 1.234144687652588,
    "chains_ptm": {
        "0": 0.9379255771636963,
        "1": 0.8829882740974426
    },
    "pair_chains_iptm": {
        "0": {
            "0": 0.9379255771636963,
            "1": 0.5547862648963928
        },
        "1": {
            "0": 0.8892740607261658,
            "1": 0.8829882740974426
        }
    }
}