{
    "affinity_pred_value": -0.09315028786659241,
    "affinity_probability_binary": 0.5012074112892151,
    "affinity_pred_value1": 0.007061704993247986,
    "affinity_probability_binary1": 0.47673889994621277,
    "affinity_pred_value2": -0.1933622807264328,
    "affinity_probability_binary2": 0.525675892829895
}