{
    "confidence_score": 0.7616358995437622,
    "ptm": 0.8640438318252563,
    "iptm": 0.9165371656417847,
    "ligand_iptm": 0.9165371656417847,
    "protein_iptm": 0.0,
    "complex_plddt": 0.7229105234146118,
    "complex_iplddt": 0.6971511840820312,
    "complex_pde": 0.6850299835205078,
    "complex_ipde": 1.7761613130569458,
    "chains_ptm": {
        "0": 0.8579999804496765,
        "1": 0.9010900855064392
    },
    "pair_chains_iptm": {
        "0": {
            "0": 0.8579999804496765,
            "1": 0.4633452594280243
        },
        "1": {
            "0": 0.9165371656417847,
            "1": 0.9010900855064392
        }
    }
}