{
    "affinity_pred_value": -0.7587785124778748,
    "affinity_probability_binary": 0.4399875998497009,
    "affinity_pred_value1": -0.4032481610774994,
    "affinity_probability_binary1": 0.49963799118995667,
    "affinity_pred_value2": -1.1143088340759277,
    "affinity_probability_binary2": 0.3803372085094452
}