{
    "confidence_score": 0.7910682559013367,
    "ptm": 0.7256104350090027,
    "iptm": 0.7889348268508911,
    "ligand_iptm": 0.7889348268508911,
    "protein_iptm": 0.0,
    "complex_plddt": 0.7916015982627869,
    "complex_iplddt": 0.6795618534088135,
    "complex_pde": 0.9624153971672058,
    "complex_ipde": 2.592120409011841,
    "chains_ptm": {
        "0": 0.7101452946662903,
        "1": 0.8759912848472595
    },
    "pair_chains_iptm": {
        "0": {
            "0": 0.7101452946662903,
            "1": 0.3590303659439087
        },
        "1": {
            "0": 0.7889348268508911,
            "1": 0.8759912848472595
        }
    }
}