{
    "affinity_pred_value": 0.06904995441436768,
    "affinity_probability_binary": 0.1784069836139679,
    "affinity_pred_value1": 0.49634766578674316,
    "affinity_probability_binary1": 0.16846337914466858,
    "affinity_pred_value2": -0.3582477569580078,
    "affinity_probability_binary2": 0.18835057318210602
}