{
    "confidence_score": 0.7077075839042664,
    "ptm": 0.8445984721183777,
    "iptm": 0.7784867286682129,
    "ligand_iptm": 0.7784867286682129,
    "protein_iptm": 0.0,
    "complex_plddt": 0.6900128126144409,
    "complex_iplddt": 0.4935343861579895,
    "complex_pde": 0.8267667293548584,
    "complex_ipde": 2.8218541145324707,
    "chains_ptm": {
        "0": 0.860924243927002,
        "1": 0.7911935448646545
    },
    "pair_chains_iptm": {
        "0": {
            "0": 0.860924243927002,
            "1": 0.4121434986591339
        },
        "1": {
            "0": 0.7784867286682129,
            "1": 0.7911935448646545
        }
    }
}