{
    "affinity_pred_value": -0.7910354733467102,
    "affinity_probability_binary": 0.7912753820419312,
    "affinity_pred_value1": -1.4180622100830078,
    "affinity_probability_binary1": 0.8265970945358276,
    "affinity_pred_value2": -0.1640087068080902,
    "affinity_probability_binary2": 0.7559536099433899
}