{
    "confidence_score": 0.9452565312385559,
    "ptm": 0.9480142593383789,
    "iptm": 0.9772784113883972,
    "ligand_iptm": 0.9772784113883972,
    "protein_iptm": 0.0,
    "complex_plddt": 0.9372510313987732,
    "complex_iplddt": 0.9054872393608093,
    "complex_pde": 0.4214547872543335,
    "complex_ipde": 0.5733544230461121,
    "chains_ptm": {
        "0": 0.9436740279197693,
        "1": 0.8381596207618713
    },
    "pair_chains_iptm": {
        "0": {
            "0": 0.9436740279197693,
            "1": 0.6225908994674683
        },
        "1": {
            "0": 0.9772784113883972,
            "1": 0.8381596207618713
        }
    }
}