{
    "affinity_pred_value": 0.8269940614700317,
    "affinity_probability_binary": 0.1998957395553589,
    "affinity_pred_value1": 1.1841591596603394,
    "affinity_probability_binary1": 0.10503088682889938,
    "affinity_pred_value2": 0.4698289632797241,
    "affinity_probability_binary2": 0.2947605848312378
}