{
    "confidence_score": 0.6660743355751038,
    "ptm": 0.8119074106216431,
    "iptm": 0.7281368374824524,
    "ligand_iptm": 0.7281368374824524,
    "protein_iptm": 0.0,
    "complex_plddt": 0.6505587100982666,
    "complex_iplddt": 0.4006909728050232,
    "complex_pde": 0.7758705615997314,
    "complex_ipde": 2.58558988571167,
    "chains_ptm": {
        "0": 0.8252300024032593,
        "1": 0.8389517664909363
    },
    "pair_chains_iptm": {
        "0": {
            "0": 0.8252300024032593,
            "1": 0.3090403378009796
        },
        "1": {
            "0": 0.7281368374824524,
            "1": 0.8389517664909363
        }
    }
}