{
    "affinity_pred_value": 0.3092966377735138,
    "affinity_probability_binary": 0.19323909282684326,
    "affinity_pred_value1": 0.5088430643081665,
    "affinity_probability_binary1": 0.12166009843349457,
    "affinity_pred_value2": 0.10975022614002228,
    "affinity_probability_binary2": 0.26481807231903076
}