{
    "confidence_score": 0.7314634323120117,
    "ptm": 0.8842706680297852,
    "iptm": 0.8157120943069458,
    "ligand_iptm": 0.8157120943069458,
    "protein_iptm": 0.0,
    "complex_plddt": 0.7104012966156006,
    "complex_iplddt": 0.6172678470611572,
    "complex_pde": 0.6643500924110413,
    "complex_ipde": 2.2019078731536865,
    "chains_ptm": {
        "0": 0.8967101573944092,
        "1": 0.8183740377426147
    },
    "pair_chains_iptm": {
        "0": {
            "0": 0.8967101573944092,
            "1": 0.39661940932273865
        },
        "1": {
            "0": 0.8157120943069458,
            "1": 0.8183740377426147
        }
    }
}