{
    "affinity_pred_value": -0.2035786211490631,
    "affinity_probability_binary": 0.4034016728401184,
    "affinity_pred_value1": 0.0036498717963695526,
    "affinity_probability_binary1": 0.4894014894962311,
    "affinity_pred_value2": -0.4108071029186249,
    "affinity_probability_binary2": 0.3174018859863281
}