{
    "confidence_score": 0.731781005859375,
    "ptm": 0.9191170930862427,
    "iptm": 0.8424105644226074,
    "ligand_iptm": 0.8424105644226074,
    "protein_iptm": 0.0,
    "complex_plddt": 0.7041236162185669,
    "complex_iplddt": 0.5414438843727112,
    "complex_pde": 0.5683628916740417,
    "complex_ipde": 2.054651975631714,
    "chains_ptm": {
        "0": 0.9357589483261108,
        "1": 0.8996240496635437
    },
    "pair_chains_iptm": {
        "0": {
            "0": 0.9357589483261108,
            "1": 0.47273194789886475
        },
        "1": {
            "0": 0.8424105644226074,
            "1": 0.8996240496635437
        }
    }
}