{
    "affinity_pred_value": -0.9632728099822998,
    "affinity_probability_binary": 0.5974342823028564,
    "affinity_pred_value1": -0.5042177438735962,
    "affinity_probability_binary1": 0.5156975388526917,
    "affinity_pred_value2": -1.4223278760910034,
    "affinity_probability_binary2": 0.6791709661483765
}