{
    "confidence_score": 0.7343421578407288,
    "ptm": 0.9272982478141785,
    "iptm": 0.9461615681648254,
    "ligand_iptm": 0.9461615681648254,
    "protein_iptm": 0.0,
    "complex_plddt": 0.6813873052597046,
    "complex_iplddt": 0.4948574900627136,
    "complex_pde": 0.411578506231308,
    "complex_ipde": 0.6775403022766113,
    "chains_ptm": {
        "0": 0.9292716383934021,
        "1": 0.8757749199867249
    },
    "pair_chains_iptm": {
        "0": {
            "0": 0.9292716383934021,
            "1": 0.5330016016960144
        },
        "1": {
            "0": 0.9461615681648254,
            "1": 0.8757749199867249
        }
    }
}