{
    "affinity_pred_value": 0.2381686568260193,
    "affinity_probability_binary": 0.15241336822509766,
    "affinity_pred_value1": 0.30947116017341614,
    "affinity_probability_binary1": 0.06822153925895691,
    "affinity_pred_value2": 0.16686615347862244,
    "affinity_probability_binary2": 0.2366052120923996
}