{
    "confidence_score": 0.7696709632873535,
    "ptm": 0.9222859144210815,
    "iptm": 0.901698887348175,
    "ligand_iptm": 0.901698887348175,
    "protein_iptm": 0.0,
    "complex_plddt": 0.7366639971733093,
    "complex_iplddt": 0.6809560656547546,
    "complex_pde": 0.47680214047431946,
    "complex_ipde": 1.409513235092163,
    "chains_ptm": {
        "0": 0.9267157912254333,
        "1": 0.8865981101989746
    },
    "pair_chains_iptm": {
        "0": {
            "0": 0.9267157912254333,
            "1": 0.47320836782455444
        },
        "1": {
            "0": 0.901698887348175,
            "1": 0.8865981101989746
        }
    }
}