{
    "affinity_pred_value": 0.2599196135997772,
    "affinity_probability_binary": 0.3513806462287903,
    "affinity_pred_value1": 1.0247130393981934,
    "affinity_probability_binary1": 0.4518277049064636,
    "affinity_pred_value2": -0.5048738121986389,
    "affinity_probability_binary2": 0.25093361735343933
}