{
    "confidence_score": 0.7410501837730408,
    "ptm": 0.8392109870910645,
    "iptm": 0.8502807021141052,
    "ligand_iptm": 0.8502807021141052,
    "protein_iptm": 0.0,
    "complex_plddt": 0.7137425541877747,
    "complex_iplddt": 0.6796109080314636,
    "complex_pde": 0.8437236547470093,
    "complex_ipde": 2.458655595779419,
    "chains_ptm": {
        "0": 0.8379170298576355,
        "1": 0.8409019112586975
    },
    "pair_chains_iptm": {
        "0": {
            "0": 0.8379170298576355,
            "1": 0.4718620181083679
        },
        "1": {
            "0": 0.8502807021141052,
            "1": 0.8409019112586975
        }
    }
}