{
    "affinity_pred_value": -1.1275651454925537,
    "affinity_probability_binary": 0.454128623008728,
    "affinity_pred_value1": -0.9948107004165649,
    "affinity_probability_binary1": 0.3385741114616394,
    "affinity_pred_value2": -1.260319471359253,
    "affinity_probability_binary2": 0.5696831345558167
}