{
    "confidence_score": 0.6915798187255859,
    "ptm": 0.8603927493095398,
    "iptm": 0.8355611562728882,
    "ligand_iptm": 0.8355611562728882,
    "protein_iptm": 0.0,
    "complex_plddt": 0.655584454536438,
    "complex_iplddt": 0.4306532144546509,
    "complex_pde": 0.6524797677993774,
    "complex_ipde": 1.8661272525787354,
    "chains_ptm": {
        "0": 0.870095431804657,
        "1": 0.8839911222457886
    },
    "pair_chains_iptm": {
        "0": {
            "0": 0.870095431804657,
            "1": 0.4806329309940338
        },
        "1": {
            "0": 0.8355611562728882,
            "1": 0.8839911222457886
        }
    }
}