{
    "affinity_pred_value": 1.3977521657943726,
    "affinity_probability_binary": 0.15552109479904175,
    "affinity_pred_value1": 1.6121227741241455,
    "affinity_probability_binary1": 0.1436738222837448,
    "affinity_pred_value2": 1.1833815574645996,
    "affinity_probability_binary2": 0.16736836731433868
}