{
    "confidence_score": 0.723045825958252,
    "ptm": 0.8906880617141724,
    "iptm": 0.8135981559753418,
    "ligand_iptm": 0.8135981559753418,
    "protein_iptm": 0.0,
    "complex_plddt": 0.7004077434539795,
    "complex_iplddt": 0.5620760917663574,
    "complex_pde": 0.6189600825309753,
    "complex_ipde": 2.225020408630371,
    "chains_ptm": {
        "0": 0.9038645625114441,
        "1": 0.8161087036132812
    },
    "pair_chains_iptm": {
        "0": {
            "0": 0.9038645625114441,
            "1": 0.30230912566185
        },
        "1": {
            "0": 0.8135981559753418,
            "1": 0.8161087036132812
        }
    }
}