{
    "affinity_pred_value": -1.0690326690673828,
    "affinity_probability_binary": 0.643039882183075,
    "affinity_pred_value1": -1.140264630317688,
    "affinity_probability_binary1": 0.728120744228363,
    "affinity_pred_value2": -0.9978007674217224,
    "affinity_probability_binary2": 0.5579590201377869
}