{
    "confidence_score": 0.7121052742004395,
    "ptm": 0.8900958895683289,
    "iptm": 0.8563982248306274,
    "ligand_iptm": 0.8563982248306274,
    "protein_iptm": 0.0,
    "complex_plddt": 0.6760320067405701,
    "complex_iplddt": 0.4860123097896576,
    "complex_pde": 0.5545958280563354,
    "complex_ipde": 1.3375210762023926,
    "chains_ptm": {
        "0": 0.9006685018539429,
        "1": 0.8677366375923157
    },
    "pair_chains_iptm": {
        "0": {
            "0": 0.9006685018539429,
            "1": 0.4590354263782501
        },
        "1": {
            "0": 0.8563982248306274,
            "1": 0.8677366375923157
        }
    }
}