{
    "affinity_pred_value": -1.7674152851104736,
    "affinity_probability_binary": 0.9076365828514099,
    "affinity_pred_value1": -1.9797502756118774,
    "affinity_probability_binary1": 0.9724003672599792,
    "affinity_pred_value2": -1.5550802946090698,
    "affinity_probability_binary2": 0.8428727984428406
}