{
    "confidence_score": 0.9274792075157166,
    "ptm": 0.9393138289451599,
    "iptm": 0.9877567291259766,
    "ligand_iptm": 0.9877567291259766,
    "protein_iptm": 0.0,
    "complex_plddt": 0.9124097228050232,
    "complex_iplddt": 0.899539053440094,
    "complex_pde": 0.44095921516418457,
    "complex_ipde": 0.38118624687194824,
    "chains_ptm": {
        "0": 0.9354583621025085,
        "1": 0.9796327352523804
    },
    "pair_chains_iptm": {
        "0": {
            "0": 0.9354583621025085,
            "1": 0.7811914682388306
        },
        "1": {
            "0": 0.9877567291259766,
            "1": 0.9796327352523804
        }
    }
}