{
    "affinity_pred_value": 0.3804129362106323,
    "affinity_probability_binary": 0.37915804982185364,
    "affinity_pred_value1": -0.30434727668762207,
    "affinity_probability_binary1": 0.5172547698020935,
    "affinity_pred_value2": 1.0651731491088867,
    "affinity_probability_binary2": 0.24106131494045258
}