{
    "confidence_score": 0.930584728717804,
    "ptm": 0.9417734146118164,
    "iptm": 0.9757587313652039,
    "ligand_iptm": 0.9757587313652039,
    "protein_iptm": 0.0,
    "complex_plddt": 0.9192911982536316,
    "complex_iplddt": 0.8896546363830566,
    "complex_pde": 0.45929956436157227,
    "complex_ipde": 0.5776084065437317,
    "chains_ptm": {
        "0": 0.9380131959915161,
        "1": 0.9629364013671875
    },
    "pair_chains_iptm": {
        "0": {
            "0": 0.9380131959915161,
            "1": 0.6640612483024597
        },
        "1": {
            "0": 0.9757587313652039,
            "1": 0.9629364013671875
        }
    }
}