{
    "affinity_pred_value": 0.04576718807220459,
    "affinity_probability_binary": 0.3083518147468567,
    "affinity_pred_value1": 0.6125794053077698,
    "affinity_probability_binary1": 0.31605127453804016,
    "affinity_pred_value2": -0.5210450291633606,
    "affinity_probability_binary2": 0.3006523847579956
}