{
    "confidence_score": 0.7368615865707397,
    "ptm": 0.8395733833312988,
    "iptm": 0.800468385219574,
    "ligand_iptm": 0.800468385219574,
    "protein_iptm": 0.0,
    "complex_plddt": 0.7209598422050476,
    "complex_iplddt": 0.5135329961776733,
    "complex_pde": 0.824448823928833,
    "complex_ipde": 2.726879358291626,
    "chains_ptm": {
        "0": 0.8481062054634094,
        "1": 0.8374077677726746
    },
    "pair_chains_iptm": {
        "0": {
            "0": 0.8481062054634094,
            "1": 0.3836796283721924
        },
        "1": {
            "0": 0.800468385219574,
            "1": 0.8374077677726746
        }
    }
}