{
    "affinity_pred_value": -0.1988937109708786,
    "affinity_probability_binary": 0.6676396131515503,
    "affinity_pred_value1": -0.18117007613182068,
    "affinity_probability_binary1": 0.6682721376419067,
    "affinity_pred_value2": -0.21661734580993652,
    "affinity_probability_binary2": 0.6670071482658386
}