{
    "confidence_score": 0.9007980227470398,
    "ptm": 0.9035626649856567,
    "iptm": 0.9546051025390625,
    "ligand_iptm": 0.9546051025390625,
    "protein_iptm": 0.0,
    "complex_plddt": 0.8873463273048401,
    "complex_iplddt": 0.8437185883522034,
    "complex_pde": 0.4766370356082916,
    "complex_ipde": 0.7024728059768677,
    "chains_ptm": {
        "0": 0.8936381340026855,
        "1": 0.8630747199058533
    },
    "pair_chains_iptm": {
        "0": {
            "0": 0.8936381340026855,
            "1": 0.6148173213005066
        },
        "1": {
            "0": 0.9546051025390625,
            "1": 0.8630747199058533
        }
    }
}