{
    "affinity_pred_value": 1.0690479278564453,
    "affinity_probability_binary": 0.09538635611534119,
    "affinity_pred_value1": 0.9218500256538391,
    "affinity_probability_binary1": 0.0806322768330574,
    "affinity_pred_value2": 1.2162458896636963,
    "affinity_probability_binary2": 0.11014044284820557
}