{
    "confidence_score": 0.7244812846183777,
    "ptm": 0.903911292552948,
    "iptm": 0.8674601912498474,
    "ligand_iptm": 0.8674601912498474,
    "protein_iptm": 0.0,
    "complex_plddt": 0.6887364983558655,
    "complex_iplddt": 0.5046787261962891,
    "complex_pde": 0.5843205451965332,
    "complex_ipde": 1.7478748559951782,
    "chains_ptm": {
        "0": 0.9115117788314819,
        "1": 0.8070919513702393
    },
    "pair_chains_iptm": {
        "0": {
            "0": 0.9115117788314819,
            "1": 0.39199045300483704
        },
        "1": {
            "0": 0.8674601912498474,
            "1": 0.8070919513702393
        }
    }
}