{
    "affinity_pred_value": -1.770801067352295,
    "affinity_probability_binary": 0.7451961040496826,
    "affinity_pred_value1": -2.2779760360717773,
    "affinity_probability_binary1": 0.8209481835365295,
    "affinity_pred_value2": -1.2636260986328125,
    "affinity_probability_binary2": 0.6694439649581909
}