{
    "confidence_score": 0.7011644244194031,
    "ptm": 0.8981672525405884,
    "iptm": 0.9004819393157959,
    "ligand_iptm": 0.9004819393157959,
    "protein_iptm": 0.0,
    "complex_plddt": 0.6513350605964661,
    "complex_iplddt": 0.4972468316555023,
    "complex_pde": 0.5461432933807373,
    "complex_ipde": 1.2519011497497559,
    "chains_ptm": {
        "0": 0.89936363697052,
        "1": 0.8920815587043762
    },
    "pair_chains_iptm": {
        "0": {
            "0": 0.89936363697052,
            "1": 0.5882685780525208
        },
        "1": {
            "0": 0.9004819393157959,
            "1": 0.8920815587043762
        }
    }
}