{
    "affinity_pred_value": 0.1871413141489029,
    "affinity_probability_binary": 0.2571265995502472,
    "affinity_pred_value1": 0.4104577898979187,
    "affinity_probability_binary1": 0.27255043387413025,
    "affinity_pred_value2": -0.03617517277598381,
    "affinity_probability_binary2": 0.24170275032520294
}