{
    "confidence_score": 0.6645071506500244,
    "ptm": 0.8392319679260254,
    "iptm": 0.7882788181304932,
    "ligand_iptm": 0.7882788181304932,
    "protein_iptm": 0.0,
    "complex_plddt": 0.6335642337799072,
    "complex_iplddt": 0.39682888984680176,
    "complex_pde": 0.7138181328773499,
    "complex_ipde": 2.086247682571411,
    "chains_ptm": {
        "0": 0.8595834970474243,
        "1": 0.9238864183425903
    },
    "pair_chains_iptm": {
        "0": {
            "0": 0.8595834970474243,
            "1": 0.46150699257850647
        },
        "1": {
            "0": 0.7882788181304932,
            "1": 0.9238864183425903
        }
    }
}