{
    "affinity_pred_value": -1.1237285137176514,
    "affinity_probability_binary": 0.522005021572113,
    "affinity_pred_value1": -0.6603714227676392,
    "affinity_probability_binary1": 0.34994831681251526,
    "affinity_pred_value2": -1.5870856046676636,
    "affinity_probability_binary2": 0.6940617561340332
}