{
    "confidence_score": 0.6983227133750916,
    "ptm": 0.9028216004371643,
    "iptm": 0.8680354356765747,
    "ligand_iptm": 0.8680354356765747,
    "protein_iptm": 0.0,
    "complex_plddt": 0.6558945178985596,
    "complex_iplddt": 0.4492482841014862,
    "complex_pde": 0.6031033396720886,
    "complex_ipde": 1.7840279340744019,
    "chains_ptm": {
        "0": 0.9176183342933655,
        "1": 0.880378246307373
    },
    "pair_chains_iptm": {
        "0": {
            "0": 0.9176183342933655,
            "1": 0.48536622524261475
        },
        "1": {
            "0": 0.8680354356765747,
            "1": 0.880378246307373
        }
    }
}