{
    "affinity_pred_value": -0.003806069493293762,
    "affinity_probability_binary": 0.21645699441432953,
    "affinity_pred_value1": 0.22796198725700378,
    "affinity_probability_binary1": 0.17959341406822205,
    "affinity_pred_value2": -0.2355741262435913,
    "affinity_probability_binary2": 0.253320574760437
}