{
    "confidence_score": 0.660080075263977,
    "ptm": 0.8413279056549072,
    "iptm": 0.6068187952041626,
    "ligand_iptm": 0.6068187952041626,
    "protein_iptm": 0.0,
    "complex_plddt": 0.6733953356742859,
    "complex_iplddt": 0.4595003128051758,
    "complex_pde": 0.9519474506378174,
    "complex_ipde": 4.012450695037842,
    "chains_ptm": {
        "0": 0.8857289552688599,
        "1": 0.742048978805542
    },
    "pair_chains_iptm": {
        "0": {
            "0": 0.8857289552688599,
            "1": 0.21262027323246002
        },
        "1": {
            "0": 0.6068187952041626,
            "1": 0.742048978805542
        }
    }
}