{
    "affinity_pred_value": -0.08748859167098999,
    "affinity_probability_binary": 0.7712068557739258,
    "affinity_pred_value1": -0.1668422371149063,
    "affinity_probability_binary1": 0.8391205668449402,
    "affinity_pred_value2": -0.008134938776493073,
    "affinity_probability_binary2": 0.7032931447029114
}