{
    "confidence_score": 0.9348493814468384,
    "ptm": 0.9380568861961365,
    "iptm": 0.9674952030181885,
    "ligand_iptm": 0.9674952030181885,
    "protein_iptm": 0.0,
    "complex_plddt": 0.9266878366470337,
    "complex_iplddt": 0.903902530670166,
    "complex_pde": 0.4653152823448181,
    "complex_ipde": 0.5606347918510437,
    "chains_ptm": {
        "0": 0.9358019828796387,
        "1": 0.9165748357772827
    },
    "pair_chains_iptm": {
        "0": {
            "0": 0.9358019828796387,
            "1": 0.6434553265571594
        },
        "1": {
            "0": 0.9674952030181885,
            "1": 0.9165748357772827
        }
    }
}