{
    "affinity_pred_value": 0.5460723042488098,
    "affinity_probability_binary": 0.3113279938697815,
    "affinity_pred_value1": 0.8178730010986328,
    "affinity_probability_binary1": 0.2895257771015167,
    "affinity_pred_value2": 0.2742716372013092,
    "affinity_probability_binary2": 0.33313024044036865
}