{
    "confidence_score": 0.8120877146720886,
    "ptm": 0.759512186050415,
    "iptm": 0.91411954164505,
    "ligand_iptm": 0.91411954164505,
    "protein_iptm": 0.0,
    "complex_plddt": 0.7865797877311707,
    "complex_iplddt": 0.6627549529075623,
    "complex_pde": 0.7849653959274292,
    "complex_ipde": 2.4701082706451416,
    "chains_ptm": {
        "0": 0.7364257574081421,
        "1": 0.838977038860321
    },
    "pair_chains_iptm": {
        "0": {
            "0": 0.7364257574081421,
            "1": 0.3969954550266266
        },
        "1": {
            "0": 0.91411954164505,
            "1": 0.838977038860321
        }
    }
}