{
    "affinity_pred_value": 0.6238376498222351,
    "affinity_probability_binary": 0.25891199707984924,
    "affinity_pred_value1": 1.2915427684783936,
    "affinity_probability_binary1": 0.29421356320381165,
    "affinity_pred_value2": -0.04386747255921364,
    "affinity_probability_binary2": 0.22361041605472565
}