{
    "confidence_score": 0.8106967210769653,
    "ptm": 0.7490502595901489,
    "iptm": 0.8432522416114807,
    "ligand_iptm": 0.8432522416114807,
    "protein_iptm": 0.0,
    "complex_plddt": 0.8025577664375305,
    "complex_iplddt": 0.6904593110084534,
    "complex_pde": 0.8123359680175781,
    "complex_ipde": 2.5928285121917725,
    "chains_ptm": {
        "0": 0.7396877408027649,
        "1": 0.8903422951698303
    },
    "pair_chains_iptm": {
        "0": {
            "0": 0.7396877408027649,
            "1": 0.3342796266078949
        },
        "1": {
            "0": 0.8432522416114807,
            "1": 0.8903422951698303
        }
    }
}