{
    "affinity_pred_value": -1.8193857669830322,
    "affinity_probability_binary": 0.8063027858734131,
    "affinity_pred_value1": -1.9848310947418213,
    "affinity_probability_binary1": 0.8989046812057495,
    "affinity_pred_value2": -1.6539403200149536,
    "affinity_probability_binary2": 0.7137009501457214
}