{
    "confidence_score": 0.846142590045929,
    "ptm": 0.9411752223968506,
    "iptm": 0.9288187026977539,
    "ligand_iptm": 0.9288187026977539,
    "protein_iptm": 0.0,
    "complex_plddt": 0.8254736065864563,
    "complex_iplddt": 0.6440187096595764,
    "complex_pde": 0.4879164695739746,
    "complex_ipde": 0.9590908885002136,
    "chains_ptm": {
        "0": 0.9509387612342834,
        "1": 0.9053013920783997
    },
    "pair_chains_iptm": {
        "0": {
            "0": 0.9509387612342834,
            "1": 0.6617913246154785
        },
        "1": {
            "0": 0.9288187026977539,
            "1": 0.9053013920783997
        }
    }
}