{
    "affinity_pred_value": 0.33921608328819275,
    "affinity_probability_binary": 0.28493309020996094,
    "affinity_pred_value1": 0.4832955002784729,
    "affinity_probability_binary1": 0.2203490287065506,
    "affinity_pred_value2": 0.1951366811990738,
    "affinity_probability_binary2": 0.34951716661453247
}