{
    "confidence_score": 0.7796152234077454,
    "ptm": 0.7584604620933533,
    "iptm": 0.8959285020828247,
    "ligand_iptm": 0.8959285020828247,
    "protein_iptm": 0.0,
    "complex_plddt": 0.7505368590354919,
    "complex_iplddt": 0.6628574728965759,
    "complex_pde": 0.8268512487411499,
    "complex_ipde": 2.338911533355713,
    "chains_ptm": {
        "0": 0.7319605946540833,
        "1": 0.9302313327789307
    },
    "pair_chains_iptm": {
        "0": {
            "0": 0.7319605946540833,
            "1": 0.42403140664100647
        },
        "1": {
            "0": 0.8959285020828247,
            "1": 0.9302313327789307
        }
    }
}