{
    "affinity_pred_value": 1.4341857433319092,
    "affinity_probability_binary": 0.15359459817409515,
    "affinity_pred_value1": 1.6707662343978882,
    "affinity_probability_binary1": 0.14360582828521729,
    "affinity_pred_value2": 1.1976051330566406,
    "affinity_probability_binary2": 0.16358336806297302
}