{
    "confidence_score": 0.7089464068412781,
    "ptm": 0.8709374070167542,
    "iptm": 0.7862676382064819,
    "ligand_iptm": 0.7862676382064819,
    "protein_iptm": 0.0,
    "complex_plddt": 0.6896160840988159,
    "complex_iplddt": 0.5510514974594116,
    "complex_pde": 0.7648885250091553,
    "complex_ipde": 2.918592929840088,
    "chains_ptm": {
        "0": 0.8836888074874878,
        "1": 0.7979372143745422
    },
    "pair_chains_iptm": {
        "0": {
            "0": 0.8836888074874878,
            "1": 0.30709344148635864
        },
        "1": {
            "0": 0.7862676382064819,
            "1": 0.7979372143745422
        }
    }
}