{
    "affinity_pred_value": -0.4836859107017517,
    "affinity_probability_binary": 0.7233685255050659,
    "affinity_pred_value1": -1.2475212812423706,
    "affinity_probability_binary1": 0.7975206971168518,
    "affinity_pred_value2": 0.2801494598388672,
    "affinity_probability_binary2": 0.6492162942886353
}