{
    "confidence_score": 0.941400945186615,
    "ptm": 0.9589881300926208,
    "iptm": 0.9806060791015625,
    "ligand_iptm": 0.9806060791015625,
    "protein_iptm": 0.0,
    "complex_plddt": 0.9315996766090393,
    "complex_iplddt": 0.9188979864120483,
    "complex_pde": 0.37727078795433044,
    "complex_ipde": 0.4808899760246277,
    "chains_ptm": {
        "0": 0.9567810893058777,
        "1": 0.9327449798583984
    },
    "pair_chains_iptm": {
        "0": {
            "0": 0.9567810893058777,
            "1": 0.6124911904335022
        },
        "1": {
            "0": 0.9806060791015625,
            "1": 0.9327449798583984
        }
    }
}