{
    "affinity_pred_value": -0.26835060119628906,
    "affinity_probability_binary": 0.48447054624557495,
    "affinity_pred_value1": -0.3131217956542969,
    "affinity_probability_binary1": 0.5317594408988953,
    "affinity_pred_value2": -0.22357937693595886,
    "affinity_probability_binary2": 0.437181681394577
}