{
    "confidence_score": 0.934291660785675,
    "ptm": 0.9609416723251343,
    "iptm": 0.9613970518112183,
    "ligand_iptm": 0.9613970518112183,
    "protein_iptm": 0.0,
    "complex_plddt": 0.9275152683258057,
    "complex_iplddt": 0.8730766773223877,
    "complex_pde": 0.38965290784835815,
    "complex_ipde": 0.5570929646492004,
    "chains_ptm": {
        "0": 0.9610493779182434,
        "1": 0.9073041677474976
    },
    "pair_chains_iptm": {
        "0": {
            "0": 0.9610493779182434,
            "1": 0.6534293293952942
        },
        "1": {
            "0": 0.9613970518112183,
            "1": 0.9073041677474976
        }
    }
}