{
    "affinity_pred_value": 0.8208214044570923,
    "affinity_probability_binary": 0.2967105805873871,
    "affinity_pred_value1": 1.3427382707595825,
    "affinity_probability_binary1": 0.29080823063850403,
    "affinity_pred_value2": 0.2989044785499573,
    "affinity_probability_binary2": 0.30261293053627014
}