{
    "confidence_score": 0.7669981718063354,
    "ptm": 0.8869339823722839,
    "iptm": 0.8806613087654114,
    "ligand_iptm": 0.8806613087654114,
    "protein_iptm": 0.0,
    "complex_plddt": 0.7385823726654053,
    "complex_iplddt": 0.7155494689941406,
    "complex_pde": 0.5920577049255371,
    "complex_ipde": 1.853164553642273,
    "chains_ptm": {
        "0": 0.8887122273445129,
        "1": 0.8559945821762085
    },
    "pair_chains_iptm": {
        "0": {
            "0": 0.8887122273445129,
            "1": 0.40932774543762207
        },
        "1": {
            "0": 0.8806613087654114,
            "1": 0.8559945821762085
        }
    }
}