{
    "affinity_pred_value": -0.9254525899887085,
    "affinity_probability_binary": 0.47978726029396057,
    "affinity_pred_value1": -1.2382571697235107,
    "affinity_probability_binary1": 0.6584091782569885,
    "affinity_pred_value2": -0.612648069858551,
    "affinity_probability_binary2": 0.3011653423309326
}