{
    "confidence_score": 0.7137821316719055,
    "ptm": 0.8364664316177368,
    "iptm": 0.8274787664413452,
    "ligand_iptm": 0.8274787664413452,
    "protein_iptm": 0.0,
    "complex_plddt": 0.6853579878807068,
    "complex_iplddt": 0.5619469881057739,
    "complex_pde": 0.8438231945037842,
    "complex_ipde": 2.608721971511841,
    "chains_ptm": {
        "0": 0.8415038585662842,
        "1": 0.7445175051689148
    },
    "pair_chains_iptm": {
        "0": {
            "0": 0.8415038585662842,
            "1": 0.3986670672893524
        },
        "1": {
            "0": 0.8274787664413452,
            "1": 0.7445175051689148
        }
    }
}