{
    "affinity_pred_value": 0.8917642831802368,
    "affinity_probability_binary": 0.18863964080810547,
    "affinity_pred_value1": 0.8497504591941833,
    "affinity_probability_binary1": 0.1773599237203598,
    "affinity_pred_value2": 0.9337781071662903,
    "affinity_probability_binary2": 0.19991937279701233
}