{
    "confidence_score": 0.761963427066803,
    "ptm": 0.9028460383415222,
    "iptm": 0.9007235169410706,
    "ligand_iptm": 0.9007235169410706,
    "protein_iptm": 0.0,
    "complex_plddt": 0.7272734045982361,
    "complex_iplddt": 0.6149862408638,
    "complex_pde": 0.5578179955482483,
    "complex_ipde": 1.671839714050293,
    "chains_ptm": {
        "0": 0.904356062412262,
        "1": 0.8168267011642456
    },
    "pair_chains_iptm": {
        "0": {
            "0": 0.904356062412262,
            "1": 0.41947633028030396
        },
        "1": {
            "0": 0.9007235169410706,
            "1": 0.8168267011642456
        }
    }
}