{
    "affinity_pred_value": -0.7390820384025574,
    "affinity_probability_binary": 0.7721482515335083,
    "affinity_pred_value1": -0.8907346129417419,
    "affinity_probability_binary1": 0.7903136014938354,
    "affinity_pred_value2": -0.5874294638633728,
    "affinity_probability_binary2": 0.7539829611778259
}