{
    "confidence_score": 0.9475534558296204,
    "ptm": 0.9637317657470703,
    "iptm": 0.9763387441635132,
    "ligand_iptm": 0.9763387441635132,
    "protein_iptm": 0.0,
    "complex_plddt": 0.9403571486473083,
    "complex_iplddt": 0.9062439203262329,
    "complex_pde": 0.37215808033943176,
    "complex_ipde": 0.5084245204925537,
    "chains_ptm": {
        "0": 0.9616567492485046,
        "1": 0.8482764363288879
    },
    "pair_chains_iptm": {
        "0": {
            "0": 0.9616567492485046,
            "1": 0.5856937170028687
        },
        "1": {
            "0": 0.9763387441635132,
            "1": 0.8482764363288879
        }
    }
}