{
    "affinity_pred_value": 0.945204496383667,
    "affinity_probability_binary": 0.15506155788898468,
    "affinity_pred_value1": 0.8005160689353943,
    "affinity_probability_binary1": 0.061799969524145126,
    "affinity_pred_value2": 1.089892864227295,
    "affinity_probability_binary2": 0.24832314252853394
}