{
    "confidence_score": 0.7763641476631165,
    "ptm": 0.7786029577255249,
    "iptm": 0.8915188908576965,
    "ligand_iptm": 0.8915188908576965,
    "protein_iptm": 0.0,
    "complex_plddt": 0.7475754618644714,
    "complex_iplddt": 0.4726581871509552,
    "complex_pde": 0.6373164057731628,
    "complex_ipde": 1.8740692138671875,
    "chains_ptm": {
        "0": 0.7625230550765991,
        "1": 0.8619051575660706
    },
    "pair_chains_iptm": {
        "0": {
            "0": 0.7625230550765991,
            "1": 0.44667086005210876
        },
        "1": {
            "0": 0.8915188908576965,
            "1": 0.8619051575660706
        }
    }
}