{
    "affinity_pred_value": -0.7981122732162476,
    "affinity_probability_binary": 0.4238196313381195,
    "affinity_pred_value1": -1.1261072158813477,
    "affinity_probability_binary1": 0.5953494310379028,
    "affinity_pred_value2": -0.4701172709465027,
    "affinity_probability_binary2": 0.2522898316383362
}