{
    "confidence_score": 0.7052486538887024,
    "ptm": 0.9120181798934937,
    "iptm": 0.8336969614028931,
    "ligand_iptm": 0.8336969614028931,
    "protein_iptm": 0.0,
    "complex_plddt": 0.6731365919113159,
    "complex_iplddt": 0.5500572919845581,
    "complex_pde": 0.6267902851104736,
    "complex_ipde": 1.799491286277771,
    "chains_ptm": {
        "0": 0.9316587448120117,
        "1": 0.8525994420051575
    },
    "pair_chains_iptm": {
        "0": {
            "0": 0.9316587448120117,
            "1": 0.42557263374328613
        },
        "1": {
            "0": 0.8336969614028931,
            "1": 0.8525994420051575
        }
    }
}