{
    "affinity_pred_value": -1.3654909133911133,
    "affinity_probability_binary": 0.5544668436050415,
    "affinity_pred_value1": -1.2375086545944214,
    "affinity_probability_binary1": 0.5737336277961731,
    "affinity_pred_value2": -1.4934732913970947,
    "affinity_probability_binary2": 0.5352001190185547
}