{
    "confidence_score": 0.7021879553794861,
    "ptm": 0.8906538486480713,
    "iptm": 0.7791916131973267,
    "ligand_iptm": 0.7791916131973267,
    "protein_iptm": 0.0,
    "complex_plddt": 0.6829370260238647,
    "complex_iplddt": 0.4452655613422394,
    "complex_pde": 0.6659621596336365,
    "complex_ipde": 2.59724497795105,
    "chains_ptm": {
        "0": 0.9181835651397705,
        "1": 0.8196909427642822
    },
    "pair_chains_iptm": {
        "0": {
            "0": 0.9181835651397705,
            "1": 0.362745463848114
        },
        "1": {
            "0": 0.7791916131973267,
            "1": 0.8196909427642822
        }
    }
}