{
    "affinity_pred_value": 0.5279664993286133,
    "affinity_probability_binary": 0.38731521368026733,
    "affinity_pred_value1": -0.37659740447998047,
    "affinity_probability_binary1": 0.3307923972606659,
    "affinity_pred_value2": 1.432530403137207,
    "affinity_probability_binary2": 0.4438380300998688
}