{
    "confidence_score": 0.912169873714447,
    "ptm": 0.937008798122406,
    "iptm": 0.9553329944610596,
    "ligand_iptm": 0.9553329944610596,
    "protein_iptm": 0.0,
    "complex_plddt": 0.9013789892196655,
    "complex_iplddt": 0.8186315894126892,
    "complex_pde": 0.4860672652721405,
    "complex_ipde": 0.7022743225097656,
    "chains_ptm": {
        "0": 0.9343979954719543,
        "1": 0.8494293093681335
    },
    "pair_chains_iptm": {
        "0": {
            "0": 0.9343979954719543,
            "1": 0.6238196492195129
        },
        "1": {
            "0": 0.9553329944610596,
            "1": 0.8494293093681335
        }
    }
}