{
    "affinity_pred_value": 0.017841562628746033,
    "affinity_probability_binary": 0.4171886742115021,
    "affinity_pred_value1": -0.17158633470535278,
    "affinity_probability_binary1": 0.42341798543930054,
    "affinity_pred_value2": 0.20726945996284485,
    "affinity_probability_binary2": 0.4109593629837036
}