{
    "confidence_score": 0.8253669738769531,
    "ptm": 0.7747372984886169,
    "iptm": 0.9290628433227539,
    "ligand_iptm": 0.9290628433227539,
    "protein_iptm": 0.0,
    "complex_plddt": 0.7994429469108582,
    "complex_iplddt": 0.6570954918861389,
    "complex_pde": 0.672221839427948,
    "complex_ipde": 1.8012253046035767,
    "chains_ptm": {
        "0": 0.7524354457855225,
        "1": 0.8938513994216919
    },
    "pair_chains_iptm": {
        "0": {
            "0": 0.7524354457855225,
            "1": 0.44431236386299133
        },
        "1": {
            "0": 0.9290628433227539,
            "1": 0.8938513994216919
        }
    }
}