{
    "affinity_pred_value": 0.3436816334724426,
    "affinity_probability_binary": 0.48917827010154724,
    "affinity_pred_value1": 0.4534478187561035,
    "affinity_probability_binary1": 0.5755934715270996,
    "affinity_pred_value2": 0.23391544818878174,
    "affinity_probability_binary2": 0.4027630686759949
}