{
    "confidence_score": 0.8917748332023621,
    "ptm": 0.9413827657699585,
    "iptm": 0.930605947971344,
    "ligand_iptm": 0.930605947971344,
    "protein_iptm": 0.0,
    "complex_plddt": 0.882067084312439,
    "complex_iplddt": 0.7647661566734314,
    "complex_pde": 0.5391367077827454,
    "complex_ipde": 1.0773051977157593,
    "chains_ptm": {
        "0": 0.9439507126808167,
        "1": 0.7984049916267395
    },
    "pair_chains_iptm": {
        "0": {
            "0": 0.9439507126808167,
            "1": 0.6721282601356506
        },
        "1": {
            "0": 0.930605947971344,
            "1": 0.7984049916267395
        }
    }
}