{
    "affinity_pred_value": 0.5655433535575867,
    "affinity_probability_binary": 0.4620984196662903,
    "affinity_pred_value1": 0.5517467260360718,
    "affinity_probability_binary1": 0.4924696683883667,
    "affinity_pred_value2": 0.5793399810791016,
    "affinity_probability_binary2": 0.4317271411418915
}