{
    "confidence_score": 0.7580693364143372,
    "ptm": 0.929927408695221,
    "iptm": 0.9205490350723267,
    "ligand_iptm": 0.9205490350723267,
    "protein_iptm": 0.0,
    "complex_plddt": 0.717449426651001,
    "complex_iplddt": 0.6524443626403809,
    "complex_pde": 0.43105021119117737,
    "complex_ipde": 1.0681880712509155,
    "chains_ptm": {
        "0": 0.9325242638587952,
        "1": 0.8316385746002197
    },
    "pair_chains_iptm": {
        "0": {
            "0": 0.9325242638587952,
            "1": 0.42390677332878113
        },
        "1": {
            "0": 0.9205490350723267,
            "1": 0.8316385746002197
        }
    }
}