{
    "affinity_pred_value": 0.7016116380691528,
    "affinity_probability_binary": 0.137626513838768,
    "affinity_pred_value1": 0.8745108842849731,
    "affinity_probability_binary1": 0.13120989501476288,
    "affinity_pred_value2": 0.5287123918533325,
    "affinity_probability_binary2": 0.14404313266277313
}