{
    "confidence_score": 0.9259153604507446,
    "ptm": 0.956118643283844,
    "iptm": 0.9554733037948608,
    "ligand_iptm": 0.9554733037948608,
    "protein_iptm": 0.0,
    "complex_plddt": 0.9185258746147156,
    "complex_iplddt": 0.8743239045143127,
    "complex_pde": 0.42750364542007446,
    "complex_ipde": 0.6938166618347168,
    "chains_ptm": {
        "0": 0.9562174677848816,
        "1": 0.9101311564445496
    },
    "pair_chains_iptm": {
        "0": {
            "0": 0.9562174677848816,
            "1": 0.6824893951416016
        },
        "1": {
            "0": 0.9554733037948608,
            "1": 0.9101311564445496
        }
    }
}