{
    "affinity_pred_value": 0.6685236692428589,
    "affinity_probability_binary": 0.23768284916877747,
    "affinity_pred_value1": 1.0366332530975342,
    "affinity_probability_binary1": 0.2238050252199173,
    "affinity_pred_value2": 0.30041414499282837,
    "affinity_probability_binary2": 0.25156065821647644
}