{
    "confidence_score": 0.703018844127655,
    "ptm": 0.7817934155464172,
    "iptm": 0.8143844604492188,
    "ligand_iptm": 0.8143844604492188,
    "protein_iptm": 0.0,
    "complex_plddt": 0.6751774549484253,
    "complex_iplddt": 0.5206593871116638,
    "complex_pde": 0.9678853750228882,
    "complex_ipde": 3.1587839126586914,
    "chains_ptm": {
        "0": 0.7777390480041504,
        "1": 0.8106509447097778
    },
    "pair_chains_iptm": {
        "0": {
            "0": 0.7777390480041504,
            "1": 0.3157801628112793
        },
        "1": {
            "0": 0.8143844604492188,
            "1": 0.8106509447097778
        }
    }
}