{
    "affinity_pred_value": -0.2782882750034332,
    "affinity_probability_binary": 0.4253731966018677,
    "affinity_pred_value1": -0.14342238008975983,
    "affinity_probability_binary1": 0.3758738338947296,
    "affinity_pred_value2": -0.4131541848182678,
    "affinity_probability_binary2": 0.47487252950668335
}