{
    "confidence_score": 0.6917865872383118,
    "ptm": 0.8989953398704529,
    "iptm": 0.86455237865448,
    "ligand_iptm": 0.86455237865448,
    "protein_iptm": 0.0,
    "complex_plddt": 0.6485950946807861,
    "complex_iplddt": 0.38216033577919006,
    "complex_pde": 0.5135399699211121,
    "complex_ipde": 1.2360315322875977,
    "chains_ptm": {
        "0": 0.9095526933670044,
        "1": 0.9534310698509216
    },
    "pair_chains_iptm": {
        "0": {
            "0": 0.9095526933670044,
            "1": 0.5949311852455139
        },
        "1": {
            "0": 0.86455237865448,
            "1": 0.9534310698509216
        }
    }
}