{
    "affinity_pred_value": 0.044219762086868286,
    "affinity_probability_binary": 0.23371022939682007,
    "affinity_pred_value1": 0.5265280604362488,
    "affinity_probability_binary1": 0.14524303376674652,
    "affinity_pred_value2": -0.4380885362625122,
    "affinity_probability_binary2": 0.3221774399280548
}