{
    "confidence_score": 0.8188872337341309,
    "ptm": 0.7449793219566345,
    "iptm": 0.8749836087226868,
    "ligand_iptm": 0.8749836087226868,
    "protein_iptm": 0.0,
    "complex_plddt": 0.8048631548881531,
    "complex_iplddt": 0.7628178000450134,
    "complex_pde": 0.8791030049324036,
    "complex_ipde": 2.875697612762451,
    "chains_ptm": {
        "0": 0.7256098389625549,
        "1": 0.8489639759063721
    },
    "pair_chains_iptm": {
        "0": {
            "0": 0.7256098389625549,
            "1": 0.333699494600296
        },
        "1": {
            "0": 0.8749836087226868,
            "1": 0.8489639759063721
        }
    }
}