{
    "affinity_pred_value": 0.16467821598052979,
    "affinity_probability_binary": 0.1582045555114746,
    "affinity_pred_value1": 0.2809917628765106,
    "affinity_probability_binary1": 0.1079145297408104,
    "affinity_pred_value2": 0.048364657908678055,
    "affinity_probability_binary2": 0.20849457383155823
}