{
    "confidence_score": 0.7799920439720154,
    "ptm": 0.9500064849853516,
    "iptm": 0.9370321035385132,
    "ligand_iptm": 0.9370321035385132,
    "protein_iptm": 0.0,
    "complex_plddt": 0.740731954574585,
    "complex_iplddt": 0.687547504901886,
    "complex_pde": 0.37989890575408936,
    "complex_ipde": 0.9385640621185303,
    "chains_ptm": {
        "0": 0.9527225494384766,
        "1": 0.8837252855300903
    },
    "pair_chains_iptm": {
        "0": {
            "0": 0.9527225494384766,
            "1": 0.5207239389419556
        },
        "1": {
            "0": 0.9370321035385132,
            "1": 0.8837252855300903
        }
    }
}