{
    "affinity_pred_value": -0.30425506830215454,
    "affinity_probability_binary": 0.33821627497673035,
    "affinity_pred_value1": 0.11130806803703308,
    "affinity_probability_binary1": 0.3868006765842438,
    "affinity_pred_value2": -0.7198182344436646,
    "affinity_probability_binary2": 0.2896318733692169
}