{
    "confidence_score": 0.6762793064117432,
    "ptm": 0.9229623079299927,
    "iptm": 0.8877807259559631,
    "ligand_iptm": 0.8877807259559631,
    "protein_iptm": 0.0,
    "complex_plddt": 0.6234039664268494,
    "complex_iplddt": 0.3997245132923126,
    "complex_pde": 0.441066712141037,
    "complex_ipde": 0.9977481961250305,
    "chains_ptm": {
        "0": 0.9304332733154297,
        "1": 0.938668966293335
    },
    "pair_chains_iptm": {
        "0": {
            "0": 0.9304332733154297,
            "1": 0.6310110092163086
        },
        "1": {
            "0": 0.8877807259559631,
            "1": 0.938668966293335
        }
    }
}