{
    "affinity_pred_value": 0.8174097537994385,
    "affinity_probability_binary": 0.03285875916481018,
    "affinity_pred_value1": 0.9768835306167603,
    "affinity_probability_binary1": 0.009146646596491337,
    "affinity_pred_value2": 0.6579359769821167,
    "affinity_probability_binary2": 0.0565708689391613
}