{
    "confidence_score": 0.9014634490013123,
    "ptm": 0.9340692162513733,
    "iptm": 0.8535348176956177,
    "ligand_iptm": 0.8535348176956177,
    "protein_iptm": 0.0,
    "complex_plddt": 0.9134455919265747,
    "complex_iplddt": 0.8558270335197449,
    "complex_pde": 0.6040589213371277,
    "complex_ipde": 1.4939385652542114,
    "chains_ptm": {
        "0": 0.9440073370933533,
        "1": 0.7603395581245422
    },
    "pair_chains_iptm": {
        "0": {
            "0": 0.9440073370933533,
            "1": 0.3200624883174896
        },
        "1": {
            "0": 0.8535348176956177,
            "1": 0.7603395581245422
        }
    }
}