{
    "affinity_pred_value": -0.1889883279800415,
    "affinity_probability_binary": 0.42764347791671753,
    "affinity_pred_value1": 0.18515180051326752,
    "affinity_probability_binary1": 0.6539784669876099,
    "affinity_pred_value2": -0.5631284713745117,
    "affinity_probability_binary2": 0.201308473944664
}