{
    "confidence_score": 0.6847746968269348,
    "ptm": 0.886735737323761,
    "iptm": 0.779629647731781,
    "ligand_iptm": 0.779629647731781,
    "protein_iptm": 0.0,
    "complex_plddt": 0.6610609292984009,
    "complex_iplddt": 0.45806923508644104,
    "complex_pde": 0.7470302581787109,
    "complex_ipde": 2.8328752517700195,
    "chains_ptm": {
        "0": 0.9099634885787964,
        "1": 0.8078902363777161
    },
    "pair_chains_iptm": {
        "0": {
            "0": 0.9099634885787964,
            "1": 0.4434264302253723
        },
        "1": {
            "0": 0.779629647731781,
            "1": 0.8078902363777161
        }
    }
}