{
    "affinity_pred_value": -0.44879522919654846,
    "affinity_probability_binary": 0.7612738609313965,
    "affinity_pred_value1": -0.39570605754852295,
    "affinity_probability_binary1": 0.7138020992279053,
    "affinity_pred_value2": -0.501884400844574,
    "affinity_probability_binary2": 0.8087456822395325
}