{
    "confidence_score": 0.9192039370536804,
    "ptm": 0.9392296671867371,
    "iptm": 0.9500248432159424,
    "ligand_iptm": 0.9500248432159424,
    "protein_iptm": 0.0,
    "complex_plddt": 0.9114987254142761,
    "complex_iplddt": 0.8527914881706238,
    "complex_pde": 0.4833666682243347,
    "complex_ipde": 0.7326982021331787,
    "chains_ptm": {
        "0": 0.9373846054077148,
        "1": 0.8567877411842346
    },
    "pair_chains_iptm": {
        "0": {
            "0": 0.9373846054077148,
            "1": 0.650156557559967
        },
        "1": {
            "0": 0.9500248432159424,
            "1": 0.8567877411842346
        }
    }
}