{
    "affinity_pred_value": -0.8124545812606812,
    "affinity_probability_binary": 0.5277935266494751,
    "affinity_pred_value1": -0.7184932827949524,
    "affinity_probability_binary1": 0.6531049609184265,
    "affinity_pred_value2": -0.9064158797264099,
    "affinity_probability_binary2": 0.4024820923805237
}