{
    "confidence_score": 0.7427651286125183,
    "ptm": 0.8655090928077698,
    "iptm": 0.8831138014793396,
    "ligand_iptm": 0.8831138014793396,
    "protein_iptm": 0.0,
    "complex_plddt": 0.7076779007911682,
    "complex_iplddt": 0.5650850534439087,
    "complex_pde": 0.661688506603241,
    "complex_ipde": 1.8735623359680176,
    "chains_ptm": {
        "0": 0.8619033098220825,
        "1": 0.8764374256134033
    },
    "pair_chains_iptm": {
        "0": {
            "0": 0.8619033098220825,
            "1": 0.49172404408454895
        },
        "1": {
            "0": 0.8831138014793396,
            "1": 0.8764374256134033
        }
    }
}