{
    "affinity_pred_value": 0.6569875478744507,
    "affinity_probability_binary": 0.2964667081832886,
    "affinity_pred_value1": 0.6356425285339355,
    "affinity_probability_binary1": 0.29501858353614807,
    "affinity_pred_value2": 0.678332507610321,
    "affinity_probability_binary2": 0.2979148030281067
}