{
    "confidence_score": 0.7062307596206665,
    "ptm": 0.91507488489151,
    "iptm": 0.8126007318496704,
    "ligand_iptm": 0.8126007318496704,
    "protein_iptm": 0.0,
    "complex_plddt": 0.6796382069587708,
    "complex_iplddt": 0.4904899299144745,
    "complex_pde": 0.5793851017951965,
    "complex_ipde": 2.1314170360565186,
    "chains_ptm": {
        "0": 0.9349112510681152,
        "1": 0.7815290093421936
    },
    "pair_chains_iptm": {
        "0": {
            "0": 0.9349112510681152,
            "1": 0.31629955768585205
        },
        "1": {
            "0": 0.8126007318496704,
            "1": 0.7815290093421936
        }
    }
}