{
    "affinity_pred_value": 0.09428442269563675,
    "affinity_probability_binary": 0.29362523555755615,
    "affinity_pred_value1": 0.030528664588928223,
    "affinity_probability_binary1": 0.2686302363872528,
    "affinity_pred_value2": 0.15804018080234528,
    "affinity_probability_binary2": 0.3186202645301819
}