{
    "confidence_score": 0.6473650932312012,
    "ptm": 0.8051725029945374,
    "iptm": 0.6204038858413696,
    "ligand_iptm": 0.6204038858413696,
    "protein_iptm": 0.0,
    "complex_plddt": 0.6541053652763367,
    "complex_iplddt": 0.2940770089626312,
    "complex_pde": 0.8317698240280151,
    "complex_ipde": 3.4622349739074707,
    "chains_ptm": {
        "0": 0.8580867648124695,
        "1": 0.8983114361763
    },
    "pair_chains_iptm": {
        "0": {
            "0": 0.8580867648124695,
            "1": 0.23915424942970276
        },
        "1": {
            "0": 0.6204038858413696,
            "1": 0.8983114361763
        }
    }
}