{
    "affinity_pred_value": 0.5114256143569946,
    "affinity_probability_binary": 0.4217929244041443,
    "affinity_pred_value1": 0.06470751762390137,
    "affinity_probability_binary1": 0.4194803535938263,
    "affinity_pred_value2": 0.9581437706947327,
    "affinity_probability_binary2": 0.4241054952144623
}