{
    "confidence_score": 0.9440011978149414,
    "ptm": 0.9520094394683838,
    "iptm": 0.9690742492675781,
    "ligand_iptm": 0.9690742492675781,
    "protein_iptm": 0.0,
    "complex_plddt": 0.937732994556427,
    "complex_iplddt": 0.8904997706413269,
    "complex_pde": 0.43779057264328003,
    "complex_ipde": 0.6883124113082886,
    "chains_ptm": {
        "0": 0.9490320682525635,
        "1": 0.870373547077179
    },
    "pair_chains_iptm": {
        "0": {
            "0": 0.9490320682525635,
            "1": 0.5552626252174377
        },
        "1": {
            "0": 0.9690742492675781,
            "1": 0.870373547077179
        }
    }
}