{
    "affinity_pred_value": 0.6850359439849854,
    "affinity_probability_binary": 0.19510266184806824,
    "affinity_pred_value1": 0.29530462622642517,
    "affinity_probability_binary1": 0.21530795097351074,
    "affinity_pred_value2": 1.0747672319412231,
    "affinity_probability_binary2": 0.17489737272262573
}