{
    "confidence_score": 0.9049221873283386,
    "ptm": 0.9268602728843689,
    "iptm": 0.9229684472084045,
    "ligand_iptm": 0.9229684472084045,
    "protein_iptm": 0.0,
    "complex_plddt": 0.9004106521606445,
    "complex_iplddt": 0.8246265053749084,
    "complex_pde": 0.5363509654998779,
    "complex_ipde": 0.8546129465103149,
    "chains_ptm": {
        "0": 0.9271914958953857,
        "1": 0.8586465716362
    },
    "pair_chains_iptm": {
        "0": {
            "0": 0.9271914958953857,
            "1": 0.47435417771339417
        },
        "1": {
            "0": 0.9229684472084045,
            "1": 0.8586465716362
        }
    }
}