{
    "affinity_pred_value": -0.27426114678382874,
    "affinity_probability_binary": 0.3731994032859802,
    "affinity_pred_value1": 0.06934154033660889,
    "affinity_probability_binary1": 0.3889425992965698,
    "affinity_pred_value2": -0.6178638339042664,
    "affinity_probability_binary2": 0.3574562072753906
}