{
    "confidence_score": 0.7511780858039856,
    "ptm": 0.8964301943778992,
    "iptm": 0.8712120652198792,
    "ligand_iptm": 0.8712120652198792,
    "protein_iptm": 0.0,
    "complex_plddt": 0.7211695909500122,
    "complex_iplddt": 0.67617267370224,
    "complex_pde": 0.5982685089111328,
    "complex_ipde": 1.6727837324142456,
    "chains_ptm": {
        "0": 0.9026451706886292,
        "1": 0.8577486276626587
    },
    "pair_chains_iptm": {
        "0": {
            "0": 0.9026451706886292,
            "1": 0.4214993715286255
        },
        "1": {
            "0": 0.8712120652198792,
            "1": 0.8577486276626587
        }
    }
}