{
    "affinity_pred_value": 0.38441944122314453,
    "affinity_probability_binary": 0.7254654169082642,
    "affinity_pred_value1": 0.455020546913147,
    "affinity_probability_binary1": 0.7325659990310669,
    "affinity_pred_value2": 0.3138183355331421,
    "affinity_probability_binary2": 0.7183647751808167
}