{
    "confidence_score": 0.9274167418479919,
    "ptm": 0.944514811038971,
    "iptm": 0.9521145224571228,
    "ligand_iptm": 0.9521145224571228,
    "protein_iptm": 0.0,
    "complex_plddt": 0.9212422966957092,
    "complex_iplddt": 0.8717114925384521,
    "complex_pde": 0.4794759154319763,
    "complex_ipde": 0.7373237609863281,
    "chains_ptm": {
        "0": 0.9430270791053772,
        "1": 0.8715965747833252
    },
    "pair_chains_iptm": {
        "0": {
            "0": 0.9430270791053772,
            "1": 0.5901960134506226
        },
        "1": {
            "0": 0.9521145224571228,
            "1": 0.8715965747833252
        }
    }
}