{
    "affinity_pred_value": -0.638850212097168,
    "affinity_probability_binary": 0.8353352546691895,
    "affinity_pred_value1": -0.990850031375885,
    "affinity_probability_binary1": 0.8545560836791992,
    "affinity_pred_value2": -0.28685033321380615,
    "affinity_probability_binary2": 0.8161144852638245
}