{
    "confidence_score": 0.9266839027404785,
    "ptm": 0.9425382614135742,
    "iptm": 0.9547215104103088,
    "ligand_iptm": 0.9547215104103088,
    "protein_iptm": 0.0,
    "complex_plddt": 0.9196744561195374,
    "complex_iplddt": 0.8725075721740723,
    "complex_pde": 0.47042083740234375,
    "complex_ipde": 0.691419780254364,
    "chains_ptm": {
        "0": 0.9404101967811584,
        "1": 0.8836149573326111
    },
    "pair_chains_iptm": {
        "0": {
            "0": 0.9404101967811584,
            "1": 0.6637212038040161
        },
        "1": {
            "0": 0.9547215104103088,
            "1": 0.8836149573326111
        }
    }
}