{
    "affinity_pred_value": -0.5875531435012817,
    "affinity_probability_binary": 0.39220985770225525,
    "affinity_pred_value1": -0.7495008707046509,
    "affinity_probability_binary1": 0.4078982174396515,
    "affinity_pred_value2": -0.4256054759025574,
    "affinity_probability_binary2": 0.376521497964859
}