{
    "confidence_score": 0.7197479605674744,
    "ptm": 0.8505740761756897,
    "iptm": 0.8526480793952942,
    "ligand_iptm": 0.8526480793952942,
    "protein_iptm": 0.0,
    "complex_plddt": 0.686522901058197,
    "complex_iplddt": 0.6169527173042297,
    "complex_pde": 0.7783685326576233,
    "complex_ipde": 2.59020733833313,
    "chains_ptm": {
        "0": 0.850024402141571,
        "1": 0.9081247448921204
    },
    "pair_chains_iptm": {
        "0": {
            "0": 0.850024402141571,
            "1": 0.5285941958427429
        },
        "1": {
            "0": 0.8526480793952942,
            "1": 0.9081247448921204
        }
    }
}