{
    "affinity_pred_value": 0.6417089700698853,
    "affinity_probability_binary": 0.3970821797847748,
    "affinity_pred_value1": 0.36738449335098267,
    "affinity_probability_binary1": 0.384635865688324,
    "affinity_pred_value2": 0.9160334467887878,
    "affinity_probability_binary2": 0.4095284938812256
}