{
    "confidence_score": 0.9461542963981628,
    "ptm": 0.9516510963439941,
    "iptm": 0.9698963761329651,
    "ligand_iptm": 0.9698963761329651,
    "protein_iptm": 0.0,
    "complex_plddt": 0.9402187466621399,
    "complex_iplddt": 0.9068740606307983,
    "complex_pde": 0.4343249797821045,
    "complex_ipde": 0.6606498956680298,
    "chains_ptm": {
        "0": 0.9487782716751099,
        "1": 0.8591155409812927
    },
    "pair_chains_iptm": {
        "0": {
            "0": 0.9487782716751099,
            "1": 0.5490903854370117
        },
        "1": {
            "0": 0.9698963761329651,
            "1": 0.8591155409812927
        }
    }
}