{
    "affinity_pred_value": -0.680777907371521,
    "affinity_probability_binary": 0.7761086225509644,
    "affinity_pred_value1": -1.0322335958480835,
    "affinity_probability_binary1": 0.9316579103469849,
    "affinity_pred_value2": -0.3293221890926361,
    "affinity_probability_binary2": 0.6205593943595886
}