{
    "confidence_score": 0.9200311899185181,
    "ptm": 0.9423092603683472,
    "iptm": 0.9432099461555481,
    "ligand_iptm": 0.9432099461555481,
    "protein_iptm": 0.0,
    "complex_plddt": 0.9142364859580994,
    "complex_iplddt": 0.865817666053772,
    "complex_pde": 0.4705398380756378,
    "complex_ipde": 0.7462205290794373,
    "chains_ptm": {
        "0": 0.9422209858894348,
        "1": 0.8674060106277466
    },
    "pair_chains_iptm": {
        "0": {
            "0": 0.9422209858894348,
            "1": 0.5175930857658386
        },
        "1": {
            "0": 0.9432099461555481,
            "1": 0.8674060106277466
        }
    }
}