{
    "affinity_pred_value": 0.8245916366577148,
    "affinity_probability_binary": 0.26431670784950256,
    "affinity_pred_value1": 1.422653317451477,
    "affinity_probability_binary1": 0.22822940349578857,
    "affinity_pred_value2": 0.2265300154685974,
    "affinity_probability_binary2": 0.30040401220321655
}