{
    "confidence_score": 0.843980610370636,
    "ptm": 0.7725030779838562,
    "iptm": 0.938315212726593,
    "ligand_iptm": 0.938315212726593,
    "protein_iptm": 0.0,
    "complex_plddt": 0.8203969597816467,
    "complex_iplddt": 0.8137596845626831,
    "complex_pde": 0.6034872531890869,
    "complex_ipde": 1.6211546659469604,
    "chains_ptm": {
        "0": 0.7509259581565857,
        "1": 0.8796491026878357
    },
    "pair_chains_iptm": {
        "0": {
            "0": 0.7509259581565857,
            "1": 0.3896937668323517
        },
        "1": {
            "0": 0.938315212726593,
            "1": 0.8796491026878357
        }
    }
}