{
    "affinity_pred_value": -0.6630235910415649,
    "affinity_probability_binary": 0.14295808970928192,
    "affinity_pred_value1": -0.971318244934082,
    "affinity_probability_binary1": 0.07159227877855301,
    "affinity_pred_value2": -0.3547289967536926,
    "affinity_probability_binary2": 0.21432390809059143
}