{
    "confidence_score": 0.8966357111930847,
    "ptm": 0.926324725151062,
    "iptm": 0.9089034199714661,
    "ligand_iptm": 0.9089034199714661,
    "protein_iptm": 0.0,
    "complex_plddt": 0.893568754196167,
    "complex_iplddt": 0.801125705242157,
    "complex_pde": 0.5887115597724915,
    "complex_ipde": 1.0030497312545776,
    "chains_ptm": {
        "0": 0.928696870803833,
        "1": 0.793342113494873
    },
    "pair_chains_iptm": {
        "0": {
            "0": 0.928696870803833,
            "1": 0.3979372978210449
        },
        "1": {
            "0": 0.9089034199714661,
            "1": 0.793342113494873
        }
    }
}