{
    "affinity_pred_value": 0.5537009239196777,
    "affinity_probability_binary": 0.11480292677879333,
    "affinity_pred_value1": 0.9855531454086304,
    "affinity_probability_binary1": 0.15883572399616241,
    "affinity_pred_value2": 0.1218486875295639,
    "affinity_probability_binary2": 0.07077012211084366
}