{
    "confidence_score": 0.6647834181785583,
    "ptm": 0.8058221340179443,
    "iptm": 0.6747832894325256,
    "ligand_iptm": 0.6747832894325256,
    "protein_iptm": 0.0,
    "complex_plddt": 0.6622834205627441,
    "complex_iplddt": 0.4159967005252838,
    "complex_pde": 0.8812728524208069,
    "complex_ipde": 2.8101608753204346,
    "chains_ptm": {
        "0": 0.8265902996063232,
        "1": 0.8791850805282593
    },
    "pair_chains_iptm": {
        "0": {
            "0": 0.8265902996063232,
            "1": 0.3189401924610138
        },
        "1": {
            "0": 0.6747832894325256,
            "1": 0.8791850805282593
        }
    }
}