{
    "affinity_pred_value": 0.351165771484375,
    "affinity_probability_binary": 0.31547147035598755,
    "affinity_pred_value1": 0.6757744550704956,
    "affinity_probability_binary1": 0.27627459168434143,
    "affinity_pred_value2": 0.026557080447673798,
    "affinity_probability_binary2": 0.3546683192253113
}