{
    "confidence_score": 0.712527871131897,
    "ptm": 0.7422757148742676,
    "iptm": 0.7397887706756592,
    "ligand_iptm": 0.7397887706756592,
    "protein_iptm": 0.0,
    "complex_plddt": 0.705712616443634,
    "complex_iplddt": 0.445152223110199,
    "complex_pde": 0.9883190393447876,
    "complex_ipde": 2.6646032333374023,
    "chains_ptm": {
        "0": 0.7457100749015808,
        "1": 0.8476495742797852
    },
    "pair_chains_iptm": {
        "0": {
            "0": 0.7457100749015808,
            "1": 0.25220978260040283
        },
        "1": {
            "0": 0.7397887706756592,
            "1": 0.8476495742797852
        }
    }
}