{
    "affinity_pred_value": -0.20803606510162354,
    "affinity_probability_binary": 0.19329532980918884,
    "affinity_pred_value1": 0.19982104003429413,
    "affinity_probability_binary1": 0.19067731499671936,
    "affinity_pred_value2": -0.6158931851387024,
    "affinity_probability_binary2": 0.19591335952281952
}