{
    "confidence_score": 0.7239136099815369,
    "ptm": 0.8776347637176514,
    "iptm": 0.809051513671875,
    "ligand_iptm": 0.809051513671875,
    "protein_iptm": 0.0,
    "complex_plddt": 0.7026291489601135,
    "complex_iplddt": 0.5959828495979309,
    "complex_pde": 0.6783924698829651,
    "complex_ipde": 2.2350375652313232,
    "chains_ptm": {
        "0": 0.8934316039085388,
        "1": 0.8098412752151489
    },
    "pair_chains_iptm": {
        "0": {
            "0": 0.8934316039085388,
            "1": 0.42480337619781494
        },
        "1": {
            "0": 0.809051513671875,
            "1": 0.8098412752151489
        }
    }
}