{
    "affinity_pred_value": -0.4618431329727173,
    "affinity_probability_binary": 0.25471046566963196,
    "affinity_pred_value1": -0.26370009779930115,
    "affinity_probability_binary1": 0.21885240077972412,
    "affinity_pred_value2": -0.6599861979484558,
    "affinity_probability_binary2": 0.2905685305595398
}