{
    "confidence_score": 0.684895932674408,
    "ptm": 0.8966875672340393,
    "iptm": 0.8696956038475037,
    "ligand_iptm": 0.8696956038475037,
    "protein_iptm": 0.0,
    "complex_plddt": 0.6386959552764893,
    "complex_iplddt": 0.4175579249858856,
    "complex_pde": 0.5449560880661011,
    "complex_ipde": 1.1847387552261353,
    "chains_ptm": {
        "0": 0.9037474989891052,
        "1": 0.85358726978302
    },
    "pair_chains_iptm": {
        "0": {
            "0": 0.9037474989891052,
            "1": 0.49896958470344543
        },
        "1": {
            "0": 0.8696956038475037,
            "1": 0.85358726978302
        }
    }
}