{
    "affinity_pred_value": 0.45963022112846375,
    "affinity_probability_binary": 0.23457857966423035,
    "affinity_pred_value1": -0.05156528204679489,
    "affinity_probability_binary1": 0.16332291066646576,
    "affinity_pred_value2": 0.970825731754303,
    "affinity_probability_binary2": 0.30583426356315613
}