{
    "confidence_score": 0.7617865204811096,
    "ptm": 0.9422964453697205,
    "iptm": 0.9083454012870789,
    "ligand_iptm": 0.9083454012870789,
    "protein_iptm": 0.0,
    "complex_plddt": 0.7251467704772949,
    "complex_iplddt": 0.6857291460037231,
    "complex_pde": 0.4493277072906494,
    "complex_ipde": 1.1643842458724976,
    "chains_ptm": {
        "0": 0.9478334188461304,
        "1": 0.8730005621910095
    },
    "pair_chains_iptm": {
        "0": {
            "0": 0.9478334188461304,
            "1": 0.5055219531059265
        },
        "1": {
            "0": 0.9083454012870789,
            "1": 0.8730005621910095
        }
    }
}