{
    "affinity_pred_value": -1.2899525165557861,
    "affinity_probability_binary": 0.8324915170669556,
    "affinity_pred_value1": -1.2684532403945923,
    "affinity_probability_binary1": 0.8682594299316406,
    "affinity_pred_value2": -1.31145179271698,
    "affinity_probability_binary2": 0.7967236638069153
}