{
    "confidence_score": 0.9142298698425293,
    "ptm": 0.9078325629234314,
    "iptm": 0.9802573919296265,
    "ligand_iptm": 0.9802573919296265,
    "protein_iptm": 0.0,
    "complex_plddt": 0.8977230191230774,
    "complex_iplddt": 0.91158527135849,
    "complex_pde": 0.39947107434272766,
    "complex_ipde": 0.49418526887893677,
    "chains_ptm": {
        "0": 0.8959400653839111,
        "1": 0.8927645683288574
    },
    "pair_chains_iptm": {
        "0": {
            "0": 0.8959400653839111,
            "1": 0.6200215816497803
        },
        "1": {
            "0": 0.9802573919296265,
            "1": 0.8927645683288574
        }
    }
}