{
    "affinity_pred_value": -0.4034919738769531,
    "affinity_probability_binary": 0.7190881967544556,
    "affinity_pred_value1": -0.48454156517982483,
    "affinity_probability_binary1": 0.6894202828407288,
    "affinity_pred_value2": -0.3224424123764038,
    "affinity_probability_binary2": 0.7487560510635376
}