{
    "confidence_score": 0.9161807298660278,
    "ptm": 0.9242223501205444,
    "iptm": 0.9671682119369507,
    "ligand_iptm": 0.9671682119369507,
    "protein_iptm": 0.0,
    "complex_plddt": 0.9034338593482971,
    "complex_iplddt": 0.8711605668067932,
    "complex_pde": 0.41730624437332153,
    "complex_ipde": 0.6115075349807739,
    "chains_ptm": {
        "0": 0.916384220123291,
        "1": 0.8433821201324463
    },
    "pair_chains_iptm": {
        "0": {
            "0": 0.916384220123291,
            "1": 0.6289207339286804
        },
        "1": {
            "0": 0.9671682119369507,
            "1": 0.8433821201324463
        }
    }
}