{
    "affinity_pred_value": 0.12693054974079132,
    "affinity_probability_binary": 0.5272544622421265,
    "affinity_pred_value1": 0.3034743666648865,
    "affinity_probability_binary1": 0.6065252423286438,
    "affinity_pred_value2": -0.049613263458013535,
    "affinity_probability_binary2": 0.44798362255096436
}