{
    "confidence_score": 0.7705132365226746,
    "ptm": 0.9354739189147949,
    "iptm": 0.9410865902900696,
    "ligand_iptm": 0.9410865902900696,
    "protein_iptm": 0.0,
    "complex_plddt": 0.7278698682785034,
    "complex_iplddt": 0.6766026616096497,
    "complex_pde": 0.4267086982727051,
    "complex_ipde": 0.9722492098808289,
    "chains_ptm": {
        "0": 0.9350675940513611,
        "1": 0.9023158550262451
    },
    "pair_chains_iptm": {
        "0": {
            "0": 0.9350675940513611,
            "1": 0.5650310516357422
        },
        "1": {
            "0": 0.9410865902900696,
            "1": 0.9023158550262451
        }
    }
}