{
    "affinity_pred_value": 1.090939998626709,
    "affinity_probability_binary": 0.14029330015182495,
    "affinity_pred_value1": 1.9145673513412476,
    "affinity_probability_binary1": 0.05222231149673462,
    "affinity_pred_value2": 0.2673127055168152,
    "affinity_probability_binary2": 0.22836428880691528
}