{
    "confidence_score": 0.7675321698188782,
    "ptm": 0.8097937703132629,
    "iptm": 0.8540505766868591,
    "ligand_iptm": 0.8540505766868591,
    "protein_iptm": 0.0,
    "complex_plddt": 0.7459025382995605,
    "complex_iplddt": 0.6812599301338196,
    "complex_pde": 0.7810678482055664,
    "complex_ipde": 2.3121464252471924,
    "chains_ptm": {
        "0": 0.8078747391700745,
        "1": 0.8934606909751892
    },
    "pair_chains_iptm": {
        "0": {
            "0": 0.8078747391700745,
            "1": 0.3242880403995514
        },
        "1": {
            "0": 0.8540505766868591,
            "1": 0.8934606909751892
        }
    }
}