{
    "affinity_pred_value": 0.821425199508667,
    "affinity_probability_binary": 0.20457527041435242,
    "affinity_pred_value1": 1.139369010925293,
    "affinity_probability_binary1": 0.19176365435123444,
    "affinity_pred_value2": 0.503481388092041,
    "affinity_probability_binary2": 0.2173868715763092
}