{
    "confidence_score": 0.8065544366836548,
    "ptm": 0.8001173734664917,
    "iptm": 0.9530913233757019,
    "ligand_iptm": 0.9530913233757019,
    "protein_iptm": 0.0,
    "complex_plddt": 0.7699201703071594,
    "complex_iplddt": 0.679244875907898,
    "complex_pde": 0.5482999086380005,
    "complex_ipde": 1.466779112815857,
    "chains_ptm": {
        "0": 0.7793847918510437,
        "1": 0.9207970499992371
    },
    "pair_chains_iptm": {
        "0": {
            "0": 0.7793847918510437,
            "1": 0.4893805682659149
        },
        "1": {
            "0": 0.9530913233757019,
            "1": 0.9207970499992371
        }
    }
}