{
    "affinity_pred_value": -1.300739049911499,
    "affinity_probability_binary": 0.8523576259613037,
    "affinity_pred_value1": -1.6473220586776733,
    "affinity_probability_binary1": 0.8806909918785095,
    "affinity_pred_value2": -0.9541559815406799,
    "affinity_probability_binary2": 0.8240242600440979
}