{
    "confidence_score": 0.9225463271141052,
    "ptm": 0.9111475944519043,
    "iptm": 0.983475387096405,
    "ligand_iptm": 0.983475387096405,
    "protein_iptm": 0.0,
    "complex_plddt": 0.9073140621185303,
    "complex_iplddt": 0.9023110270500183,
    "complex_pde": 0.3881067633628845,
    "complex_ipde": 0.5187830328941345,
    "chains_ptm": {
        "0": 0.9006830453872681,
        "1": 0.9277676343917847
    },
    "pair_chains_iptm": {
        "0": {
            "0": 0.9006830453872681,
            "1": 0.6939307451248169
        },
        "1": {
            "0": 0.983475387096405,
            "1": 0.9277676343917847
        }
    }
}