{
    "affinity_pred_value": -1.0000251531600952,
    "affinity_probability_binary": 0.41890835762023926,
    "affinity_pred_value1": -0.609693706035614,
    "affinity_probability_binary1": 0.31201598048210144,
    "affinity_pred_value2": -1.3903566598892212,
    "affinity_probability_binary2": 0.5258007049560547
}