{
    "confidence_score": 0.7691289782524109,
    "ptm": 0.9419079422950745,
    "iptm": 0.9235587120056152,
    "ligand_iptm": 0.9235587120056152,
    "protein_iptm": 0.0,
    "complex_plddt": 0.730521559715271,
    "complex_iplddt": 0.38598862290382385,
    "complex_pde": 0.5125206112861633,
    "complex_ipde": 1.2626473903656006,
    "chains_ptm": {
        "0": 0.9517313838005066,
        "1": 0.8758292198181152
    },
    "pair_chains_iptm": {
        "0": {
            "0": 0.9517313838005066,
            "1": 0.60258549451828
        },
        "1": {
            "0": 0.9235587120056152,
            "1": 0.8758292198181152
        }
    }
}