{
    "affinity_pred_value": 0.4609244465827942,
    "affinity_probability_binary": 0.5920244455337524,
    "affinity_pred_value1": 0.3314930200576782,
    "affinity_probability_binary1": 0.6247861981391907,
    "affinity_pred_value2": 0.5903558731079102,
    "affinity_probability_binary2": 0.5592626929283142
}