{
    "confidence_score": 0.9292911887168884,
    "ptm": 0.9393513798713684,
    "iptm": 0.9608319997787476,
    "ligand_iptm": 0.9608319997787476,
    "protein_iptm": 0.0,
    "complex_plddt": 0.9214059710502625,
    "complex_iplddt": 0.8845234513282776,
    "complex_pde": 0.4678061604499817,
    "complex_ipde": 0.6835771203041077,
    "chains_ptm": {
        "0": 0.93534916639328,
        "1": 0.8790593147277832
    },
    "pair_chains_iptm": {
        "0": {
            "0": 0.93534916639328,
            "1": 0.6127035617828369
        },
        "1": {
            "0": 0.9608319997787476,
            "1": 0.8790593147277832
        }
    }
}