{
    "affinity_pred_value": -1.3933556079864502,
    "affinity_probability_binary": 0.6319538950920105,
    "affinity_pred_value1": -1.7611093521118164,
    "affinity_probability_binary1": 0.778881311416626,
    "affinity_pred_value2": -1.025601863861084,
    "affinity_probability_binary2": 0.48502644896507263
}