{
    "confidence_score": 0.6879563331604004,
    "ptm": 0.7494232654571533,
    "iptm": 0.7377611994743347,
    "ligand_iptm": 0.7377611994743347,
    "protein_iptm": 0.0,
    "complex_plddt": 0.6755051016807556,
    "complex_iplddt": 0.4628790616989136,
    "complex_pde": 0.9882923364639282,
    "complex_ipde": 3.084638833999634,
    "chains_ptm": {
        "0": 0.7525900602340698,
        "1": 0.8399527668952942
    },
    "pair_chains_iptm": {
        "0": {
            "0": 0.7525900602340698,
            "1": 0.3543739318847656
        },
        "1": {
            "0": 0.7377611994743347,
            "1": 0.8399527668952942
        }
    }
}