{
    "affinity_pred_value": -0.8102291226387024,
    "affinity_probability_binary": 0.4004974067211151,
    "affinity_pred_value1": -0.3976607322692871,
    "affinity_probability_binary1": 0.358624130487442,
    "affinity_pred_value2": -1.2227975130081177,
    "affinity_probability_binary2": 0.4423706829547882
}