{
    "confidence_score": 0.7447854280471802,
    "ptm": 0.8794603943824768,
    "iptm": 0.7259101271629333,
    "ligand_iptm": 0.7259101271629333,
    "protein_iptm": 0.0,
    "complex_plddt": 0.7495042085647583,
    "complex_iplddt": 0.41392308473587036,
    "complex_pde": 0.7912294864654541,
    "complex_ipde": 3.0470242500305176,
    "chains_ptm": {
        "0": 0.9345992207527161,
        "1": 0.7589860558509827
    },
    "pair_chains_iptm": {
        "0": {
            "0": 0.9345992207527161,
            "1": 0.3794953525066376
        },
        "1": {
            "0": 0.7259101271629333,
            "1": 0.7589860558509827
        }
    }
}