{
    "affinity_pred_value": -0.17546790838241577,
    "affinity_probability_binary": 0.3667784333229065,
    "affinity_pred_value1": -0.5099904537200928,
    "affinity_probability_binary1": 0.36132293939590454,
    "affinity_pred_value2": 0.15905465185642242,
    "affinity_probability_binary2": 0.37223395705223083
}