{
    "confidence_score": 0.6410858035087585,
    "ptm": 0.8249568343162537,
    "iptm": 0.7522532939910889,
    "ligand_iptm": 0.7522532939910889,
    "protein_iptm": 0.0,
    "complex_plddt": 0.6132938861846924,
    "complex_iplddt": 0.3426317870616913,
    "complex_pde": 0.9076505303382874,
    "complex_ipde": 3.0683555603027344,
    "chains_ptm": {
        "0": 0.8438969254493713,
        "1": 0.7737802267074585
    },
    "pair_chains_iptm": {
        "0": {
            "0": 0.8438969254493713,
            "1": 0.3410828113555908
        },
        "1": {
            "0": 0.7522532939910889,
            "1": 0.7737802267074585
        }
    }
}