{
    "affinity_pred_value": -0.37763744592666626,
    "affinity_probability_binary": 0.4820140600204468,
    "affinity_pred_value1": -0.7666658163070679,
    "affinity_probability_binary1": 0.4886972904205322,
    "affinity_pred_value2": 0.011390894651412964,
    "affinity_probability_binary2": 0.47533082962036133
}