{
    "confidence_score": 0.9326596260070801,
    "ptm": 0.9373381733894348,
    "iptm": 0.9614797830581665,
    "ligand_iptm": 0.9614797830581665,
    "protein_iptm": 0.0,
    "complex_plddt": 0.9254545569419861,
    "complex_iplddt": 0.8812582492828369,
    "complex_pde": 0.4729216992855072,
    "complex_ipde": 0.6644964814186096,
    "chains_ptm": {
        "0": 0.932719349861145,
        "1": 0.835253119468689
    },
    "pair_chains_iptm": {
        "0": {
            "0": 0.932719349861145,
            "1": 0.5404597520828247
        },
        "1": {
            "0": 0.9614797830581665,
            "1": 0.835253119468689
        }
    }
}