{
    "affinity_pred_value": -0.03223170340061188,
    "affinity_probability_binary": 0.40827926993370056,
    "affinity_pred_value1": 0.3032902181148529,
    "affinity_probability_binary1": 0.3759249448776245,
    "affinity_pred_value2": -0.36775362491607666,
    "affinity_probability_binary2": 0.4406335949897766
}