{
    "confidence_score": 0.8055291175842285,
    "ptm": 0.7656489610671997,
    "iptm": 0.8724349737167358,
    "ligand_iptm": 0.8724349737167358,
    "protein_iptm": 0.0,
    "complex_plddt": 0.7888026237487793,
    "complex_iplddt": 0.6990445852279663,
    "complex_pde": 0.8393656611442566,
    "complex_ipde": 2.478452444076538,
    "chains_ptm": {
        "0": 0.7448521852493286,
        "1": 0.9328750371932983
    },
    "pair_chains_iptm": {
        "0": {
            "0": 0.7448521852493286,
            "1": 0.443013072013855
        },
        "1": {
            "0": 0.8724349737167358,
            "1": 0.9328750371932983
        }
    }
}