{
    "affinity_pred_value": 0.5140461921691895,
    "affinity_probability_binary": 0.2514585554599762,
    "affinity_pred_value1": 0.6324838399887085,
    "affinity_probability_binary1": 0.2432297319173813,
    "affinity_pred_value2": 0.39560848474502563,
    "affinity_probability_binary2": 0.2596873939037323
}