{
    "confidence_score": 0.7327806353569031,
    "ptm": 0.8956171870231628,
    "iptm": 0.8662958741188049,
    "ligand_iptm": 0.8662958741188049,
    "protein_iptm": 0.0,
    "complex_plddt": 0.69940185546875,
    "complex_iplddt": 0.5452700257301331,
    "complex_pde": 0.5877089500427246,
    "complex_ipde": 1.8275134563446045,
    "chains_ptm": {
        "0": 0.9003862142562866,
        "1": 0.8188118934631348
    },
    "pair_chains_iptm": {
        "0": {
            "0": 0.9003862142562866,
            "1": 0.40671196579933167
        },
        "1": {
            "0": 0.8662958741188049,
            "1": 0.8188118934631348
        }
    }
}