{
    "affinity_pred_value": 0.22651484608650208,
    "affinity_probability_binary": 0.7678017616271973,
    "affinity_pred_value1": 0.01932092010974884,
    "affinity_probability_binary1": 0.7928740978240967,
    "affinity_pred_value2": 0.4337087571620941,
    "affinity_probability_binary2": 0.7427294254302979
}