{
    "confidence_score": 0.9280646443367004,
    "ptm": 0.9434560537338257,
    "iptm": 0.9587007164955139,
    "ligand_iptm": 0.9587007164955139,
    "protein_iptm": 0.0,
    "complex_plddt": 0.9204055666923523,
    "complex_iplddt": 0.8762978911399841,
    "complex_pde": 0.46787595748901367,
    "complex_ipde": 0.6771135926246643,
    "chains_ptm": {
        "0": 0.9406830072402954,
        "1": 0.8850339651107788
    },
    "pair_chains_iptm": {
        "0": {
            "0": 0.9406830072402954,
            "1": 0.6099756956100464
        },
        "1": {
            "0": 0.9587007164955139,
            "1": 0.8850339651107788
        }
    }
}