{
    "affinity_pred_value": -0.3395584225654602,
    "affinity_probability_binary": 0.4387713670730591,
    "affinity_pred_value1": 0.30578678846359253,
    "affinity_probability_binary1": 0.3957959711551666,
    "affinity_pred_value2": -0.9849036335945129,
    "affinity_probability_binary2": 0.48174676299095154
}