{
    "confidence_score": 0.6565752029418945,
    "ptm": 0.8030721545219421,
    "iptm": 0.6835550665855408,
    "ligand_iptm": 0.6835550665855408,
    "protein_iptm": 0.0,
    "complex_plddt": 0.6498302221298218,
    "complex_iplddt": 0.346233069896698,
    "complex_pde": 0.842994749546051,
    "complex_ipde": 2.8074891567230225,
    "chains_ptm": {
        "0": 0.8381565809249878,
        "1": 0.8940029144287109
    },
    "pair_chains_iptm": {
        "0": {
            "0": 0.8381565809249878,
            "1": 0.39153027534484863
        },
        "1": {
            "0": 0.6835550665855408,
            "1": 0.8940029144287109
        }
    }
}