{
    "affinity_pred_value": -1.2447092533111572,
    "affinity_probability_binary": 0.9125069379806519,
    "affinity_pred_value1": -1.732474446296692,
    "affinity_probability_binary1": 0.9543718695640564,
    "affinity_pred_value2": -0.756943941116333,
    "affinity_probability_binary2": 0.8706420063972473
}