{
    "confidence_score": 0.9458527565002441,
    "ptm": 0.9363511204719543,
    "iptm": 0.9793734550476074,
    "ligand_iptm": 0.9793734550476074,
    "protein_iptm": 0.0,
    "complex_plddt": 0.9374725818634033,
    "complex_iplddt": 0.9066104292869568,
    "complex_pde": 0.4635221064090729,
    "complex_ipde": 0.614147961139679,
    "chains_ptm": {
        "0": 0.9312249422073364,
        "1": 0.92796391248703
    },
    "pair_chains_iptm": {
        "0": {
            "0": 0.9312249422073364,
            "1": 0.5835382342338562
        },
        "1": {
            "0": 0.9793734550476074,
            "1": 0.92796391248703
        }
    }
}