{
    "affinity_pred_value": -0.15237677097320557,
    "affinity_probability_binary": 0.3981087803840637,
    "affinity_pred_value1": 0.8346831798553467,
    "affinity_probability_binary1": 0.2849246859550476,
    "affinity_pred_value2": -1.1394367218017578,
    "affinity_probability_binary2": 0.5112928748130798
}