{
    "confidence_score": 0.720848560333252,
    "ptm": 0.9327152371406555,
    "iptm": 0.948945164680481,
    "ligand_iptm": 0.948945164680481,
    "protein_iptm": 0.0,
    "complex_plddt": 0.6638244390487671,
    "complex_iplddt": 0.48257946968078613,
    "complex_pde": 0.38105538487434387,
    "complex_ipde": 0.5894969701766968,
    "chains_ptm": {
        "0": 0.9337356090545654,
        "1": 0.8777784705162048
    },
    "pair_chains_iptm": {
        "0": {
            "0": 0.9337356090545654,
            "1": 0.5761527419090271
        },
        "1": {
            "0": 0.948945164680481,
            "1": 0.8777784705162048
        }
    }
}