{
    "affinity_pred_value": -0.4589399993419647,
    "affinity_probability_binary": 0.3809813857078552,
    "affinity_pred_value1": -0.11842680722475052,
    "affinity_probability_binary1": 0.46244776248931885,
    "affinity_pred_value2": -0.7994531989097595,
    "affinity_probability_binary2": 0.2995149791240692
}