{
    "confidence_score": 0.6934305429458618,
    "ptm": 0.9171375632286072,
    "iptm": 0.8590341210365295,
    "ligand_iptm": 0.8590341210365295,
    "protein_iptm": 0.0,
    "complex_plddt": 0.6520296335220337,
    "complex_iplddt": 0.42081496119499207,
    "complex_pde": 0.49441230297088623,
    "complex_ipde": 1.3033838272094727,
    "chains_ptm": {
        "0": 0.9289640188217163,
        "1": 0.9320834279060364
    },
    "pair_chains_iptm": {
        "0": {
            "0": 0.9289640188217163,
            "1": 0.5846630334854126
        },
        "1": {
            "0": 0.8590341210365295,
            "1": 0.9320834279060364
        }
    }
}