{
    "affinity_pred_value": -0.6891917586326599,
    "affinity_probability_binary": 0.7653170824050903,
    "affinity_pred_value1": -0.5875804424285889,
    "affinity_probability_binary1": 0.6834930777549744,
    "affinity_pred_value2": -0.790803074836731,
    "affinity_probability_binary2": 0.8471410274505615
}