{
    "confidence_score": 0.9035475850105286,
    "ptm": 0.9162242412567139,
    "iptm": 0.9590945839881897,
    "ligand_iptm": 0.9590945839881897,
    "protein_iptm": 0.0,
    "complex_plddt": 0.8896608352661133,
    "complex_iplddt": 0.8626832962036133,
    "complex_pde": 0.41025134921073914,
    "complex_ipde": 0.6000014543533325,
    "chains_ptm": {
        "0": 0.9083656668663025,
        "1": 0.8866998553276062
    },
    "pair_chains_iptm": {
        "0": {
            "0": 0.9083656668663025,
            "1": 0.6574878692626953
        },
        "1": {
            "0": 0.9590945839881897,
            "1": 0.8866998553276062
        }
    }
}