{
    "affinity_pred_value": -1.3669941425323486,
    "affinity_probability_binary": 0.4789309501647949,
    "affinity_pred_value1": -1.344718098640442,
    "affinity_probability_binary1": 0.6811322569847107,
    "affinity_pred_value2": -1.3892701864242554,
    "affinity_probability_binary2": 0.27672961354255676
}