{
    "confidence_score": 0.7323588132858276,
    "ptm": 0.8131449818611145,
    "iptm": 0.7978470325469971,
    "ligand_iptm": 0.7978470325469971,
    "protein_iptm": 0.0,
    "complex_plddt": 0.7159867286682129,
    "complex_iplddt": 0.5860362648963928,
    "complex_pde": 0.8388026356697083,
    "complex_ipde": 2.9227890968322754,
    "chains_ptm": {
        "0": 0.8196272253990173,
        "1": 0.8028196096420288
    },
    "pair_chains_iptm": {
        "0": {
            "0": 0.8196272253990173,
            "1": 0.3625061810016632
        },
        "1": {
            "0": 0.7978470325469971,
            "1": 0.8028196096420288
        }
    }
}