{
    "affinity_pred_value": 0.001493304967880249,
    "affinity_probability_binary": 0.5153001546859741,
    "affinity_pred_value1": -0.7873179912567139,
    "affinity_probability_binary1": 0.5161392092704773,
    "affinity_pred_value2": 0.7903046011924744,
    "affinity_probability_binary2": 0.5144611597061157
}