{
    "confidence_score": 0.9337194561958313,
    "ptm": 0.9396841526031494,
    "iptm": 0.965188205242157,
    "ligand_iptm": 0.965188205242157,
    "protein_iptm": 0.0,
    "complex_plddt": 0.9258522391319275,
    "complex_iplddt": 0.8831009864807129,
    "complex_pde": 0.4734609127044678,
    "complex_ipde": 0.6636062860488892,
    "chains_ptm": {
        "0": 0.9366496801376343,
        "1": 0.8257771134376526
    },
    "pair_chains_iptm": {
        "0": {
            "0": 0.9366496801376343,
            "1": 0.520392119884491
        },
        "1": {
            "0": 0.965188205242157,
            "1": 0.8257771134376526
        }
    }
}