{
    "affinity_pred_value": 0.20941351354122162,
    "affinity_probability_binary": 0.40220189094543457,
    "affinity_pred_value1": -0.38246700167655945,
    "affinity_probability_binary1": 0.29443275928497314,
    "affinity_pred_value2": 0.8012940287590027,
    "affinity_probability_binary2": 0.509971022605896
}