{
    "confidence_score": 0.9267438054084778,
    "ptm": 0.9409882426261902,
    "iptm": 0.9624356031417847,
    "ligand_iptm": 0.9624356031417847,
    "protein_iptm": 0.0,
    "complex_plddt": 0.9178208708763123,
    "complex_iplddt": 0.8705771565437317,
    "complex_pde": 0.46233442425727844,
    "complex_ipde": 0.6588170528411865,
    "chains_ptm": {
        "0": 0.9384654760360718,
        "1": 0.8674051761627197
    },
    "pair_chains_iptm": {
        "0": {
            "0": 0.9384654760360718,
            "1": 0.5855870842933655
        },
        "1": {
            "0": 0.9624356031417847,
            "1": 0.8674051761627197
        }
    }
}