{
    "affinity_pred_value": -0.34721827507019043,
    "affinity_probability_binary": 0.4524848163127899,
    "affinity_pred_value1": -0.7799941301345825,
    "affinity_probability_binary1": 0.5017486810684204,
    "affinity_pred_value2": 0.08555756509304047,
    "affinity_probability_binary2": 0.4032209515571594
}