{
    "confidence_score": 0.9009361267089844,
    "ptm": 0.9077662229537964,
    "iptm": 0.9669651985168457,
    "ligand_iptm": 0.9669651985168457,
    "protein_iptm": 0.0,
    "complex_plddt": 0.8844287991523743,
    "complex_iplddt": 0.8469196557998657,
    "complex_pde": 0.44690781831741333,
    "complex_ipde": 0.7006031274795532,
    "chains_ptm": {
        "0": 0.8975603580474854,
        "1": 0.8739470839500427
    },
    "pair_chains_iptm": {
        "0": {
            "0": 0.8975603580474854,
            "1": 0.5446593761444092
        },
        "1": {
            "0": 0.9669651985168457,
            "1": 0.8739470839500427
        }
    }
}