{
    "affinity_pred_value": 1.030221939086914,
    "affinity_probability_binary": 0.12070586532354355,
    "affinity_pred_value1": 1.368202567100525,
    "affinity_probability_binary1": 0.12367604672908783,
    "affinity_pred_value2": 0.6922412514686584,
    "affinity_probability_binary2": 0.11773568391799927
}