{
    "confidence_score": 0.6956077218055725,
    "ptm": 0.8191843628883362,
    "iptm": 0.7433383464813232,
    "ligand_iptm": 0.7433383464813232,
    "protein_iptm": 0.0,
    "complex_plddt": 0.6836750507354736,
    "complex_iplddt": 0.4884774386882782,
    "complex_pde": 0.9290589094161987,
    "complex_ipde": 3.871807098388672,
    "chains_ptm": {
        "0": 0.8338987827301025,
        "1": 0.7787002921104431
    },
    "pair_chains_iptm": {
        "0": {
            "0": 0.8338987827301025,
            "1": 0.32754355669021606
        },
        "1": {
            "0": 0.7433383464813232,
            "1": 0.7787002921104431
        }
    }
}