{
    "affinity_pred_value": 0.08915309607982635,
    "affinity_probability_binary": 0.19013799726963043,
    "affinity_pred_value1": -0.12063148617744446,
    "affinity_probability_binary1": 0.18321159482002258,
    "affinity_pred_value2": 0.29893767833709717,
    "affinity_probability_binary2": 0.19706439971923828
}