{
    "confidence_score": 0.7651340365409851,
    "ptm": 0.820128321647644,
    "iptm": 0.8592362999916077,
    "ligand_iptm": 0.8592362999916077,
    "protein_iptm": 0.0,
    "complex_plddt": 0.7416084408760071,
    "complex_iplddt": 0.6923258304595947,
    "complex_pde": 0.6928378939628601,
    "complex_ipde": 2.0428719520568848,
    "chains_ptm": {
        "0": 0.8146977424621582,
        "1": 0.862800121307373
    },
    "pair_chains_iptm": {
        "0": {
            "0": 0.8146977424621582,
            "1": 0.44948601722717285
        },
        "1": {
            "0": 0.8592362999916077,
            "1": 0.862800121307373
        }
    }
}