{
    "affinity_pred_value": 0.1356300264596939,
    "affinity_probability_binary": 0.1661117523908615,
    "affinity_pred_value1": 0.11610455811023712,
    "affinity_probability_binary1": 0.177594855427742,
    "affinity_pred_value2": 0.1551554948091507,
    "affinity_probability_binary2": 0.15462864935398102
}