{
    "confidence_score": 0.7200674414634705,
    "ptm": 0.8522632718086243,
    "iptm": 0.8216930627822876,
    "ligand_iptm": 0.8216930627822876,
    "protein_iptm": 0.0,
    "complex_plddt": 0.694661021232605,
    "complex_iplddt": 0.5816559791564941,
    "complex_pde": 0.7375879883766174,
    "complex_ipde": 2.2069616317749023,
    "chains_ptm": {
        "0": 0.8583879470825195,
        "1": 0.8228787779808044
    },
    "pair_chains_iptm": {
        "0": {
            "0": 0.8583879470825195,
            "1": 0.40703919529914856
        },
        "1": {
            "0": 0.8216930627822876,
            "1": 0.8228787779808044
        }
    }
}