{
    "affinity_pred_value": -0.10126171261072159,
    "affinity_probability_binary": 0.3377431035041809,
    "affinity_pred_value1": 0.043054088950157166,
    "affinity_probability_binary1": 0.34490785002708435,
    "affinity_pred_value2": -0.24557751417160034,
    "affinity_probability_binary2": 0.33057838678359985
}