{
    "confidence_score": 0.7457123398780823,
    "ptm": 0.8772401213645935,
    "iptm": 0.8801479935646057,
    "ligand_iptm": 0.8801479935646057,
    "protein_iptm": 0.0,
    "complex_plddt": 0.7121034264564514,
    "complex_iplddt": 0.6012638807296753,
    "complex_pde": 0.6198763847351074,
    "complex_ipde": 1.9262573719024658,
    "chains_ptm": {
        "0": 0.8798913955688477,
        "1": 0.9034484624862671
    },
    "pair_chains_iptm": {
        "0": {
            "0": 0.8798913955688477,
            "1": 0.4984836280345917
        },
        "1": {
            "0": 0.8801479935646057,
            "1": 0.9034484624862671
        }
    }
}