{
    "affinity_pred_value": 0.5045338869094849,
    "affinity_probability_binary": 0.125594824552536,
    "affinity_pred_value1": 0.24844756722450256,
    "affinity_probability_binary1": 0.1591060608625412,
    "affinity_pred_value2": 0.7606201767921448,
    "affinity_probability_binary2": 0.09208359569311142
}