{
    "confidence_score": 0.7069082260131836,
    "ptm": 0.8403723835945129,
    "iptm": 0.7592664361000061,
    "ligand_iptm": 0.7592664361000061,
    "protein_iptm": 0.0,
    "complex_plddt": 0.6938186883926392,
    "complex_iplddt": 0.42861780524253845,
    "complex_pde": 0.8316390514373779,
    "complex_ipde": 2.8128788471221924,
    "chains_ptm": {
        "0": 0.8588577508926392,
        "1": 0.8819977641105652
    },
    "pair_chains_iptm": {
        "0": {
            "0": 0.8588577508926392,
            "1": 0.3580288290977478
        },
        "1": {
            "0": 0.7592664361000061,
            "1": 0.8819977641105652
        }
    }
}