{
    "affinity_pred_value": 0.26623499393463135,
    "affinity_probability_binary": 0.49631553888320923,
    "affinity_pred_value1": 0.09408238530158997,
    "affinity_probability_binary1": 0.5034008026123047,
    "affinity_pred_value2": 0.43838760256767273,
    "affinity_probability_binary2": 0.4892302453517914
}