{
    "confidence_score": 0.938325822353363,
    "ptm": 0.9395673871040344,
    "iptm": 0.9717831611633301,
    "ligand_iptm": 0.9717831611633301,
    "protein_iptm": 0.0,
    "complex_plddt": 0.9299614429473877,
    "complex_iplddt": 0.902871310710907,
    "complex_pde": 0.462025910615921,
    "complex_ipde": 0.6623558402061462,
    "chains_ptm": {
        "0": 0.9350433349609375,
        "1": 0.8571287393569946
    },
    "pair_chains_iptm": {
        "0": {
            "0": 0.9350433349609375,
            "1": 0.5223023891448975
        },
        "1": {
            "0": 0.9717831611633301,
            "1": 0.8571287393569946
        }
    }
}