{
    "affinity_pred_value": -0.10024331510066986,
    "affinity_probability_binary": 0.5810707211494446,
    "affinity_pred_value1": -0.533379316329956,
    "affinity_probability_binary1": 0.6478033065795898,
    "affinity_pred_value2": 0.33289268612861633,
    "affinity_probability_binary2": 0.5143381357192993
}