{
    "confidence_score": 0.9219145774841309,
    "ptm": 0.9506784677505493,
    "iptm": 0.9524174928665161,
    "ligand_iptm": 0.9524174928665161,
    "protein_iptm": 0.0,
    "complex_plddt": 0.9142888784408569,
    "complex_iplddt": 0.8643646836280823,
    "complex_pde": 0.44571951031684875,
    "complex_ipde": 0.6755451560020447,
    "chains_ptm": {
        "0": 0.9503453969955444,
        "1": 0.8427608609199524
    },
    "pair_chains_iptm": {
        "0": {
            "0": 0.9503453969955444,
            "1": 0.6374399662017822
        },
        "1": {
            "0": 0.9524174928665161,
            "1": 0.8427608609199524
        }
    }
}