{
    "affinity_pred_value": -0.6194997429847717,
    "affinity_probability_binary": 0.475428968667984,
    "affinity_pred_value1": -1.1861876249313354,
    "affinity_probability_binary1": 0.5036279559135437,
    "affinity_pred_value2": -0.052811916917562485,
    "affinity_probability_binary2": 0.4472299814224243
}