{
    "confidence_score": 0.9404476284980774,
    "ptm": 0.9690219759941101,
    "iptm": 0.9666696786880493,
    "ligand_iptm": 0.9666696786880493,
    "protein_iptm": 0.0,
    "complex_plddt": 0.9338920712471008,
    "complex_iplddt": 0.895566463470459,
    "complex_pde": 0.37258443236351013,
    "complex_ipde": 0.5576110482215881,
    "chains_ptm": {
        "0": 0.9695847034454346,
        "1": 0.9163013100624084
    },
    "pair_chains_iptm": {
        "0": {
            "0": 0.9695847034454346,
            "1": 0.6716116070747375
        },
        "1": {
            "0": 0.9666696786880493,
            "1": 0.9163013100624084
        }
    }
}