{
    "affinity_pred_value": 0.3411112427711487,
    "affinity_probability_binary": 0.7800865173339844,
    "affinity_pred_value1": 0.5176802277565002,
    "affinity_probability_binary1": 0.8462594747543335,
    "affinity_pred_value2": 0.16454225778579712,
    "affinity_probability_binary2": 0.7139135003089905
}