{
    "confidence_score": 0.9188939332962036,
    "ptm": 0.9431192874908447,
    "iptm": 0.9503629207611084,
    "ligand_iptm": 0.9503629207611084,
    "protein_iptm": 0.0,
    "complex_plddt": 0.911026656627655,
    "complex_iplddt": 0.8486745953559875,
    "complex_pde": 0.48194605112075806,
    "complex_ipde": 0.7308558821678162,
    "chains_ptm": {
        "0": 0.9418282508850098,
        "1": 0.8536142110824585
    },
    "pair_chains_iptm": {
        "0": {
            "0": 0.9418282508850098,
            "1": 0.6066362857818604
        },
        "1": {
            "0": 0.9503629207611084,
            "1": 0.8536142110824585
        }
    }
}