{
    "affinity_pred_value": 0.10703270137310028,
    "affinity_probability_binary": 0.4668547213077545,
    "affinity_pred_value1": -0.15274465084075928,
    "affinity_probability_binary1": 0.4566250741481781,
    "affinity_pred_value2": 0.36681005358695984,
    "affinity_probability_binary2": 0.47708436846733093
}