{
    "confidence_score": 0.9068177342414856,
    "ptm": 0.9396103024482727,
    "iptm": 0.9251291155815125,
    "ligand_iptm": 0.9251291155815125,
    "protein_iptm": 0.0,
    "complex_plddt": 0.9022398591041565,
    "complex_iplddt": 0.8346753120422363,
    "complex_pde": 0.5079568028450012,
    "complex_ipde": 0.8526697158813477,
    "chains_ptm": {
        "0": 0.9426538944244385,
        "1": 0.8614504933357239
    },
    "pair_chains_iptm": {
        "0": {
            "0": 0.9426538944244385,
            "1": 0.6235629320144653
        },
        "1": {
            "0": 0.9251291155815125,
            "1": 0.8614504933357239
        }
    }
}