{
    "affinity_pred_value": -0.6771173477172852,
    "affinity_probability_binary": 0.5245357751846313,
    "affinity_pred_value1": -0.726036787033081,
    "affinity_probability_binary1": 0.5931156873703003,
    "affinity_pred_value2": -0.628197968006134,
    "affinity_probability_binary2": 0.45595583319664
}