{
    "confidence_score": 0.7358827590942383,
    "ptm": 0.9266851544380188,
    "iptm": 0.8656907677650452,
    "ligand_iptm": 0.8656907677650452,
    "protein_iptm": 0.0,
    "complex_plddt": 0.7034307718276978,
    "complex_iplddt": 0.49815526604652405,
    "complex_pde": 0.4554726481437683,
    "complex_ipde": 1.0741318464279175,
    "chains_ptm": {
        "0": 0.9407643675804138,
        "1": 0.8311352133750916
    },
    "pair_chains_iptm": {
        "0": {
            "0": 0.9407643675804138,
            "1": 0.37141215801239014
        },
        "1": {
            "0": 0.8656907677650452,
            "1": 0.8311352133750916
        }
    }
}