{
    "affinity_pred_value": -1.5316081047058105,
    "affinity_probability_binary": 0.543358325958252,
    "affinity_pred_value1": -1.3135050535202026,
    "affinity_probability_binary1": 0.5306639671325684,
    "affinity_pred_value2": -1.749711275100708,
    "affinity_probability_binary2": 0.5560527443885803
}