{
    "confidence_score": 0.6686356067657471,
    "ptm": 0.8407268524169922,
    "iptm": 0.8003835082054138,
    "ligand_iptm": 0.8003835082054138,
    "protein_iptm": 0.0,
    "complex_plddt": 0.6356986165046692,
    "complex_iplddt": 0.35462555289268494,
    "complex_pde": 0.7207585573196411,
    "complex_ipde": 2.372811794281006,
    "chains_ptm": {
        "0": 0.8544238805770874,
        "1": 0.8144752979278564
    },
    "pair_chains_iptm": {
        "0": {
            "0": 0.8544238805770874,
            "1": 0.39613568782806396
        },
        "1": {
            "0": 0.8003835082054138,
            "1": 0.8144752979278564
        }
    }
}