{
    "affinity_pred_value": -1.094590663909912,
    "affinity_probability_binary": 0.841751754283905,
    "affinity_pred_value1": -1.4142680168151855,
    "affinity_probability_binary1": 0.9485995173454285,
    "affinity_pred_value2": -0.7749132513999939,
    "affinity_probability_binary2": 0.7349039912223816
}