{
    "confidence_score": 0.9297224283218384,
    "ptm": 0.9314556121826172,
    "iptm": 0.9703533053398132,
    "ligand_iptm": 0.9703533053398132,
    "protein_iptm": 0.0,
    "complex_plddt": 0.9195646643638611,
    "complex_iplddt": 0.8828953504562378,
    "complex_pde": 0.4775235056877136,
    "complex_ipde": 0.5545695424079895,
    "chains_ptm": {
        "0": 0.9280280470848083,
        "1": 0.9208582639694214
    },
    "pair_chains_iptm": {
        "0": {
            "0": 0.9280280470848083,
            "1": 0.6195843815803528
        },
        "1": {
            "0": 0.9703533053398132,
            "1": 0.9208582639694214
        }
    }
}