{
    "affinity_pred_value": -0.445811003446579,
    "affinity_probability_binary": 0.533528208732605,
    "affinity_pred_value1": -0.5955784916877747,
    "affinity_probability_binary1": 0.6739498376846313,
    "affinity_pred_value2": -0.2960435152053833,
    "affinity_probability_binary2": 0.3931066393852234
}