{
    "confidence_score": 0.7229501605033875,
    "ptm": 0.8618021011352539,
    "iptm": 0.8656768202781677,
    "ligand_iptm": 0.8656768202781677,
    "protein_iptm": 0.0,
    "complex_plddt": 0.6872684359550476,
    "complex_iplddt": 0.516645073890686,
    "complex_pde": 0.7181967496871948,
    "complex_ipde": 1.9328559637069702,
    "chains_ptm": {
        "0": 0.8639212250709534,
        "1": 0.8100310564041138
    },
    "pair_chains_iptm": {
        "0": {
            "0": 0.8639212250709534,
            "1": 0.43898117542266846
        },
        "1": {
            "0": 0.8656768202781677,
            "1": 0.8100310564041138
        }
    }
}