{
    "affinity_pred_value": -1.4446866512298584,
    "affinity_probability_binary": 0.9460429549217224,
    "affinity_pred_value1": -1.8218845129013062,
    "affinity_probability_binary1": 0.9533654451370239,
    "affinity_pred_value2": -1.0674889087677002,
    "affinity_probability_binary2": 0.9387204647064209
}