{
    "confidence_score": 0.9462434649467468,
    "ptm": 0.953711748123169,
    "iptm": 0.9850483536720276,
    "ligand_iptm": 0.9850483536720276,
    "protein_iptm": 0.0,
    "complex_plddt": 0.936542272567749,
    "complex_iplddt": 0.9216994643211365,
    "complex_pde": 0.3847748339176178,
    "complex_ipde": 0.4628497064113617,
    "chains_ptm": {
        "0": 0.9486238360404968,
        "1": 0.8716872334480286
    },
    "pair_chains_iptm": {
        "0": {
            "0": 0.9486238360404968,
            "1": 0.6856197714805603
        },
        "1": {
            "0": 0.9850483536720276,
            "1": 0.8716872334480286
        }
    }
}