{
    "affinity_pred_value": -1.6569864749908447,
    "affinity_probability_binary": 0.6828252673149109,
    "affinity_pred_value1": -1.9964394569396973,
    "affinity_probability_binary1": 0.7491506934165955,
    "affinity_pred_value2": -1.3175334930419922,
    "affinity_probability_binary2": 0.6164998412132263
}