{
    "confidence_score": 0.8822938203811646,
    "ptm": 0.9495406746864319,
    "iptm": 0.9279517531394958,
    "ligand_iptm": 0.9279517531394958,
    "protein_iptm": 0.0,
    "complex_plddt": 0.8708792924880981,
    "complex_iplddt": 0.741036593914032,
    "complex_pde": 0.4471079409122467,
    "complex_ipde": 0.8253107666969299,
    "chains_ptm": {
        "0": 0.9560468196868896,
        "1": 0.7889705896377563
    },
    "pair_chains_iptm": {
        "0": {
            "0": 0.9560468196868896,
            "1": 0.6756183505058289
        },
        "1": {
            "0": 0.9279517531394958,
            "1": 0.7889705896377563
        }
    }
}