{
    "affinity_pred_value": 0.9453439712524414,
    "affinity_probability_binary": 0.08760900050401688,
    "affinity_pred_value1": 1.029267430305481,
    "affinity_probability_binary1": 0.015692973509430885,
    "affinity_pred_value2": 0.8614204525947571,
    "affinity_probability_binary2": 0.15952502191066742
}