{
    "confidence_score": 0.8335962295532227,
    "ptm": 0.9108302593231201,
    "iptm": 0.8394367694854736,
    "ligand_iptm": 0.8394367694854736,
    "protein_iptm": 0.0,
    "complex_plddt": 0.8321360349655151,
    "complex_iplddt": 0.6099183559417725,
    "complex_pde": 0.735842764377594,
    "complex_ipde": 1.5152958631515503,
    "chains_ptm": {
        "0": 0.9241216778755188,
        "1": 0.7253775000572205
    },
    "pair_chains_iptm": {
        "0": {
            "0": 0.9241216778755188,
            "1": 0.30635491013526917
        },
        "1": {
            "0": 0.8394367694854736,
            "1": 0.7253775000572205
        }
    }
}