{
    "affinity_pred_value": -0.912106454372406,
    "affinity_probability_binary": 0.8346054553985596,
    "affinity_pred_value1": -1.1569721698760986,
    "affinity_probability_binary1": 0.8416041731834412,
    "affinity_pred_value2": -0.6672407388687134,
    "affinity_probability_binary2": 0.8276066780090332
}