{
    "confidence_score": 0.9147014021873474,
    "ptm": 0.9015413522720337,
    "iptm": 0.9827780723571777,
    "ligand_iptm": 0.9827780723571777,
    "protein_iptm": 0.0,
    "complex_plddt": 0.8976821899414062,
    "complex_iplddt": 0.899467408657074,
    "complex_pde": 0.4178662896156311,
    "complex_ipde": 0.5137264728546143,
    "chains_ptm": {
        "0": 0.8904792666435242,
        "1": 0.9297102093696594
    },
    "pair_chains_iptm": {
        "0": {
            "0": 0.8904792666435242,
            "1": 0.7496146559715271
        },
        "1": {
            "0": 0.9827780723571777,
            "1": 0.9297102093696594
        }
    }
}