{
    "affinity_pred_value": -0.3581121563911438,
    "affinity_probability_binary": 0.4785863161087036,
    "affinity_pred_value1": -0.6801697015762329,
    "affinity_probability_binary1": 0.4170301854610443,
    "affinity_pred_value2": -0.036054592579603195,
    "affinity_probability_binary2": 0.5401424765586853
}