{
    "confidence_score": 0.804926335811615,
    "ptm": 0.7502345442771912,
    "iptm": 0.8884679079055786,
    "ligand_iptm": 0.8884679079055786,
    "protein_iptm": 0.0,
    "complex_plddt": 0.7840409278869629,
    "complex_iplddt": 0.6689513921737671,
    "complex_pde": 0.9092687964439392,
    "complex_ipde": 2.8287789821624756,
    "chains_ptm": {
        "0": 0.728736162185669,
        "1": 0.877827525138855
    },
    "pair_chains_iptm": {
        "0": {
            "0": 0.728736162185669,
            "1": 0.38411223888397217
        },
        "1": {
            "0": 0.8884679079055786,
            "1": 0.877827525138855
        }
    }
}