{
    "affinity_pred_value": 0.48054972290992737,
    "affinity_probability_binary": 0.7215046286582947,
    "affinity_pred_value1": 0.789176344871521,
    "affinity_probability_binary1": 0.6945434212684631,
    "affinity_pred_value2": 0.17192311584949493,
    "affinity_probability_binary2": 0.7484658360481262
}