{
    "confidence_score": 0.9335152506828308,
    "ptm": 0.9504910707473755,
    "iptm": 0.9628784656524658,
    "ligand_iptm": 0.9628784656524658,
    "protein_iptm": 0.0,
    "complex_plddt": 0.9261744618415833,
    "complex_iplddt": 0.8797363638877869,
    "complex_pde": 0.43720871210098267,
    "complex_ipde": 0.6422907114028931,
    "chains_ptm": {
        "0": 0.9483597874641418,
        "1": 0.8974332213401794
    },
    "pair_chains_iptm": {
        "0": {
            "0": 0.9483597874641418,
            "1": 0.6340469121932983
        },
        "1": {
            "0": 0.9628784656524658,
            "1": 0.8974332213401794
        }
    }
}