{
    "affinity_pred_value": -0.26249390840530396,
    "affinity_probability_binary": 0.7245968580245972,
    "affinity_pred_value1": -0.8110000491142273,
    "affinity_probability_binary1": 0.7995839715003967,
    "affinity_pred_value2": 0.286012202501297,
    "affinity_probability_binary2": 0.6496096849441528
}