{
    "confidence_score": 0.9458958506584167,
    "ptm": 0.9377966523170471,
    "iptm": 0.9794368147850037,
    "ligand_iptm": 0.9794368147850037,
    "protein_iptm": 0.0,
    "complex_plddt": 0.9375106692314148,
    "complex_iplddt": 0.927634060382843,
    "complex_pde": 0.46168655157089233,
    "complex_ipde": 0.5299390554428101,
    "chains_ptm": {
        "0": 0.9334456324577332,
        "1": 0.8978409767150879
    },
    "pair_chains_iptm": {
        "0": {
            "0": 0.9334456324577332,
            "1": 0.6451914310455322
        },
        "1": {
            "0": 0.9794368147850037,
            "1": 0.8978409767150879
        }
    }
}