{
    "affinity_pred_value": 0.3344047963619232,
    "affinity_probability_binary": 0.36665382981300354,
    "affinity_pred_value1": -0.041344109922647476,
    "affinity_probability_binary1": 0.5863767266273499,
    "affinity_pred_value2": 0.7101536989212036,
    "affinity_probability_binary2": 0.14693094789981842
}