{
    "confidence_score": 0.765074610710144,
    "ptm": 0.7733240127563477,
    "iptm": 0.9052034020423889,
    "ligand_iptm": 0.9052034020423889,
    "protein_iptm": 0.0,
    "complex_plddt": 0.7300423979759216,
    "complex_iplddt": 0.5395619869232178,
    "complex_pde": 0.7500357031822205,
    "complex_ipde": 2.146378993988037,
    "chains_ptm": {
        "0": 0.745518147945404,
        "1": 0.901903510093689
    },
    "pair_chains_iptm": {
        "0": {
            "0": 0.745518147945404,
            "1": 0.4239037036895752
        },
        "1": {
            "0": 0.9052034020423889,
            "1": 0.901903510093689
        }
    }
}