{
    "affinity_pred_value": -1.7046165466308594,
    "affinity_probability_binary": 0.9087010622024536,
    "affinity_pred_value1": -2.002066135406494,
    "affinity_probability_binary1": 0.9753887057304382,
    "affinity_pred_value2": -1.4071669578552246,
    "affinity_probability_binary2": 0.8420134782791138
}