{
    "confidence_score": 0.8997783064842224,
    "ptm": 0.9128273129463196,
    "iptm": 0.9910325407981873,
    "ligand_iptm": 0.9910325407981873,
    "protein_iptm": 0.0,
    "complex_plddt": 0.8769647479057312,
    "complex_iplddt": 0.8870385885238647,
    "complex_pde": 0.37035807967185974,
    "complex_ipde": 0.3402875065803528,
    "chains_ptm": {
        "0": 0.9066054224967957,
        "1": 0.9816482067108154
    },
    "pair_chains_iptm": {
        "0": {
            "0": 0.9066054224967957,
            "1": 0.7785974740982056
        },
        "1": {
            "0": 0.9910325407981873,
            "1": 0.9816482067108154
        }
    }
}