{
    "affinity_pred_value": 0.7498719692230225,
    "affinity_probability_binary": 0.30634573101997375,
    "affinity_pred_value1": 1.2659642696380615,
    "affinity_probability_binary1": 0.30070120096206665,
    "affinity_pred_value2": 0.233779639005661,
    "affinity_probability_binary2": 0.31199026107788086
}