{
    "confidence_score": 0.8326946496963501,
    "ptm": 0.7485660910606384,
    "iptm": 0.8886620402336121,
    "ligand_iptm": 0.8886620402336121,
    "protein_iptm": 0.0,
    "complex_plddt": 0.8187028169631958,
    "complex_iplddt": 0.7807121872901917,
    "complex_pde": 0.8025520443916321,
    "complex_ipde": 2.6511335372924805,
    "chains_ptm": {
        "0": 0.7309213876724243,
        "1": 0.8634868264198303
    },
    "pair_chains_iptm": {
        "0": {
            "0": 0.7309213876724243,
            "1": 0.38097313046455383
        },
        "1": {
            "0": 0.8886620402336121,
            "1": 0.8634868264198303
        }
    }
}