method,mean_affinity,std_affinity,count
qvina,-2.6973062953995157,2.724805932701219,3358
