{
  "qvina": {
    "count": 3358,
    "statistics": {
      "affinity": {
        "mean": -2.6973062953995157,
        "std": 2.724805932701219,
        "min": -6.9,
        "max": -0.0,
        "median": -1.7
      }
    }
  }
}