{
    "affinity_pred_value": 0.0803428590297699,
    "affinity_probability_binary": 0.3668820261955261,
    "affinity_pred_value1": -0.614976167678833,
    "affinity_probability_binary1": 0.5032554864883423,
    "affinity_pred_value2": 0.7756618857383728,
    "affinity_probability_binary2": 0.23050855100154877
}