{
    "confidence_score": 0.9295878410339355,
    "ptm": 0.9250576496124268,
    "iptm": 0.9497078657150269,
    "ligand_iptm": 0.9497078657150269,
    "protein_iptm": 0.0,
    "complex_plddt": 0.9245578646659851,
    "complex_iplddt": 0.8891584277153015,
    "complex_pde": 0.5182096362113953,
    "complex_ipde": 0.7188183069229126,
    "chains_ptm": {
        "0": 0.9236121773719788,
        "1": 0.9613589644432068
    },
    "pair_chains_iptm": {
        "0": {
            "0": 0.9236121773719788,
            "1": 0.6201766133308411
        },
        "1": {
            "0": 0.9497078657150269,
            "1": 0.9613589644432068
        }
    }
}