{
    "affinity_pred_value": -0.3244744539260864,
    "affinity_probability_binary": 0.3380829989910126,
    "affinity_pred_value1": -0.4117025136947632,
    "affinity_probability_binary1": 0.21210339665412903,
    "affinity_pred_value2": -0.23724636435508728,
    "affinity_probability_binary2": 0.4640626013278961
}