{
    "confidence_score": 0.8166656494140625,
    "ptm": 0.7453891038894653,
    "iptm": 0.8809127807617188,
    "ligand_iptm": 0.8809127807617188,
    "protein_iptm": 0.0,
    "complex_plddt": 0.8006038665771484,
    "complex_iplddt": 0.6526209712028503,
    "complex_pde": 0.8022925853729248,
    "complex_ipde": 2.6336944103240967,
    "chains_ptm": {
        "0": 0.7253966927528381,
        "1": 0.8400062322616577
    },
    "pair_chains_iptm": {
        "0": {
            "0": 0.7253966927528381,
            "1": 0.284533828496933
        },
        "1": {
            "0": 0.8809127807617188,
            "1": 0.8400062322616577
        }
    }
}