{
    "affinity_pred_value": -1.8847557306289673,
    "affinity_probability_binary": 0.9615787863731384,
    "affinity_pred_value1": -2.1810197830200195,
    "affinity_probability_binary1": 0.9800018668174744,
    "affinity_pred_value2": -1.588491678237915,
    "affinity_probability_binary2": 0.9431557059288025
}