{
    "confidence_score": 0.9491335153579712,
    "ptm": 0.9489295482635498,
    "iptm": 0.9871595501899719,
    "ligand_iptm": 0.9871595501899719,
    "protein_iptm": 0.0,
    "complex_plddt": 0.9396269917488098,
    "complex_iplddt": 0.9272038340568542,
    "complex_pde": 0.40974006056785583,
    "complex_ipde": 0.46713754534721375,
    "chains_ptm": {
        "0": 0.9438034296035767,
        "1": 0.8793478608131409
    },
    "pair_chains_iptm": {
        "0": {
            "0": 0.9438034296035767,
            "1": 0.6397333145141602
        },
        "1": {
            "0": 0.9871595501899719,
            "1": 0.8793478608131409
        }
    }
}