{
    "affinity_pred_value": -0.3394572138786316,
    "affinity_probability_binary": 0.3006761074066162,
    "affinity_pred_value1": 0.5933489799499512,
    "affinity_probability_binary1": 0.18912860751152039,
    "affinity_pred_value2": -1.2722634077072144,
    "affinity_probability_binary2": 0.41222357749938965
}