{
    "confidence_score": 0.8412871360778809,
    "ptm": 0.9396063685417175,
    "iptm": 0.9287515878677368,
    "ligand_iptm": 0.9287515878677368,
    "protein_iptm": 0.0,
    "complex_plddt": 0.8194210529327393,
    "complex_iplddt": 0.6594076752662659,
    "complex_pde": 0.4989669919013977,
    "complex_ipde": 0.92414391040802,
    "chains_ptm": {
        "0": 0.9517942667007446,
        "1": 0.898968517780304
    },
    "pair_chains_iptm": {
        "0": {
            "0": 0.9517942667007446,
            "1": 0.6983222961425781
        },
        "1": {
            "0": 0.9287515878677368,
            "1": 0.898968517780304
        }
    }
}