{
    "affinity_pred_value": 1.0542972087860107,
    "affinity_probability_binary": 0.09737715125083923,
    "affinity_pred_value1": 1.0807065963745117,
    "affinity_probability_binary1": 0.030659807845950127,
    "affinity_pred_value2": 1.0278878211975098,
    "affinity_probability_binary2": 0.1640944927930832
}