{
    "confidence_score": 0.6945890188217163,
    "ptm": 0.8632639646530151,
    "iptm": 0.692925751209259,
    "ligand_iptm": 0.692925751209259,
    "protein_iptm": 0.0,
    "complex_plddt": 0.6950048208236694,
    "complex_iplddt": 0.5261586904525757,
    "complex_pde": 0.8353473544120789,
    "complex_ipde": 3.833071708679199,
    "chains_ptm": {
        "0": 0.8933566212654114,
        "1": 0.8637779951095581
    },
    "pair_chains_iptm": {
        "0": {
            "0": 0.8933566212654114,
            "1": 0.263856440782547
        },
        "1": {
            "0": 0.692925751209259,
            "1": 0.8637779951095581
        }
    }
}