{
    "affinity_pred_value": -0.04991923272609711,
    "affinity_probability_binary": 0.34557369351387024,
    "affinity_pred_value1": -0.28305405378341675,
    "affinity_probability_binary1": 0.4969560503959656,
    "affinity_pred_value2": 0.18321558833122253,
    "affinity_probability_binary2": 0.1941913515329361
}