{
    "confidence_score": 0.641665518283844,
    "ptm": 0.7061657309532166,
    "iptm": 0.6649383902549744,
    "ligand_iptm": 0.6649383902549744,
    "protein_iptm": 0.0,
    "complex_plddt": 0.635847270488739,
    "complex_iplddt": 0.4098682999610901,
    "complex_pde": 1.0937241315841675,
    "complex_ipde": 3.4485626220703125,
    "chains_ptm": {
        "0": 0.7148134708404541,
        "1": 0.8702130317687988
    },
    "pair_chains_iptm": {
        "0": {
            "0": 0.7148134708404541,
            "1": 0.2984602153301239
        },
        "1": {
            "0": 0.6649383902549744,
            "1": 0.8702130317687988
        }
    }
}