{
    "affinity_pred_value": -0.4216810166835785,
    "affinity_probability_binary": 0.8836017847061157,
    "affinity_pred_value1": -0.8996580243110657,
    "affinity_probability_binary1": 0.9106221199035645,
    "affinity_pred_value2": 0.056295979768037796,
    "affinity_probability_binary2": 0.8565813899040222
}