{
    "confidence_score": 0.9429876208305359,
    "ptm": 0.9306692481040955,
    "iptm": 0.9801276326179504,
    "ligand_iptm": 0.9801276326179504,
    "protein_iptm": 0.0,
    "complex_plddt": 0.9337026476860046,
    "complex_iplddt": 0.9217699766159058,
    "complex_pde": 0.4581143260002136,
    "complex_ipde": 0.4919652044773102,
    "chains_ptm": {
        "0": 0.9254075884819031,
        "1": 0.9750559329986572
    },
    "pair_chains_iptm": {
        "0": {
            "0": 0.9254075884819031,
            "1": 0.7361666560173035
        },
        "1": {
            "0": 0.9801276326179504,
            "1": 0.9750559329986572
        }
    }
}