{
    "affinity_pred_value": 0.14695051312446594,
    "affinity_probability_binary": 0.5887064337730408,
    "affinity_pred_value1": 0.13796111941337585,
    "affinity_probability_binary1": 0.6679069995880127,
    "affinity_pred_value2": 0.15593992173671722,
    "affinity_probability_binary2": 0.5095058679580688
}