{
    "confidence_score": 0.9102612733840942,
    "ptm": 0.9414438605308533,
    "iptm": 0.961851954460144,
    "ligand_iptm": 0.961851954460144,
    "protein_iptm": 0.0,
    "complex_plddt": 0.8973636031150818,
    "complex_iplddt": 0.77724689245224,
    "complex_pde": 0.44918230175971985,
    "complex_ipde": 0.5975915789604187,
    "chains_ptm": {
        "0": 0.9394463896751404,
        "1": 0.8850885033607483
    },
    "pair_chains_iptm": {
        "0": {
            "0": 0.9394463896751404,
            "1": 0.5515916347503662
        },
        "1": {
            "0": 0.961851954460144,
            "1": 0.8850885033607483
        }
    }
}