{
    "affinity_pred_value": -0.37814903259277344,
    "affinity_probability_binary": 0.579822838306427,
    "affinity_pred_value1": 0.7052874565124512,
    "affinity_probability_binary1": 0.51005619764328,
    "affinity_pred_value2": -1.461585521697998,
    "affinity_probability_binary2": 0.649589478969574
}