{
    "confidence_score": 0.728763222694397,
    "ptm": 0.9224362373352051,
    "iptm": 0.8634352087974548,
    "ligand_iptm": 0.8634352087974548,
    "protein_iptm": 0.0,
    "complex_plddt": 0.6950951814651489,
    "complex_iplddt": 0.5114716291427612,
    "complex_pde": 0.4764290452003479,
    "complex_ipde": 1.1041336059570312,
    "chains_ptm": {
        "0": 0.9391353726387024,
        "1": 0.8755424618721008
    },
    "pair_chains_iptm": {
        "0": {
            "0": 0.9391353726387024,
            "1": 0.5439318418502808
        },
        "1": {
            "0": 0.8634352087974548,
            "1": 0.8755424618721008
        }
    }
}