{
    "affinity_pred_value": -0.636488676071167,
    "affinity_probability_binary": 0.7362890243530273,
    "affinity_pred_value1": -0.5564601421356201,
    "affinity_probability_binary1": 0.8251199722290039,
    "affinity_pred_value2": -0.7165172696113586,
    "affinity_probability_binary2": 0.6474580764770508
}