{
    "confidence_score": 0.931361198425293,
    "ptm": 0.9224358201026917,
    "iptm": 0.9642184972763062,
    "ligand_iptm": 0.9642184972763062,
    "protein_iptm": 0.0,
    "complex_plddt": 0.9231468439102173,
    "complex_iplddt": 0.9064680933952332,
    "complex_pde": 0.5188212990760803,
    "complex_ipde": 0.6059333682060242,
    "chains_ptm": {
        "0": 0.9181685447692871,
        "1": 0.8884845972061157
    },
    "pair_chains_iptm": {
        "0": {
            "0": 0.9181685447692871,
            "1": 0.5694394111633301
        },
        "1": {
            "0": 0.9642184972763062,
            "1": 0.8884845972061157
        }
    }
}