{
    "affinity_pred_value": -0.5074688196182251,
    "affinity_probability_binary": 0.7155388593673706,
    "affinity_pred_value1": -0.5449978709220886,
    "affinity_probability_binary1": 0.6771482229232788,
    "affinity_pred_value2": -0.4699397683143616,
    "affinity_probability_binary2": 0.7539294362068176
}