{
    "confidence_score": 0.9208917021751404,
    "ptm": 0.91005539894104,
    "iptm": 0.972621738910675,
    "ligand_iptm": 0.972621738910675,
    "protein_iptm": 0.0,
    "complex_plddt": 0.9079591035842896,
    "complex_iplddt": 0.896119236946106,
    "complex_pde": 0.41633114218711853,
    "complex_ipde": 0.5767744779586792,
    "chains_ptm": {
        "0": 0.899257481098175,
        "1": 0.8575596809387207
    },
    "pair_chains_iptm": {
        "0": {
            "0": 0.899257481098175,
            "1": 0.5886619687080383
        },
        "1": {
            "0": 0.972621738910675,
            "1": 0.8575596809387207
        }
    }
}