{
    "affinity_pred_value": 0.048239290714263916,
    "affinity_probability_binary": 0.3318973183631897,
    "affinity_pred_value1": 0.08281027525663376,
    "affinity_probability_binary1": 0.41928210854530334,
    "affinity_pred_value2": 0.013668302446603775,
    "affinity_probability_binary2": 0.24451251327991486
}