{
    "confidence_score": 0.7517227530479431,
    "ptm": 0.7268775105476379,
    "iptm": 0.8098536729812622,
    "ligand_iptm": 0.8098536729812622,
    "protein_iptm": 0.0,
    "complex_plddt": 0.7371900081634521,
    "complex_iplddt": 0.6033961772918701,
    "complex_pde": 0.9830747842788696,
    "complex_ipde": 3.154606580734253,
    "chains_ptm": {
        "0": 0.7125123739242554,
        "1": 0.8515418171882629
    },
    "pair_chains_iptm": {
        "0": {
            "0": 0.7125123739242554,
            "1": 0.35966965556144714
        },
        "1": {
            "0": 0.8098536729812622,
            "1": 0.8515418171882629
        }
    }
}