{
    "affinity_pred_value": -0.8479058146476746,
    "affinity_probability_binary": 0.6227818727493286,
    "affinity_pred_value1": -1.6188490390777588,
    "affinity_probability_binary1": 0.6721091866493225,
    "affinity_pred_value2": -0.07696263492107391,
    "affinity_probability_binary2": 0.5734544992446899
}