{
    "confidence_score": 0.9173734784126282,
    "ptm": 0.9416525959968567,
    "iptm": 0.9774603247642517,
    "ligand_iptm": 0.9774603247642517,
    "protein_iptm": 0.0,
    "complex_plddt": 0.9023517966270447,
    "complex_iplddt": 0.8425700664520264,
    "complex_pde": 0.44669997692108154,
    "complex_ipde": 0.5648433566093445,
    "chains_ptm": {
        "0": 0.9358861446380615,
        "1": 0.8299828171730042
    },
    "pair_chains_iptm": {
        "0": {
            "0": 0.9358861446380615,
            "1": 0.6465848684310913
        },
        "1": {
            "0": 0.9774603247642517,
            "1": 0.8299828171730042
        }
    }
}