{
    "affinity_pred_value": 0.4188593327999115,
    "affinity_probability_binary": 0.36007386445999146,
    "affinity_pred_value1": 0.8669153451919556,
    "affinity_probability_binary1": 0.382995069026947,
    "affinity_pred_value2": -0.02919667586684227,
    "affinity_probability_binary2": 0.3371526300907135
}