{
    "confidence_score": 0.7553153038024902,
    "ptm": 0.9106768369674683,
    "iptm": 0.8212205171585083,
    "ligand_iptm": 0.8212205171585083,
    "protein_iptm": 0.0,
    "complex_plddt": 0.7388389706611633,
    "complex_iplddt": 0.6369566917419434,
    "complex_pde": 0.6007447242736816,
    "complex_ipde": 2.2831127643585205,
    "chains_ptm": {
        "0": 0.9309781789779663,
        "1": 0.8651525378227234
    },
    "pair_chains_iptm": {
        "0": {
            "0": 0.9309781789779663,
            "1": 0.4923718571662903
        },
        "1": {
            "0": 0.8212205171585083,
            "1": 0.8651525378227234
        }
    }
}