{
    "affinity_pred_value": 0.3826495409011841,
    "affinity_probability_binary": 0.23028302192687988,
    "affinity_pred_value1": 1.0018125772476196,
    "affinity_probability_binary1": 0.2021699696779251,
    "affinity_pred_value2": -0.23651352524757385,
    "affinity_probability_binary2": 0.25839605927467346
}