{
    "confidence_score": 0.6747575402259827,
    "ptm": 0.9006379246711731,
    "iptm": 0.8670074939727783,
    "ligand_iptm": 0.8670074939727783,
    "protein_iptm": 0.0,
    "complex_plddt": 0.6266950368881226,
    "complex_iplddt": 0.39859384298324585,
    "complex_pde": 0.5323792695999146,
    "complex_ipde": 1.3503018617630005,
    "chains_ptm": {
        "0": 0.9125295281410217,
        "1": 0.8976678848266602
    },
    "pair_chains_iptm": {
        "0": {
            "0": 0.9125295281410217,
            "1": 0.5238432884216309
        },
        "1": {
            "0": 0.8670074939727783,
            "1": 0.8976678848266602
        }
    }
}