{
    "affinity_pred_value": -1.763024091720581,
    "affinity_probability_binary": 0.5018966197967529,
    "affinity_pred_value1": -1.4870229959487915,
    "affinity_probability_binary1": 0.3704296052455902,
    "affinity_pred_value2": -2.03902530670166,
    "affinity_probability_binary2": 0.6333636045455933
}