{
    "confidence_score": 0.7042004466056824,
    "ptm": 0.9037826061248779,
    "iptm": 0.8667593598365784,
    "ligand_iptm": 0.8667593598365784,
    "protein_iptm": 0.0,
    "complex_plddt": 0.663560688495636,
    "complex_iplddt": 0.5306495428085327,
    "complex_pde": 0.6118429899215698,
    "complex_ipde": 1.9855238199234009,
    "chains_ptm": {
        "0": 0.9176990389823914,
        "1": 0.7881749868392944
    },
    "pair_chains_iptm": {
        "0": {
            "0": 0.9176990389823914,
            "1": 0.43566858768463135
        },
        "1": {
            "0": 0.8667593598365784,
            "1": 0.7881749868392944
        }
    }
}