{
    "affinity_pred_value": 0.42509955167770386,
    "affinity_probability_binary": 0.4827078878879547,
    "affinity_pred_value1": 0.41123148798942566,
    "affinity_probability_binary1": 0.5841622352600098,
    "affinity_pred_value2": 0.43896764516830444,
    "affinity_probability_binary2": 0.38125354051589966
}