{
    "confidence_score": 0.7472004890441895,
    "ptm": 0.7802295684814453,
    "iptm": 0.8008870482444763,
    "ligand_iptm": 0.8008870482444763,
    "protein_iptm": 0.0,
    "complex_plddt": 0.7337788343429565,
    "complex_iplddt": 0.6129183173179626,
    "complex_pde": 0.9690350294113159,
    "complex_ipde": 3.1550378799438477,
    "chains_ptm": {
        "0": 0.7772098183631897,
        "1": 0.8920584917068481
    },
    "pair_chains_iptm": {
        "0": {
            "0": 0.7772098183631897,
            "1": 0.38443127274513245
        },
        "1": {
            "0": 0.8008870482444763,
            "1": 0.8920584917068481
        }
    }
}