{
    "affinity_pred_value": 0.6159285306930542,
    "affinity_probability_binary": 0.641703724861145,
    "affinity_pred_value1": 0.8529667854309082,
    "affinity_probability_binary1": 0.6834400296211243,
    "affinity_pred_value2": 0.3788902759552002,
    "affinity_probability_binary2": 0.599967360496521
}