{
    "confidence_score": 0.8895711898803711,
    "ptm": 0.9014797210693359,
    "iptm": 0.9699386358261108,
    "ligand_iptm": 0.9699386358261108,
    "protein_iptm": 0.0,
    "complex_plddt": 0.8694793581962585,
    "complex_iplddt": 0.8630613088607788,
    "complex_pde": 0.46070611476898193,
    "complex_ipde": 0.6219090223312378,
    "chains_ptm": {
        "0": 0.888887882232666,
        "1": 0.8718736171722412
    },
    "pair_chains_iptm": {
        "0": {
            "0": 0.888887882232666,
            "1": 0.5920222401618958
        },
        "1": {
            "0": 0.9699386358261108,
            "1": 0.8718736171722412
        }
    }
}