{
    "affinity_pred_value": 0.4001043736934662,
    "affinity_probability_binary": 0.6360741257667542,
    "affinity_pred_value1": -0.10305782407522202,
    "affinity_probability_binary1": 0.7240159511566162,
    "affinity_pred_value2": 0.9032665491104126,
    "affinity_probability_binary2": 0.5481323003768921
}