{
    "confidence_score": 0.9345054626464844,
    "ptm": 0.929585874080658,
    "iptm": 0.9825922250747681,
    "ligand_iptm": 0.9825922250747681,
    "protein_iptm": 0.0,
    "complex_plddt": 0.9224838018417358,
    "complex_iplddt": 0.907015860080719,
    "complex_pde": 0.4808533489704132,
    "complex_ipde": 0.4912772476673126,
    "chains_ptm": {
        "0": 0.9246355295181274,
        "1": 0.9135057926177979
    },
    "pair_chains_iptm": {
        "0": {
            "0": 0.9246355295181274,
            "1": 0.5190380215644836
        },
        "1": {
            "0": 0.9825922250747681,
            "1": 0.9135057926177979
        }
    }
}