{
    "affinity_pred_value": -1.5988597869873047,
    "affinity_probability_binary": 0.7199299335479736,
    "affinity_pred_value1": -1.7475191354751587,
    "affinity_probability_binary1": 0.777976393699646,
    "affinity_pred_value2": -1.4502004384994507,
    "affinity_probability_binary2": 0.6618834733963013
}