{
    "confidence_score": 0.8665415644645691,
    "ptm": 0.9054291248321533,
    "iptm": 0.8652026057243347,
    "ligand_iptm": 0.8652026057243347,
    "protein_iptm": 0.0,
    "complex_plddt": 0.8668763637542725,
    "complex_iplddt": 0.741576075553894,
    "complex_pde": 0.6716874837875366,
    "complex_ipde": 1.552560806274414,
    "chains_ptm": {
        "0": 0.9173831343650818,
        "1": 0.7353794574737549
    },
    "pair_chains_iptm": {
        "0": {
            "0": 0.9173831343650818,
            "1": 0.6481838226318359
        },
        "1": {
            "0": 0.8652026057243347,
            "1": 0.7353794574737549
        }
    }
}