{
    "affinity_pred_value": 0.19570934772491455,
    "affinity_probability_binary": 0.6134633421897888,
    "affinity_pred_value1": 0.7161988019943237,
    "affinity_probability_binary1": 0.7168688178062439,
    "affinity_pred_value2": -0.32478010654449463,
    "affinity_probability_binary2": 0.5100578665733337
}