{
    "confidence_score": 0.6518760919570923,
    "ptm": 0.8105795979499817,
    "iptm": 0.6261517405509949,
    "ligand_iptm": 0.6261517405509949,
    "protein_iptm": 0.0,
    "complex_plddt": 0.6583071351051331,
    "complex_iplddt": 0.31670311093330383,
    "complex_pde": 0.8537246584892273,
    "complex_ipde": 3.355971336364746,
    "chains_ptm": {
        "0": 0.853585422039032,
        "1": 0.715813934803009
    },
    "pair_chains_iptm": {
        "0": {
            "0": 0.853585422039032,
            "1": 0.17196570336818695
        },
        "1": {
            "0": 0.6261517405509949,
            "1": 0.715813934803009
        }
    }
}