{
    "affinity_pred_value": 0.9779424667358398,
    "affinity_probability_binary": 0.23430395126342773,
    "affinity_pred_value1": 1.3466589450836182,
    "affinity_probability_binary1": 0.14313246309757233,
    "affinity_pred_value2": 0.6092259883880615,
    "affinity_probability_binary2": 0.32547542452812195
}