{
    "confidence_score": 0.7858636975288391,
    "ptm": 0.9230933785438538,
    "iptm": 0.9372554421424866,
    "ligand_iptm": 0.9372554421424866,
    "protein_iptm": 0.0,
    "complex_plddt": 0.7480157613754272,
    "complex_iplddt": 0.7076809406280518,
    "complex_pde": 0.43115901947021484,
    "complex_ipde": 1.0541102886199951,
    "chains_ptm": {
        "0": 0.9231023192405701,
        "1": 0.8878830671310425
    },
    "pair_chains_iptm": {
        "0": {
            "0": 0.9231023192405701,
            "1": 0.44938167929649353
        },
        "1": {
            "0": 0.9372554421424866,
            "1": 0.8878830671310425
        }
    }
}