{
    "affinity_pred_value": -1.6666799783706665,
    "affinity_probability_binary": 0.9059407711029053,
    "affinity_pred_value1": -2.401888370513916,
    "affinity_probability_binary1": 0.9697549343109131,
    "affinity_pred_value2": -0.9314716458320618,
    "affinity_probability_binary2": 0.8421266674995422
}