{
    "confidence_score": 0.9344254732131958,
    "ptm": 0.9424566030502319,
    "iptm": 0.9881092309951782,
    "ligand_iptm": 0.9881092309951782,
    "protein_iptm": 0.0,
    "complex_plddt": 0.9210044741630554,
    "complex_iplddt": 0.9112433791160583,
    "complex_pde": 0.4262599050998688,
    "complex_ipde": 0.3780238926410675,
    "chains_ptm": {
        "0": 0.9386467933654785,
        "1": 0.9175065159797668
    },
    "pair_chains_iptm": {
        "0": {
            "0": 0.9386467933654785,
            "1": 0.5511733889579773
        },
        "1": {
            "0": 0.9881092309951782,
            "1": 0.9175065159797668
        }
    }
}