{
    "affinity_pred_value": 0.7466006875038147,
    "affinity_probability_binary": 0.1917608380317688,
    "affinity_pred_value1": 1.1993433237075806,
    "affinity_probability_binary1": 0.16263942420482635,
    "affinity_pred_value2": 0.2938580811023712,
    "affinity_probability_binary2": 0.22088225185871124
}