{
    "confidence_score": 0.7344609498977661,
    "ptm": 0.9090803265571594,
    "iptm": 0.8432997465133667,
    "ligand_iptm": 0.8432997465133667,
    "protein_iptm": 0.0,
    "complex_plddt": 0.7072511911392212,
    "complex_iplddt": 0.5322051048278809,
    "complex_pde": 0.54534512758255,
    "complex_ipde": 1.7780884504318237,
    "chains_ptm": {
        "0": 0.919205367565155,
        "1": 0.8603323698043823
    },
    "pair_chains_iptm": {
        "0": {
            "0": 0.919205367565155,
            "1": 0.4127391278743744
        },
        "1": {
            "0": 0.8432997465133667,
            "1": 0.8603323698043823
        }
    }
}