{
    "affinity_pred_value": -0.3828343451023102,
    "affinity_probability_binary": 0.6973214149475098,
    "affinity_pred_value1": -0.7510241270065308,
    "affinity_probability_binary1": 0.790533721446991,
    "affinity_pred_value2": -0.014644574373960495,
    "affinity_probability_binary2": 0.6041091084480286
}