{
    "confidence_score": 0.9435324668884277,
    "ptm": 0.9560086727142334,
    "iptm": 0.9822402000427246,
    "ligand_iptm": 0.9822402000427246,
    "protein_iptm": 0.0,
    "complex_plddt": 0.9338555335998535,
    "complex_iplddt": 0.9056116938591003,
    "complex_pde": 0.3858206272125244,
    "complex_ipde": 0.5061538219451904,
    "chains_ptm": {
        "0": 0.9525482654571533,
        "1": 0.919138491153717
    },
    "pair_chains_iptm": {
        "0": {
            "0": 0.9525482654571533,
            "1": 0.7576968669891357
        },
        "1": {
            "0": 0.9822402000427246,
            "1": 0.919138491153717
        }
    }
}