{
    "affinity_pred_value": -1.7298431396484375,
    "affinity_probability_binary": 0.9734131097793579,
    "affinity_pred_value1": -2.5509653091430664,
    "affinity_probability_binary1": 0.9955527186393738,
    "affinity_pred_value2": -0.9087209701538086,
    "affinity_probability_binary2": 0.9512734413146973
}