{
    "confidence_score": 0.9596509337425232,
    "ptm": 0.9633585810661316,
    "iptm": 0.9874000549316406,
    "ligand_iptm": 0.9874000549316406,
    "protein_iptm": 0.0,
    "complex_plddt": 0.9527136087417603,
    "complex_iplddt": 0.933426558971405,
    "complex_pde": 0.35649794340133667,
    "complex_ipde": 0.43562009930610657,
    "chains_ptm": {
        "0": 0.9599552750587463,
        "1": 0.9151398539543152
    },
    "pair_chains_iptm": {
        "0": {
            "0": 0.9599552750587463,
            "1": 0.6416944265365601
        },
        "1": {
            "0": 0.9874000549316406,
            "1": 0.9151398539543152
        }
    }
}