{
    "affinity_pred_value": -1.753417730331421,
    "affinity_probability_binary": 0.9605833292007446,
    "affinity_pred_value1": -2.3664073944091797,
    "affinity_probability_binary1": 0.9752817749977112,
    "affinity_pred_value2": -1.1404281854629517,
    "affinity_probability_binary2": 0.9458848237991333
}