{
    "confidence_score": 0.9475234150886536,
    "ptm": 0.944530725479126,
    "iptm": 0.9770148992538452,
    "ligand_iptm": 0.9770148992538452,
    "protein_iptm": 0.0,
    "complex_plddt": 0.9401505589485168,
    "complex_iplddt": 0.9069273471832275,
    "complex_pde": 0.4345591068267822,
    "complex_ipde": 0.5892140865325928,
    "chains_ptm": {
        "0": 0.9400110840797424,
        "1": 0.8694142699241638
    },
    "pair_chains_iptm": {
        "0": {
            "0": 0.9400110840797424,
            "1": 0.5401116013526917
        },
        "1": {
            "0": 0.9770148992538452,
            "1": 0.8694142699241638
        }
    }
}