{
    "affinity_pred_value": -1.7314107418060303,
    "affinity_probability_binary": 0.900291919708252,
    "affinity_pred_value1": -2.270430564880371,
    "affinity_probability_binary1": 0.9284027218818665,
    "affinity_pred_value2": -1.1923909187316895,
    "affinity_probability_binary2": 0.8721810579299927
}