{
    "confidence_score": 0.9442986845970154,
    "ptm": 0.9599308967590332,
    "iptm": 0.9821390509605408,
    "ligand_iptm": 0.9821390509605408,
    "protein_iptm": 0.0,
    "complex_plddt": 0.934838593006134,
    "complex_iplddt": 0.9103790521621704,
    "complex_pde": 0.3849855065345764,
    "complex_ipde": 0.5090494155883789,
    "chains_ptm": {
        "0": 0.9564341902732849,
        "1": 0.9207102060317993
    },
    "pair_chains_iptm": {
        "0": {
            "0": 0.9564341902732849,
            "1": 0.6455290913581848
        },
        "1": {
            "0": 0.9821390509605408,
            "1": 0.9207102060317993
        }
    }
}