{
    "affinity_pred_value": -0.8646992444992065,
    "affinity_probability_binary": 0.9222162961959839,
    "affinity_pred_value1": -1.2056804895401,
    "affinity_probability_binary1": 0.9340733289718628,
    "affinity_pred_value2": -0.5237179398536682,
    "affinity_probability_binary2": 0.9103592038154602
}