{
    "confidence_score": 0.9259099960327148,
    "ptm": 0.9206879138946533,
    "iptm": 0.9872851967811584,
    "ligand_iptm": 0.9872851967811584,
    "protein_iptm": 0.0,
    "complex_plddt": 0.9105661511421204,
    "complex_iplddt": 0.9143288731575012,
    "complex_pde": 0.35744208097457886,
    "complex_ipde": 0.4510294497013092,
    "chains_ptm": {
        "0": 0.9100764393806458,
        "1": 0.9312809705734253
    },
    "pair_chains_iptm": {
        "0": {
            "0": 0.9100764393806458,
            "1": 0.6935445666313171
        },
        "1": {
            "0": 0.9872851967811584,
            "1": 0.9312809705734253
        }
    }
}