{
    "affinity_pred_value": 0.4057852327823639,
    "affinity_probability_binary": 0.24267852306365967,
    "affinity_pred_value1": 0.6703640222549438,
    "affinity_probability_binary1": 0.29143407940864563,
    "affinity_pred_value2": 0.14120644330978394,
    "affinity_probability_binary2": 0.1939229816198349
}