{
    "confidence_score": 0.6783128380775452,
    "ptm": 0.886888861656189,
    "iptm": 0.8583455681800842,
    "ligand_iptm": 0.8583455681800842,
    "protein_iptm": 0.0,
    "complex_plddt": 0.6333046555519104,
    "complex_iplddt": 0.3459339141845703,
    "complex_pde": 0.5349621772766113,
    "complex_ipde": 1.307125210762024,
    "chains_ptm": {
        "0": 0.894119918346405,
        "1": 0.8218943476676941
    },
    "pair_chains_iptm": {
        "0": {
            "0": 0.894119918346405,
            "1": 0.5076228976249695
        },
        "1": {
            "0": 0.8583455681800842,
            "1": 0.8218943476676941
        }
    }
}