{
    "affinity_pred_value": -0.445720911026001,
    "affinity_probability_binary": 0.5363750457763672,
    "affinity_pred_value1": -0.7103257179260254,
    "affinity_probability_binary1": 0.7154937982559204,
    "affinity_pred_value2": -0.18111613392829895,
    "affinity_probability_binary2": 0.35725632309913635
}