{
    "confidence_score": 0.7118342518806458,
    "ptm": 0.8498498797416687,
    "iptm": 0.8589046001434326,
    "ligand_iptm": 0.8589046001434326,
    "protein_iptm": 0.0,
    "complex_plddt": 0.6750666499137878,
    "complex_iplddt": 0.5460278391838074,
    "complex_pde": 0.7809798121452332,
    "complex_ipde": 2.1223738193511963,
    "chains_ptm": {
        "0": 0.8506190180778503,
        "1": 0.9067181944847107
    },
    "pair_chains_iptm": {
        "0": {
            "0": 0.8506190180778503,
            "1": 0.47655993700027466
        },
        "1": {
            "0": 0.8589046001434326,
            "1": 0.9067181944847107
        }
    }
}