{
    "affinity_pred_value": -0.8095191717147827,
    "affinity_probability_binary": 0.38544297218322754,
    "affinity_pred_value1": -0.8433914184570312,
    "affinity_probability_binary1": 0.3992629051208496,
    "affinity_pred_value2": -0.7756469249725342,
    "affinity_probability_binary2": 0.3716230094432831
}