{
    "confidence_score": 0.7150651812553406,
    "ptm": 0.9013360142707825,
    "iptm": 0.9029927253723145,
    "ligand_iptm": 0.9029927253723145,
    "protein_iptm": 0.0,
    "complex_plddt": 0.6680833101272583,
    "complex_iplddt": 0.513117790222168,
    "complex_pde": 0.5155502557754517,
    "complex_ipde": 1.1054223775863647,
    "chains_ptm": {
        "0": 0.9015066623687744,
        "1": 0.8975655436515808
    },
    "pair_chains_iptm": {
        "0": {
            "0": 0.9015066623687744,
            "1": 0.5928622484207153
        },
        "1": {
            "0": 0.9029927253723145,
            "1": 0.8975655436515808
        }
    }
}