{
    "affinity_pred_value": -0.7818160057067871,
    "affinity_probability_binary": 0.5809357166290283,
    "affinity_pred_value1": -0.992591381072998,
    "affinity_probability_binary1": 0.7900883555412292,
    "affinity_pred_value2": -0.5710406303405762,
    "affinity_probability_binary2": 0.3717830777168274
}