{
    "confidence_score": 0.7340964674949646,
    "ptm": 0.916506826877594,
    "iptm": 0.8568587899208069,
    "ligand_iptm": 0.8568587899208069,
    "protein_iptm": 0.0,
    "complex_plddt": 0.7034059166908264,
    "complex_iplddt": 0.6152970194816589,
    "complex_pde": 0.5847071409225464,
    "complex_ipde": 1.6701842546463013,
    "chains_ptm": {
        "0": 0.9343915581703186,
        "1": 0.8693227767944336
    },
    "pair_chains_iptm": {
        "0": {
            "0": 0.9343915581703186,
            "1": 0.46462297439575195
        },
        "1": {
            "0": 0.8568587899208069,
            "1": 0.8693227767944336
        }
    }
}