{
    "affinity_pred_value": -0.6889395713806152,
    "affinity_probability_binary": 0.5839783549308777,
    "affinity_pred_value1": -0.4023005962371826,
    "affinity_probability_binary1": 0.5885009765625,
    "affinity_pred_value2": -0.9755784869194031,
    "affinity_probability_binary2": 0.5794557332992554
}