{
    "confidence_score": 0.6774168014526367,
    "ptm": 0.8965715765953064,
    "iptm": 0.8873347043991089,
    "ligand_iptm": 0.8873347043991089,
    "protein_iptm": 0.0,
    "complex_plddt": 0.6249372959136963,
    "complex_iplddt": 0.3706105351448059,
    "complex_pde": 0.49948835372924805,
    "complex_ipde": 1.2424641847610474,
    "chains_ptm": {
        "0": 0.9124940633773804,
        "1": 0.832822859287262
    },
    "pair_chains_iptm": {
        "0": {
            "0": 0.9124940633773804,
            "1": 0.5086560249328613
        },
        "1": {
            "0": 0.8873347043991089,
            "1": 0.832822859287262
        }
    }
}