{
    "affinity_pred_value": 0.15173344314098358,
    "affinity_probability_binary": 0.22293926775455475,
    "affinity_pred_value1": 0.39984750747680664,
    "affinity_probability_binary1": 0.11976348608732224,
    "affinity_pred_value2": -0.09638062119483948,
    "affinity_probability_binary2": 0.32611504197120667
}