{
    "confidence_score": 0.7477887272834778,
    "ptm": 0.9150040745735168,
    "iptm": 0.8649311661720276,
    "ligand_iptm": 0.8649311661720276,
    "protein_iptm": 0.0,
    "complex_plddt": 0.7185031175613403,
    "complex_iplddt": 0.6802945137023926,
    "complex_pde": 0.5763741731643677,
    "complex_ipde": 1.8835721015930176,
    "chains_ptm": {
        "0": 0.9246219396591187,
        "1": 0.8465776443481445
    },
    "pair_chains_iptm": {
        "0": {
            "0": 0.9246219396591187,
            "1": 0.444585382938385
        },
        "1": {
            "0": 0.8649311661720276,
            "1": 0.8465776443481445
        }
    }
}