{
    "affinity_pred_value": -1.6238994598388672,
    "affinity_probability_binary": 0.7236340045928955,
    "affinity_pred_value1": -1.8818727731704712,
    "affinity_probability_binary1": 0.8151235580444336,
    "affinity_pred_value2": -1.3659260272979736,
    "affinity_probability_binary2": 0.6321445107460022
}