{
    "confidence_score": 0.8750624060630798,
    "ptm": 0.9049652814865112,
    "iptm": 0.8884286880493164,
    "ligand_iptm": 0.8884286880493164,
    "protein_iptm": 0.0,
    "complex_plddt": 0.8717207312583923,
    "complex_iplddt": 0.7588202357292175,
    "complex_pde": 0.6355400085449219,
    "complex_ipde": 1.370477557182312,
    "chains_ptm": {
        "0": 0.9101389646530151,
        "1": 0.7436181306838989
    },
    "pair_chains_iptm": {
        "0": {
            "0": 0.9101389646530151,
            "1": 0.6275862455368042
        },
        "1": {
            "0": 0.8884286880493164,
            "1": 0.7436181306838989
        }
    }
}