{
    "affinity_pred_value": 0.7700812816619873,
    "affinity_probability_binary": 0.2554767429828644,
    "affinity_pred_value1": 1.0060049295425415,
    "affinity_probability_binary1": 0.19865168631076813,
    "affinity_pred_value2": 0.5341576337814331,
    "affinity_probability_binary2": 0.31230178475379944
}