{
    "confidence_score": 0.8173462748527527,
    "ptm": 0.7793359160423279,
    "iptm": 0.9193704128265381,
    "ligand_iptm": 0.9193704128265381,
    "protein_iptm": 0.0,
    "complex_plddt": 0.7918402552604675,
    "complex_iplddt": 0.7512869834899902,
    "complex_pde": 0.5959820747375488,
    "complex_ipde": 1.8043581247329712,
    "chains_ptm": {
        "0": 0.7611221075057983,
        "1": 0.8539239764213562
    },
    "pair_chains_iptm": {
        "0": {
            "0": 0.7611221075057983,
            "1": 0.3513789176940918
        },
        "1": {
            "0": 0.9193704128265381,
            "1": 0.8539239764213562
        }
    }
}