{
    "affinity_pred_value": -0.4384278655052185,
    "affinity_probability_binary": 0.5097807049751282,
    "affinity_pred_value1": -0.19301436841487885,
    "affinity_probability_binary1": 0.5780380368232727,
    "affinity_pred_value2": -0.683841347694397,
    "affinity_probability_binary2": 0.44152340292930603
}