{
    "confidence_score": 0.8026687502861023,
    "ptm": 0.7704998254776001,
    "iptm": 0.9101848602294922,
    "ligand_iptm": 0.9101848602294922,
    "protein_iptm": 0.0,
    "complex_plddt": 0.7757896780967712,
    "complex_iplddt": 0.634172797203064,
    "complex_pde": 0.7381010055541992,
    "complex_ipde": 2.245885133743286,
    "chains_ptm": {
        "0": 0.7452554702758789,
        "1": 0.9129258990287781
    },
    "pair_chains_iptm": {
        "0": {
            "0": 0.7452554702758789,
            "1": 0.4339560568332672
        },
        "1": {
            "0": 0.9101848602294922,
            "1": 0.9129258990287781
        }
    }
}