{
    "affinity_pred_value": -0.821175217628479,
    "affinity_probability_binary": 0.803617000579834,
    "affinity_pred_value1": -0.9998467564582825,
    "affinity_probability_binary1": 0.9068081974983215,
    "affinity_pred_value2": -0.6425036191940308,
    "affinity_probability_binary2": 0.7004257440567017
}