{
    "confidence_score": 0.9442697763442993,
    "ptm": 0.9449563026428223,
    "iptm": 0.9646661281585693,
    "ligand_iptm": 0.9646661281585693,
    "protein_iptm": 0.0,
    "complex_plddt": 0.9391707181930542,
    "complex_iplddt": 0.9168930649757385,
    "complex_pde": 0.44887158274650574,
    "complex_ipde": 0.5622228980064392,
    "chains_ptm": {
        "0": 0.9431948661804199,
        "1": 0.9163999557495117
    },
    "pair_chains_iptm": {
        "0": {
            "0": 0.9431948661804199,
            "1": 0.6009498834609985
        },
        "1": {
            "0": 0.9646661281585693,
            "1": 0.9163999557495117
        }
    }
}