{
    "affinity_pred_value": 0.18033254146575928,
    "affinity_probability_binary": 0.20295017957687378,
    "affinity_pred_value1": 0.15622226893901825,
    "affinity_probability_binary1": 0.17562632262706757,
    "affinity_pred_value2": 0.2044427990913391,
    "affinity_probability_binary2": 0.2302740216255188
}