{
    "confidence_score": 0.7114852070808411,
    "ptm": 0.7875142097473145,
    "iptm": 0.9006347060203552,
    "ligand_iptm": 0.9006347060203552,
    "protein_iptm": 0.0,
    "complex_plddt": 0.6641978025436401,
    "complex_iplddt": 0.44647347927093506,
    "complex_pde": 0.8270827531814575,
    "complex_ipde": 1.814241886138916,
    "chains_ptm": {
        "0": 0.7697671055793762,
        "1": 0.853987455368042
    },
    "pair_chains_iptm": {
        "0": {
            "0": 0.7697671055793762,
            "1": 0.3754814565181732
        },
        "1": {
            "0": 0.9006347060203552,
            "1": 0.853987455368042
        }
    }
}