{
    "affinity_pred_value": 1.7315623760223389,
    "affinity_probability_binary": 0.2835085093975067,
    "affinity_pred_value1": 1.4589588642120361,
    "affinity_probability_binary1": 0.32402893900871277,
    "affinity_pred_value2": 2.0041658878326416,
    "affinity_probability_binary2": 0.24298809468746185
}