{
    "confidence_score": 0.9330997467041016,
    "ptm": 0.9378588795661926,
    "iptm": 0.9509783983230591,
    "ligand_iptm": 0.9509783983230591,
    "protein_iptm": 0.0,
    "complex_plddt": 0.9286300539970398,
    "complex_iplddt": 0.8968824744224548,
    "complex_pde": 0.48337027430534363,
    "complex_ipde": 0.6843687295913696,
    "chains_ptm": {
        "0": 0.9367421865463257,
        "1": 0.8894218802452087
    },
    "pair_chains_iptm": {
        "0": {
            "0": 0.9367421865463257,
            "1": 0.5069355964660645
        },
        "1": {
            "0": 0.9509783983230591,
            "1": 0.8894218802452087
        }
    }
}