{
    "affinity_pred_value": 0.6945372819900513,
    "affinity_probability_binary": 0.7270339727401733,
    "affinity_pred_value1": 0.1334986686706543,
    "affinity_probability_binary1": 0.8490622639656067,
    "affinity_pred_value2": 1.2555758953094482,
    "affinity_probability_binary2": 0.6050057411193848
}