{
    "confidence_score": 0.9332911372184753,
    "ptm": 0.9352055191993713,
    "iptm": 0.9693349003791809,
    "ligand_iptm": 0.9693349003791809,
    "protein_iptm": 0.0,
    "complex_plddt": 0.9242801666259766,
    "complex_iplddt": 0.8736173510551453,
    "complex_pde": 0.46430352330207825,
    "complex_ipde": 0.574639618396759,
    "chains_ptm": {
        "0": 0.9315745830535889,
        "1": 0.9561793804168701
    },
    "pair_chains_iptm": {
        "0": {
            "0": 0.9315745830535889,
            "1": 0.6593946814537048
        },
        "1": {
            "0": 0.9693349003791809,
            "1": 0.9561793804168701
        }
    }
}