{
    "affinity_pred_value": 0.1618916541337967,
    "affinity_probability_binary": 0.6978082656860352,
    "affinity_pred_value1": 0.4000400900840759,
    "affinity_probability_binary1": 0.7128543853759766,
    "affinity_pred_value2": -0.07625678181648254,
    "affinity_probability_binary2": 0.6827622056007385
}