{
    "confidence_score": 0.9492177367210388,
    "ptm": 0.9565871953964233,
    "iptm": 0.9731224179267883,
    "ligand_iptm": 0.9731224179267883,
    "protein_iptm": 0.0,
    "complex_plddt": 0.9432414770126343,
    "complex_iplddt": 0.9103274941444397,
    "complex_pde": 0.4048352539539337,
    "complex_ipde": 0.5743788480758667,
    "chains_ptm": {
        "0": 0.9538416266441345,
        "1": 0.8774656057357788
    },
    "pair_chains_iptm": {
        "0": {
            "0": 0.9538416266441345,
            "1": 0.6341545581817627
        },
        "1": {
            "0": 0.9731224179267883,
            "1": 0.8774656057357788
        }
    }
}