{
    "affinity_pred_value": 0.551948606967926,
    "affinity_probability_binary": 0.46591508388519287,
    "affinity_pred_value1": 0.5307654738426208,
    "affinity_probability_binary1": 0.4915909469127655,
    "affinity_pred_value2": 0.5731317400932312,
    "affinity_probability_binary2": 0.44023922085762024
}