{
    "confidence_score": 0.7965259552001953,
    "ptm": 0.7596508264541626,
    "iptm": 0.9087897539138794,
    "ligand_iptm": 0.9087897539138794,
    "protein_iptm": 0.0,
    "complex_plddt": 0.7684599757194519,
    "complex_iplddt": 0.6157784461975098,
    "complex_pde": 0.7702630162239075,
    "complex_ipde": 2.283374309539795,
    "chains_ptm": {
        "0": 0.73493891954422,
        "1": 0.8288055062294006
    },
    "pair_chains_iptm": {
        "0": {
            "0": 0.73493891954422,
            "1": 0.3594244718551636
        },
        "1": {
            "0": 0.9087897539138794,
            "1": 0.8288055062294006
        }
    }
}