{
    "affinity_pred_value": -0.06536605954170227,
    "affinity_probability_binary": 0.4116525650024414,
    "affinity_pred_value1": 0.5231891870498657,
    "affinity_probability_binary1": 0.4816298186779022,
    "affinity_pred_value2": -0.6539213061332703,
    "affinity_probability_binary2": 0.341675341129303
}