{
    "confidence_score": 0.7022413611412048,
    "ptm": 0.9278185367584229,
    "iptm": 0.8233993053436279,
    "ligand_iptm": 0.8233993053436279,
    "protein_iptm": 0.0,
    "complex_plddt": 0.6719518899917603,
    "complex_iplddt": 0.4754784107208252,
    "complex_pde": 0.5421438813209534,
    "complex_ipde": 1.7650166749954224,
    "chains_ptm": {
        "0": 0.9541478157043457,
        "1": 0.7454574704170227
    },
    "pair_chains_iptm": {
        "0": {
            "0": 0.9541478157043457,
            "1": 0.3397047817707062
        },
        "1": {
            "0": 0.8233993053436279,
            "1": 0.7454574704170227
        }
    }
}