{
    "affinity_pred_value": -1.1209162473678589,
    "affinity_probability_binary": 0.929495096206665,
    "affinity_pred_value1": -1.354972004890442,
    "affinity_probability_binary1": 0.9233258366584778,
    "affinity_pred_value2": -0.8868604898452759,
    "affinity_probability_binary2": 0.9356643557548523
}