{
    "confidence_score": 0.9502373933792114,
    "ptm": 0.9543878436088562,
    "iptm": 0.9828463792800903,
    "ligand_iptm": 0.9828463792800903,
    "protein_iptm": 0.0,
    "complex_plddt": 0.9420850872993469,
    "complex_iplddt": 0.9223335385322571,
    "complex_pde": 0.395955353975296,
    "complex_ipde": 0.5219104290008545,
    "chains_ptm": {
        "0": 0.9502015113830566,
        "1": 0.8991632461547852
    },
    "pair_chains_iptm": {
        "0": {
            "0": 0.9502015113830566,
            "1": 0.7654509544372559
        },
        "1": {
            "0": 0.9828463792800903,
            "1": 0.8991632461547852
        }
    }
}