{
    "affinity_pred_value": -0.2677295207977295,
    "affinity_probability_binary": 0.5929927229881287,
    "affinity_pred_value1": -0.8663099408149719,
    "affinity_probability_binary1": 0.8490126729011536,
    "affinity_pred_value2": 0.33085086941719055,
    "affinity_probability_binary2": 0.33697277307510376
}