{
    "confidence_score": 0.7642963528633118,
    "ptm": 0.7363408803939819,
    "iptm": 0.8027709722518921,
    "ligand_iptm": 0.8027709722518921,
    "protein_iptm": 0.0,
    "complex_plddt": 0.7546776533126831,
    "complex_iplddt": 0.4890897572040558,
    "complex_pde": 0.7618741989135742,
    "complex_ipde": 1.9843759536743164,
    "chains_ptm": {
        "0": 0.7261166572570801,
        "1": 0.8594540357589722
    },
    "pair_chains_iptm": {
        "0": {
            "0": 0.7261166572570801,
            "1": 0.2618786096572876
        },
        "1": {
            "0": 0.8027709722518921,
            "1": 0.8594540357589722
        }
    }
}