{
    "affinity_pred_value": -1.3919750452041626,
    "affinity_probability_binary": 0.9444972276687622,
    "affinity_pred_value1": -1.80874502658844,
    "affinity_probability_binary1": 0.9465060830116272,
    "affinity_pred_value2": -0.9752050042152405,
    "affinity_probability_binary2": 0.942488431930542
}