{
    "confidence_score": 0.9178459048271179,
    "ptm": 0.9246414303779602,
    "iptm": 0.9861016273498535,
    "ligand_iptm": 0.9861016273498535,
    "protein_iptm": 0.0,
    "complex_plddt": 0.9007819294929504,
    "complex_iplddt": 0.9130389094352722,
    "complex_pde": 0.36232790350914,
    "complex_ipde": 0.4587033689022064,
    "chains_ptm": {
        "0": 0.9151231050491333,
        "1": 0.8998672962188721
    },
    "pair_chains_iptm": {
        "0": {
            "0": 0.9151231050491333,
            "1": 0.7410281300544739
        },
        "1": {
            "0": 0.9861016273498535,
            "1": 0.8998672962188721
        }
    }
}