{
    "affinity_pred_value": 0.19219620525836945,
    "affinity_probability_binary": 0.684506893157959,
    "affinity_pred_value1": 0.005147825926542282,
    "affinity_probability_binary1": 0.7484617829322815,
    "affinity_pred_value2": 0.3792445957660675,
    "affinity_probability_binary2": 0.6205520033836365
}