{
    "confidence_score": 0.9036205410957336,
    "ptm": 0.9130059480667114,
    "iptm": 0.956654965877533,
    "ligand_iptm": 0.956654965877533,
    "protein_iptm": 0.0,
    "complex_plddt": 0.8903619647026062,
    "complex_iplddt": 0.8628700971603394,
    "complex_pde": 0.4093744456768036,
    "complex_ipde": 0.5537848472595215,
    "chains_ptm": {
        "0": 0.9053357243537903,
        "1": 0.9014875292778015
    },
    "pair_chains_iptm": {
        "0": {
            "0": 0.9053357243537903,
            "1": 0.6478222012519836
        },
        "1": {
            "0": 0.956654965877533,
            "1": 0.9014875292778015
        }
    }
}