{
    "affinity_pred_value": -0.011091887950897217,
    "affinity_probability_binary": 0.36978840827941895,
    "affinity_pred_value1": 0.2546634376049042,
    "affinity_probability_binary1": 0.3999220132827759,
    "affinity_pred_value2": -0.2768472135066986,
    "affinity_probability_binary2": 0.3396548330783844
}