{
    "confidence_score": 0.7031247019767761,
    "ptm": 0.9095279574394226,
    "iptm": 0.8788436055183411,
    "ligand_iptm": 0.8788436055183411,
    "protein_iptm": 0.0,
    "complex_plddt": 0.6591949462890625,
    "complex_iplddt": 0.46211984753608704,
    "complex_pde": 0.5275416374206543,
    "complex_ipde": 1.4540950059890747,
    "chains_ptm": {
        "0": 0.918469250202179,
        "1": 0.9215530157089233
    },
    "pair_chains_iptm": {
        "0": {
            "0": 0.918469250202179,
            "1": 0.49796372652053833
        },
        "1": {
            "0": 0.8788436055183411,
            "1": 0.9215530157089233
        }
    }
}