{
    "affinity_pred_value": -0.44323647022247314,
    "affinity_probability_binary": 0.5666731595993042,
    "affinity_pred_value1": -0.5909874439239502,
    "affinity_probability_binary1": 0.7118679285049438,
    "affinity_pred_value2": -0.2954854965209961,
    "affinity_probability_binary2": 0.4214784502983093
}