{
    "confidence_score": 0.7855882048606873,
    "ptm": 0.747067928314209,
    "iptm": 0.8551514148712158,
    "ligand_iptm": 0.8551514148712158,
    "protein_iptm": 0.0,
    "complex_plddt": 0.7681974172592163,
    "complex_iplddt": 0.5818058848381042,
    "complex_pde": 0.9132075309753418,
    "complex_ipde": 2.808840036392212,
    "chains_ptm": {
        "0": 0.7238810658454895,
        "1": 0.8829575181007385
    },
    "pair_chains_iptm": {
        "0": {
            "0": 0.7238810658454895,
            "1": 0.3846115171909332
        },
        "1": {
            "0": 0.8551514148712158,
            "1": 0.8829575181007385
        }
    }
}