{
    "affinity_pred_value": 0.1922810673713684,
    "affinity_probability_binary": 0.4805172085762024,
    "affinity_pred_value1": -0.4609193205833435,
    "affinity_probability_binary1": 0.36601895093917847,
    "affinity_pred_value2": 0.8454814553260803,
    "affinity_probability_binary2": 0.5950154662132263
}