{
    "confidence_score": 0.9327613115310669,
    "ptm": 0.9413791298866272,
    "iptm": 0.9688376188278198,
    "ligand_iptm": 0.9688376188278198,
    "protein_iptm": 0.0,
    "complex_plddt": 0.9237422347068787,
    "complex_iplddt": 0.8775686025619507,
    "complex_pde": 0.45574164390563965,
    "complex_ipde": 0.6026476621627808,
    "chains_ptm": {
        "0": 0.9380964040756226,
        "1": 0.8602367043495178
    },
    "pair_chains_iptm": {
        "0": {
            "0": 0.9380964040756226,
            "1": 0.5807725787162781
        },
        "1": {
            "0": 0.9688376188278198,
            "1": 0.8602367043495178
        }
    }
}