{
    "affinity_pred_value": 0.4980911314487457,
    "affinity_probability_binary": 0.08270469307899475,
    "affinity_pred_value1": 0.3622286915779114,
    "affinity_probability_binary1": 0.09912560135126114,
    "affinity_pred_value2": 0.6339535713195801,
    "affinity_probability_binary2": 0.06628379225730896
}