{
    "confidence_score": 0.7485364079475403,
    "ptm": 0.8873193860054016,
    "iptm": 0.8988274931907654,
    "ligand_iptm": 0.8988274931907654,
    "protein_iptm": 0.0,
    "complex_plddt": 0.7109636068344116,
    "complex_iplddt": 0.5639599561691284,
    "complex_pde": 0.5537825226783752,
    "complex_ipde": 1.3823820352554321,
    "chains_ptm": {
        "0": 0.8869116902351379,
        "1": 0.9236539602279663
    },
    "pair_chains_iptm": {
        "0": {
            "0": 0.8869116902351379,
            "1": 0.5115084648132324
        },
        "1": {
            "0": 0.8988274931907654,
            "1": 0.9236539602279663
        }
    }
}