{
    "affinity_pred_value": -0.5374689102172852,
    "affinity_probability_binary": 0.8877228498458862,
    "affinity_pred_value1": -0.6920883059501648,
    "affinity_probability_binary1": 0.9436889886856079,
    "affinity_pred_value2": -0.38284945487976074,
    "affinity_probability_binary2": 0.8317567706108093
}