{
    "confidence_score": 0.9398666620254517,
    "ptm": 0.9386581182479858,
    "iptm": 0.9842295050621033,
    "ligand_iptm": 0.9842295050621033,
    "protein_iptm": 0.0,
    "complex_plddt": 0.92877596616745,
    "complex_iplddt": 0.9186452627182007,
    "complex_pde": 0.4482048749923706,
    "complex_ipde": 0.4601799547672272,
    "chains_ptm": {
        "0": 0.9340039491653442,
        "1": 0.8614078164100647
    },
    "pair_chains_iptm": {
        "0": {
            "0": 0.9340039491653442,
            "1": 0.594942033290863
        },
        "1": {
            "0": 0.9842295050621033,
            "1": 0.8614078164100647
        }
    }
}