{
    "affinity_pred_value": 0.4636988639831543,
    "affinity_probability_binary": 0.7244563102722168,
    "affinity_pred_value1": 0.17900313436985016,
    "affinity_probability_binary1": 0.7365863919258118,
    "affinity_pred_value2": 0.7483946084976196,
    "affinity_probability_binary2": 0.712326169013977
}