{
    "confidence_score": 0.9374680519104004,
    "ptm": 0.9456160068511963,
    "iptm": 0.9743978381156921,
    "ligand_iptm": 0.9743978381156921,
    "protein_iptm": 0.0,
    "complex_plddt": 0.928235650062561,
    "complex_iplddt": 0.8945791125297546,
    "complex_pde": 0.4526779055595398,
    "complex_ipde": 0.6313409209251404,
    "chains_ptm": {
        "0": 0.9411270618438721,
        "1": 0.8529088497161865
    },
    "pair_chains_iptm": {
        "0": {
            "0": 0.9411270618438721,
            "1": 0.578470766544342
        },
        "1": {
            "0": 0.9743978381156921,
            "1": 0.8529088497161865
        }
    }
}