{
    "affinity_pred_value": -0.04932514578104019,
    "affinity_probability_binary": 0.27309441566467285,
    "affinity_pred_value1": -0.17711538076400757,
    "affinity_probability_binary1": 0.2479296326637268,
    "affinity_pred_value2": 0.07846508920192719,
    "affinity_probability_binary2": 0.2982592284679413
}