{
    "confidence_score": 0.752128541469574,
    "ptm": 0.8627270460128784,
    "iptm": 0.847613513469696,
    "ligand_iptm": 0.847613513469696,
    "protein_iptm": 0.0,
    "complex_plddt": 0.7282572388648987,
    "complex_iplddt": 0.6164318323135376,
    "complex_pde": 0.6737038493156433,
    "complex_ipde": 2.2275710105895996,
    "chains_ptm": {
        "0": 0.8660683631896973,
        "1": 0.846523642539978
    },
    "pair_chains_iptm": {
        "0": {
            "0": 0.8660683631896973,
            "1": 0.3751709759235382
        },
        "1": {
            "0": 0.847613513469696,
            "1": 0.846523642539978
        }
    }
}