{
    "affinity_pred_value": 0.07500667870044708,
    "affinity_probability_binary": 0.4931502342224121,
    "affinity_pred_value1": 0.48837733268737793,
    "affinity_probability_binary1": 0.6264525055885315,
    "affinity_pred_value2": -0.33836397528648376,
    "affinity_probability_binary2": 0.35984793305397034
}