{
    "confidence_score": 0.7386000752449036,
    "ptm": 0.9130085706710815,
    "iptm": 0.8118664026260376,
    "ligand_iptm": 0.8118664026260376,
    "protein_iptm": 0.0,
    "complex_plddt": 0.7202835083007812,
    "complex_iplddt": 0.6389662027359009,
    "complex_pde": 0.5839842557907104,
    "complex_ipde": 2.0595993995666504,
    "chains_ptm": {
        "0": 0.9345126748085022,
        "1": 0.749903678894043
    },
    "pair_chains_iptm": {
        "0": {
            "0": 0.9345126748085022,
            "1": 0.4063132107257843
        },
        "1": {
            "0": 0.8118664026260376,
            "1": 0.749903678894043
        }
    }
}