{
    "affinity_pred_value": -0.5590371489524841,
    "affinity_probability_binary": 0.6833373308181763,
    "affinity_pred_value1": -0.9235398769378662,
    "affinity_probability_binary1": 0.6547693610191345,
    "affinity_pred_value2": -0.19453442096710205,
    "affinity_probability_binary2": 0.711905300617218
}