{
    "confidence_score": 0.9172426462173462,
    "ptm": 0.9512795209884644,
    "iptm": 0.9426785707473755,
    "ligand_iptm": 0.9426785707473755,
    "protein_iptm": 0.0,
    "complex_plddt": 0.9108836650848389,
    "complex_iplddt": 0.8437883257865906,
    "complex_pde": 0.4402894973754883,
    "complex_ipde": 0.686306357383728,
    "chains_ptm": {
        "0": 0.9530796408653259,
        "1": 0.8987865447998047
    },
    "pair_chains_iptm": {
        "0": {
            "0": 0.9530796408653259,
            "1": 0.6727083921432495
        },
        "1": {
            "0": 0.9426785707473755,
            "1": 0.8987865447998047
        }
    }
}