{
    "affinity_pred_value": 0.12034890800714493,
    "affinity_probability_binary": 0.4955138564109802,
    "affinity_pred_value1": -0.11457307636737823,
    "affinity_probability_binary1": 0.42958101630210876,
    "affinity_pred_value2": 0.3552708923816681,
    "affinity_probability_binary2": 0.5614466667175293
}