{
    "confidence_score": 0.9508042335510254,
    "ptm": 0.9522764086723328,
    "iptm": 0.9695570468902588,
    "ligand_iptm": 0.9695570468902588,
    "protein_iptm": 0.0,
    "complex_plddt": 0.946116030216217,
    "complex_iplddt": 0.914993405342102,
    "complex_pde": 0.42132261395454407,
    "complex_ipde": 0.6269635558128357,
    "chains_ptm": {
        "0": 0.9497761130332947,
        "1": 0.8207715749740601
    },
    "pair_chains_iptm": {
        "0": {
            "0": 0.9497761130332947,
            "1": 0.6540735363960266
        },
        "1": {
            "0": 0.9695570468902588,
            "1": 0.8207715749740601
        }
    }
}