{
    "affinity_pred_value": -0.6875840425491333,
    "affinity_probability_binary": 0.8512738943099976,
    "affinity_pred_value1": -0.7962504625320435,
    "affinity_probability_binary1": 0.8735498785972595,
    "affinity_pred_value2": -0.5789176225662231,
    "affinity_probability_binary2": 0.8289979100227356
}