{
    "confidence_score": 0.8991920351982117,
    "ptm": 0.9081383943557739,
    "iptm": 0.9613777995109558,
    "ligand_iptm": 0.9613777995109558,
    "protein_iptm": 0.0,
    "complex_plddt": 0.8836456537246704,
    "complex_iplddt": 0.8540053367614746,
    "complex_pde": 0.4607587158679962,
    "complex_ipde": 0.684299886226654,
    "chains_ptm": {
        "0": 0.8978406190872192,
        "1": 0.886913001537323
    },
    "pair_chains_iptm": {
        "0": {
            "0": 0.8978406190872192,
            "1": 0.6098086833953857
        },
        "1": {
            "0": 0.9613777995109558,
            "1": 0.886913001537323
        }
    }
}