{
    "affinity_pred_value": -0.588585615158081,
    "affinity_probability_binary": 0.5529108643531799,
    "affinity_pred_value1": -0.6409948468208313,
    "affinity_probability_binary1": 0.7789744734764099,
    "affinity_pred_value2": -0.5361763834953308,
    "affinity_probability_binary2": 0.32684728503227234
}