{
    "confidence_score": 0.6979033350944519,
    "ptm": 0.8594872951507568,
    "iptm": 0.8188368082046509,
    "ligand_iptm": 0.8188368082046509,
    "protein_iptm": 0.0,
    "complex_plddt": 0.6676700115203857,
    "complex_iplddt": 0.4833087921142578,
    "complex_pde": 0.785198450088501,
    "complex_ipde": 2.421933174133301,
    "chains_ptm": {
        "0": 0.8700239062309265,
        "1": 0.9269774556159973
    },
    "pair_chains_iptm": {
        "0": {
            "0": 0.8700239062309265,
            "1": 0.5046482086181641
        },
        "1": {
            "0": 0.8188368082046509,
            "1": 0.9269774556159973
        }
    }
}