{
    "affinity_pred_value": -0.2286151647567749,
    "affinity_probability_binary": 0.667809009552002,
    "affinity_pred_value1": -0.3204466998577118,
    "affinity_probability_binary1": 0.6122667789459229,
    "affinity_pred_value2": -0.13678361475467682,
    "affinity_probability_binary2": 0.7233511805534363
}