{
    "confidence_score": 0.9184891581535339,
    "ptm": 0.9272571802139282,
    "iptm": 0.9591575264930725,
    "ligand_iptm": 0.9591575264930725,
    "protein_iptm": 0.0,
    "complex_plddt": 0.9083220958709717,
    "complex_iplddt": 0.8586175441741943,
    "complex_pde": 0.4914724826812744,
    "complex_ipde": 0.7277398705482483,
    "chains_ptm": {
        "0": 0.9209058284759521,
        "1": 0.8909227848052979
    },
    "pair_chains_iptm": {
        "0": {
            "0": 0.9209058284759521,
            "1": 0.6411448121070862
        },
        "1": {
            "0": 0.9591575264930725,
            "1": 0.8909227848052979
        }
    }
}