{
    "affinity_pred_value": 0.016766861081123352,
    "affinity_probability_binary": 0.38714906573295593,
    "affinity_pred_value1": 0.30545881390571594,
    "affinity_probability_binary1": 0.35866618156433105,
    "affinity_pred_value2": -0.27192509174346924,
    "affinity_probability_binary2": 0.4156319499015808
}