{
    "confidence_score": 0.7902258038520813,
    "ptm": 0.7224385738372803,
    "iptm": 0.8254950642585754,
    "ligand_iptm": 0.8254950642585754,
    "protein_iptm": 0.0,
    "complex_plddt": 0.7814084887504578,
    "complex_iplddt": 0.6581089496612549,
    "complex_pde": 0.9261965751647949,
    "complex_ipde": 3.1545138359069824,
    "chains_ptm": {
        "0": 0.7080127000808716,
        "1": 0.8155352473258972
    },
    "pair_chains_iptm": {
        "0": {
            "0": 0.7080127000808716,
            "1": 0.26643258333206177
        },
        "1": {
            "0": 0.8254950642585754,
            "1": 0.8155352473258972
        }
    }
}