{
    "affinity_pred_value": 0.5922500491142273,
    "affinity_probability_binary": 0.12596316635608673,
    "affinity_pred_value1": 0.8584210276603699,
    "affinity_probability_binary1": 0.08904572576284409,
    "affinity_pred_value2": 0.32607904076576233,
    "affinity_probability_binary2": 0.16288061439990997
}