{
    "confidence_score": 0.7506360411643982,
    "ptm": 0.9000975489616394,
    "iptm": 0.8959707617759705,
    "ligand_iptm": 0.8959707617759705,
    "protein_iptm": 0.0,
    "complex_plddt": 0.7143023014068604,
    "complex_iplddt": 0.6191574335098267,
    "complex_pde": 0.5437440872192383,
    "complex_ipde": 1.49990975856781,
    "chains_ptm": {
        "0": 0.9014776945114136,
        "1": 0.9195284247398376
    },
    "pair_chains_iptm": {
        "0": {
            "0": 0.9014776945114136,
            "1": 0.510888934135437
        },
        "1": {
            "0": 0.8959707617759705,
            "1": 0.9195284247398376
        }
    }
}