{
    "affinity_pred_value": 0.8377062082290649,
    "affinity_probability_binary": 0.1694776564836502,
    "affinity_pred_value1": 0.714752733707428,
    "affinity_probability_binary1": 0.15760329365730286,
    "affinity_pred_value2": 0.9606596827507019,
    "affinity_probability_binary2": 0.18135201930999756
}