{
    "confidence_score": 0.9215842485427856,
    "ptm": 0.948456346988678,
    "iptm": 0.9394940137863159,
    "ligand_iptm": 0.9394940137863159,
    "protein_iptm": 0.0,
    "complex_plddt": 0.9171067476272583,
    "complex_iplddt": 0.8508260250091553,
    "complex_pde": 0.47161707282066345,
    "complex_ipde": 0.7829119563102722,
    "chains_ptm": {
        "0": 0.949905514717102,
        "1": 0.8843607902526855
    },
    "pair_chains_iptm": {
        "0": {
            "0": 0.949905514717102,
            "1": 0.6306648254394531
        },
        "1": {
            "0": 0.9394940137863159,
            "1": 0.8843607902526855
        }
    }
}