{
    "affinity_pred_value": -0.5202664136886597,
    "affinity_probability_binary": 0.26377418637275696,
    "affinity_pred_value1": -0.3269404172897339,
    "affinity_probability_binary1": 0.22199691832065582,
    "affinity_pred_value2": -0.7135924100875854,
    "affinity_probability_binary2": 0.3055514395236969
}