{
    "confidence_score": 0.7087299227714539,
    "ptm": 0.8855887651443481,
    "iptm": 0.8172882199287415,
    "ligand_iptm": 0.8172882199287415,
    "protein_iptm": 0.0,
    "complex_plddt": 0.6815903782844543,
    "complex_iplddt": 0.49167105555534363,
    "complex_pde": 0.6460265517234802,
    "complex_ipde": 2.013237714767456,
    "chains_ptm": {
        "0": 0.9012237191200256,
        "1": 0.8859937191009521
    },
    "pair_chains_iptm": {
        "0": {
            "0": 0.9012237191200256,
            "1": 0.45510828495025635
        },
        "1": {
            "0": 0.8172882199287415,
            "1": 0.8859937191009521
        }
    }
}