{
    "affinity_pred_value": 0.7173575162887573,
    "affinity_probability_binary": 0.2543008029460907,
    "affinity_pred_value1": 0.9054334759712219,
    "affinity_probability_binary1": 0.198845773935318,
    "affinity_pred_value2": 0.5292816162109375,
    "affinity_probability_binary2": 0.3097558319568634
}