{
    "confidence_score": 0.72342848777771,
    "ptm": 0.8503950238227844,
    "iptm": 0.8070194125175476,
    "ligand_iptm": 0.8070194125175476,
    "protein_iptm": 0.0,
    "complex_plddt": 0.7025307416915894,
    "complex_iplddt": 0.6683132648468018,
    "complex_pde": 0.7606175541877747,
    "complex_ipde": 2.8155062198638916,
    "chains_ptm": {
        "0": 0.8581619262695312,
        "1": 0.8281050324440002
    },
    "pair_chains_iptm": {
        "0": {
            "0": 0.8581619262695312,
            "1": 0.33368876576423645
        },
        "1": {
            "0": 0.8070194125175476,
            "1": 0.8281050324440002
        }
    }
}