{
    "affinity_pred_value": -1.4190504550933838,
    "affinity_probability_binary": 0.5738270878791809,
    "affinity_pred_value1": -1.3479312658309937,
    "affinity_probability_binary1": 0.6542121171951294,
    "affinity_pred_value2": -1.490169644355774,
    "affinity_probability_binary2": 0.4934420585632324
}