{
    "confidence_score": 0.7226200103759766,
    "ptm": 0.7630140781402588,
    "iptm": 0.7774912118911743,
    "ligand_iptm": 0.7774912118911743,
    "protein_iptm": 0.0,
    "complex_plddt": 0.7089022397994995,
    "complex_iplddt": 0.4128058850765228,
    "complex_pde": 0.7149462699890137,
    "complex_ipde": 2.3787150382995605,
    "chains_ptm": {
        "0": 0.761044979095459,
        "1": 0.8106465339660645
    },
    "pair_chains_iptm": {
        "0": {
            "0": 0.761044979095459,
            "1": 0.33305269479751587
        },
        "1": {
            "0": 0.7774912118911743,
            "1": 0.8106465339660645
        }
    }
}