{
    "affinity_pred_value": -0.41440549492836,
    "affinity_probability_binary": 0.7103291749954224,
    "affinity_pred_value1": -1.197904348373413,
    "affinity_probability_binary1": 0.7704576253890991,
    "affinity_pred_value2": 0.3690933585166931,
    "affinity_probability_binary2": 0.6502006649971008
}