{
    "confidence_score": 0.9349144101142883,
    "ptm": 0.9255380034446716,
    "iptm": 0.9748339056968689,
    "ligand_iptm": 0.9748339056968689,
    "protein_iptm": 0.0,
    "complex_plddt": 0.9249345660209656,
    "complex_iplddt": 0.88835608959198,
    "complex_pde": 0.5055452585220337,
    "complex_ipde": 0.6115240454673767,
    "chains_ptm": {
        "0": 0.9198392033576965,
        "1": 0.8590651750564575
    },
    "pair_chains_iptm": {
        "0": {
            "0": 0.9198392033576965,
            "1": 0.582780659198761
        },
        "1": {
            "0": 0.9748339056968689,
            "1": 0.8590651750564575
        }
    }
}