{
    "affinity_pred_value": 0.9346792697906494,
    "affinity_probability_binary": 0.30635806918144226,
    "affinity_pred_value1": 0.9565198421478271,
    "affinity_probability_binary1": 0.22558577358722687,
    "affinity_pred_value2": 0.9128386378288269,
    "affinity_probability_binary2": 0.38713034987449646
}