{
    "confidence_score": 0.942491352558136,
    "ptm": 0.9508684873580933,
    "iptm": 0.9704916477203369,
    "ligand_iptm": 0.9704916477203369,
    "protein_iptm": 0.0,
    "complex_plddt": 0.9354912638664246,
    "complex_iplddt": 0.9043696522712708,
    "complex_pde": 0.4375888407230377,
    "complex_ipde": 0.6510506868362427,
    "chains_ptm": {
        "0": 0.9480292797088623,
        "1": 0.8558976054191589
    },
    "pair_chains_iptm": {
        "0": {
            "0": 0.9480292797088623,
            "1": 0.5020300149917603
        },
        "1": {
            "0": 0.9704916477203369,
            "1": 0.8558976054191589
        }
    }
}