{
    "affinity_pred_value": 0.268565833568573,
    "affinity_probability_binary": 0.3819212317466736,
    "affinity_pred_value1": 0.5463945865631104,
    "affinity_probability_binary1": 0.4430208206176758,
    "affinity_pred_value2": -0.009262945502996445,
    "affinity_probability_binary2": 0.320821613073349
}