{
    "confidence_score": 0.7700487971305847,
    "ptm": 0.7954563498497009,
    "iptm": 0.9487709403038025,
    "ligand_iptm": 0.9487709403038025,
    "protein_iptm": 0.0,
    "complex_plddt": 0.7253682613372803,
    "complex_iplddt": 0.5441833138465881,
    "complex_pde": 0.5050014853477478,
    "complex_ipde": 1.0222052335739136,
    "chains_ptm": {
        "0": 0.7630435824394226,
        "1": 0.9440897107124329
    },
    "pair_chains_iptm": {
        "0": {
            "0": 0.7630435824394226,
            "1": 0.49894407391548157
        },
        "1": {
            "0": 0.9487709403038025,
            "1": 0.9440897107124329
        }
    }
}