{
    "affinity_pred_value": 0.5160189867019653,
    "affinity_probability_binary": 0.1965940147638321,
    "affinity_pred_value1": 0.6140968799591064,
    "affinity_probability_binary1": 0.19164620339870453,
    "affinity_pred_value2": 0.41794103384017944,
    "affinity_probability_binary2": 0.20154182612895966
}