{
    "confidence_score": 0.7289486527442932,
    "ptm": 0.8714817762374878,
    "iptm": 0.8375310301780701,
    "ligand_iptm": 0.8375310301780701,
    "protein_iptm": 0.0,
    "complex_plddt": 0.7018030285835266,
    "complex_iplddt": 0.5472574234008789,
    "complex_pde": 0.706631064414978,
    "complex_ipde": 2.372084140777588,
    "chains_ptm": {
        "0": 0.8769209384918213,
        "1": 0.7695206999778748
    },
    "pair_chains_iptm": {
        "0": {
            "0": 0.8769209384918213,
            "1": 0.36596912145614624
        },
        "1": {
            "0": 0.8375310301780701,
            "1": 0.7695206999778748
        }
    }
}