{
    "affinity_pred_value": -0.10412734001874924,
    "affinity_probability_binary": 0.4394381046295166,
    "affinity_pred_value1": -0.28332290053367615,
    "affinity_probability_binary1": 0.4986831247806549,
    "affinity_pred_value2": 0.07506822049617767,
    "affinity_probability_binary2": 0.3801931142807007
}