{
    "confidence_score": 0.7287911772727966,
    "ptm": 0.9142435193061829,
    "iptm": 0.8943544626235962,
    "ligand_iptm": 0.8943544626235962,
    "protein_iptm": 0.0,
    "complex_plddt": 0.6874003410339355,
    "complex_iplddt": 0.5615414381027222,
    "complex_pde": 0.4850645065307617,
    "complex_ipde": 1.4287110567092896,
    "chains_ptm": {
        "0": 0.9233909845352173,
        "1": 0.9212999939918518
    },
    "pair_chains_iptm": {
        "0": {
            "0": 0.9233909845352173,
            "1": 0.5489250421524048
        },
        "1": {
            "0": 0.8943544626235962,
            "1": 0.9212999939918518
        }
    }
}