{
    "affinity_pred_value": -1.779707670211792,
    "affinity_probability_binary": 0.9083534479141235,
    "affinity_pred_value1": -2.016902446746826,
    "affinity_probability_binary1": 0.9745814800262451,
    "affinity_pred_value2": -1.5425127744674683,
    "affinity_probability_binary2": 0.8421253561973572
}