{
    "confidence_score": 0.941826343536377,
    "ptm": 0.9335606098175049,
    "iptm": 0.9857774972915649,
    "ligand_iptm": 0.9857774972915649,
    "protein_iptm": 0.0,
    "complex_plddt": 0.9308385252952576,
    "complex_iplddt": 0.9336345195770264,
    "complex_pde": 0.4684518277645111,
    "complex_ipde": 0.3898168206214905,
    "chains_ptm": {
        "0": 0.9293562769889832,
        "1": 0.9792158603668213
    },
    "pair_chains_iptm": {
        "0": {
            "0": 0.9293562769889832,
            "1": 0.7775383591651917
        },
        "1": {
            "0": 0.9857774972915649,
            "1": 0.9792158603668213
        }
    }
}