{
    "affinity_pred_value": 0.7784382104873657,
    "affinity_probability_binary": 0.1770716905593872,
    "affinity_pred_value1": 0.8905810117721558,
    "affinity_probability_binary1": 0.09340675920248032,
    "affinity_pred_value2": 0.6662954688072205,
    "affinity_probability_binary2": 0.2607366144657135
}