{
    "confidence_score": 0.7489455342292786,
    "ptm": 0.8871856331825256,
    "iptm": 0.8054559230804443,
    "ligand_iptm": 0.8054559230804443,
    "protein_iptm": 0.0,
    "complex_plddt": 0.7348179221153259,
    "complex_iplddt": 0.6662885546684265,
    "complex_pde": 0.6103016138076782,
    "complex_ipde": 2.31860613822937,
    "chains_ptm": {
        "0": 0.8960883021354675,
        "1": 0.8844514489173889
    },
    "pair_chains_iptm": {
        "0": {
            "0": 0.8960883021354675,
            "1": 0.31504011154174805
        },
        "1": {
            "0": 0.8054559230804443,
            "1": 0.8844514489173889
        }
    }
}