{
    "affinity_pred_value": 0.3449649512767792,
    "affinity_probability_binary": 0.1976395696401596,
    "affinity_pred_value1": 0.7443361282348633,
    "affinity_probability_binary1": 0.15074527263641357,
    "affinity_pred_value2": -0.05440622195601463,
    "affinity_probability_binary2": 0.24453386664390564
}