{
    "confidence_score": 0.835726261138916,
    "ptm": 0.7608961462974548,
    "iptm": 0.9099680185317993,
    "ligand_iptm": 0.9099680185317993,
    "protein_iptm": 0.0,
    "complex_plddt": 0.8171657919883728,
    "complex_iplddt": 0.7531021237373352,
    "complex_pde": 0.775138258934021,
    "complex_ipde": 2.3925859928131104,
    "chains_ptm": {
        "0": 0.7376091480255127,
        "1": 0.8509024977684021
    },
    "pair_chains_iptm": {
        "0": {
            "0": 0.7376091480255127,
            "1": 0.3931383490562439
        },
        "1": {
            "0": 0.9099680185317993,
            "1": 0.8509024977684021
        }
    }
}