{
    "affinity_pred_value": -0.9184105396270752,
    "affinity_probability_binary": 0.7639680504798889,
    "affinity_pred_value1": -0.21569299697875977,
    "affinity_probability_binary1": 0.7479702234268188,
    "affinity_pred_value2": -1.6211280822753906,
    "affinity_probability_binary2": 0.779965877532959
}