{
    "confidence_score": 0.9512813687324524,
    "ptm": 0.9505526423454285,
    "iptm": 0.9785076975822449,
    "ligand_iptm": 0.9785076975822449,
    "protein_iptm": 0.0,
    "complex_plddt": 0.9444747567176819,
    "complex_iplddt": 0.9256105422973633,
    "complex_pde": 0.3993298411369324,
    "complex_ipde": 0.5170831084251404,
    "chains_ptm": {
        "0": 0.9462701082229614,
        "1": 0.8943618535995483
    },
    "pair_chains_iptm": {
        "0": {
            "0": 0.9462701082229614,
            "1": 0.6638566255569458
        },
        "1": {
            "0": 0.9785076975822449,
            "1": 0.8943618535995483
        }
    }
}