{
    "affinity_pred_value": 0.3254539668560028,
    "affinity_probability_binary": 0.1872379630804062,
    "affinity_pred_value1": 0.5898003578186035,
    "affinity_probability_binary1": 0.20247215032577515,
    "affinity_pred_value2": 0.061107560992240906,
    "affinity_probability_binary2": 0.17200377583503723
}