{
    "confidence_score": 0.7034602761268616,
    "ptm": 0.8767332434654236,
    "iptm": 0.7883700728416443,
    "ligand_iptm": 0.7883700728416443,
    "protein_iptm": 0.0,
    "complex_plddt": 0.6822327971458435,
    "complex_iplddt": 0.5044397711753845,
    "complex_pde": 0.7585896849632263,
    "complex_ipde": 2.764357328414917,
    "chains_ptm": {
        "0": 0.8930515050888062,
        "1": 0.8628486394882202
    },
    "pair_chains_iptm": {
        "0": {
            "0": 0.8930515050888062,
            "1": 0.36742252111434937
        },
        "1": {
            "0": 0.7883700728416443,
            "1": 0.8628486394882202
        }
    }
}