{
    "affinity_pred_value": -1.2767243385314941,
    "affinity_probability_binary": 0.5374601483345032,
    "affinity_pred_value1": -1.2762700319290161,
    "affinity_probability_binary1": 0.4375510513782501,
    "affinity_pred_value2": -1.2771787643432617,
    "affinity_probability_binary2": 0.6373692750930786
}