{
    "confidence_score": 0.693456768989563,
    "ptm": 0.8612958192825317,
    "iptm": 0.8541760444641113,
    "ligand_iptm": 0.8541760444641113,
    "protein_iptm": 0.0,
    "complex_plddt": 0.6532769203186035,
    "complex_iplddt": 0.4602828919887543,
    "complex_pde": 0.6398557424545288,
    "complex_ipde": 1.6252542734146118,
    "chains_ptm": {
        "0": 0.866669237613678,
        "1": 0.8611328601837158
    },
    "pair_chains_iptm": {
        "0": {
            "0": 0.866669237613678,
            "1": 0.5086554884910583
        },
        "1": {
            "0": 0.8541760444641113,
            "1": 0.8611328601837158
        }
    }
}