{
    "affinity_pred_value": 0.731006383895874,
    "affinity_probability_binary": 0.2300877571105957,
    "affinity_pred_value1": 0.7180016040802002,
    "affinity_probability_binary1": 0.196844220161438,
    "affinity_pred_value2": 0.7440111041069031,
    "affinity_probability_binary2": 0.2633312940597534
}