{
    "confidence_score": 0.7118430733680725,
    "ptm": 0.8831150531768799,
    "iptm": 0.8492984771728516,
    "ligand_iptm": 0.8492984771728516,
    "protein_iptm": 0.0,
    "complex_plddt": 0.6774792075157166,
    "complex_iplddt": 0.5389804840087891,
    "complex_pde": 0.5968809723854065,
    "complex_ipde": 1.94147789478302,
    "chains_ptm": {
        "0": 0.8934532403945923,
        "1": 0.9157100319862366
    },
    "pair_chains_iptm": {
        "0": {
            "0": 0.8934532403945923,
            "1": 0.47971832752227783
        },
        "1": {
            "0": 0.8492984771728516,
            "1": 0.9157100319862366
        }
    }
}