{
    "affinity_pred_value": 0.31288081407546997,
    "affinity_probability_binary": 0.2015303671360016,
    "affinity_pred_value1": 0.2326485812664032,
    "affinity_probability_binary1": 0.14870743453502655,
    "affinity_pred_value2": 0.39311301708221436,
    "affinity_probability_binary2": 0.2543533146381378
}