{
    "confidence_score": 0.810102105140686,
    "ptm": 0.7974392175674438,
    "iptm": 0.9622707366943359,
    "ligand_iptm": 0.9622707366943359,
    "protein_iptm": 0.0,
    "complex_plddt": 0.7720599174499512,
    "complex_iplddt": 0.7718066573143005,
    "complex_pde": 0.5848169922828674,
    "complex_ipde": 1.3788396120071411,
    "chains_ptm": {
        "0": 0.7749068737030029,
        "1": 0.9025923013687134
    },
    "pair_chains_iptm": {
        "0": {
            "0": 0.7749068737030029,
            "1": 0.41916635632514954
        },
        "1": {
            "0": 0.9622707366943359,
            "1": 0.9025923013687134
        }
    }
}