{
    "affinity_pred_value": 0.31178730726242065,
    "affinity_probability_binary": 0.4657593369483948,
    "affinity_pred_value1": 0.029122382402420044,
    "affinity_probability_binary1": 0.4863540828227997,
    "affinity_pred_value2": 0.5944522619247437,
    "affinity_probability_binary2": 0.4451645612716675
}