{
    "confidence_score": 0.6962884664535522,
    "ptm": 0.8803226947784424,
    "iptm": 0.7972850799560547,
    "ligand_iptm": 0.7972850799560547,
    "protein_iptm": 0.0,
    "complex_plddt": 0.6710392832756042,
    "complex_iplddt": 0.5395777821540833,
    "complex_pde": 0.6756688356399536,
    "complex_ipde": 2.272850751876831,
    "chains_ptm": {
        "0": 0.8982428908348083,
        "1": 0.8192424178123474
    },
    "pair_chains_iptm": {
        "0": {
            "0": 0.8982428908348083,
            "1": 0.3465985655784607
        },
        "1": {
            "0": 0.7972850799560547,
            "1": 0.8192424178123474
        }
    }
}