{
    "affinity_pred_value": -0.6385149955749512,
    "affinity_probability_binary": 0.5788273811340332,
    "affinity_pred_value1": -0.2846071124076843,
    "affinity_probability_binary1": 0.5877704620361328,
    "affinity_pred_value2": -0.992422878742218,
    "affinity_probability_binary2": 0.5698843598365784
}