{
    "confidence_score": 0.7079979181289673,
    "ptm": 0.870381772518158,
    "iptm": 0.6807271242141724,
    "ligand_iptm": 0.6807271242141724,
    "protein_iptm": 0.0,
    "complex_plddt": 0.7148155570030212,
    "complex_iplddt": 0.6163087487220764,
    "complex_pde": 0.9128031134605408,
    "complex_ipde": 3.9119746685028076,
    "chains_ptm": {
        "0": 0.9067964553833008,
        "1": 0.8550001978874207
    },
    "pair_chains_iptm": {
        "0": {
            "0": 0.9067964553833008,
            "1": 0.32407301664352417
        },
        "1": {
            "0": 0.6807271242141724,
            "1": 0.8550001978874207
        }
    }
}