{
    "affinity_pred_value": 1.1802481412887573,
    "affinity_probability_binary": 0.25429365038871765,
    "affinity_pred_value1": 1.3353160619735718,
    "affinity_probability_binary1": 0.27908745408058167,
    "affinity_pred_value2": 1.0251802206039429,
    "affinity_probability_binary2": 0.22949983179569244
}