{
    "confidence_score": 0.9127030372619629,
    "ptm": 0.9408736824989319,
    "iptm": 0.9387904405593872,
    "ligand_iptm": 0.9387904405593872,
    "protein_iptm": 0.0,
    "complex_plddt": 0.9061812162399292,
    "complex_iplddt": 0.8292312622070312,
    "complex_pde": 0.48225897550582886,
    "complex_ipde": 0.7817156314849854,
    "chains_ptm": {
        "0": 0.9410244226455688,
        "1": 0.9184492230415344
    },
    "pair_chains_iptm": {
        "0": {
            "0": 0.9410244226455688,
            "1": 0.5026466250419617
        },
        "1": {
            "0": 0.9387904405593872,
            "1": 0.9184492230415344
        }
    }
}