{
    "affinity_pred_value": -1.9583830833435059,
    "affinity_probability_binary": 0.9668779373168945,
    "affinity_pred_value1": -2.098754405975342,
    "affinity_probability_binary1": 0.9556164741516113,
    "affinity_pred_value2": -1.81801176071167,
    "affinity_probability_binary2": 0.978139340877533
}