{
    "confidence_score": 0.9566361308097839,
    "ptm": 0.9435352087020874,
    "iptm": 0.9798961281776428,
    "ligand_iptm": 0.9798961281776428,
    "protein_iptm": 0.0,
    "complex_plddt": 0.9508211016654968,
    "complex_iplddt": 0.9294183850288391,
    "complex_pde": 0.4317430555820465,
    "complex_ipde": 0.5428600907325745,
    "chains_ptm": {
        "0": 0.9384090900421143,
        "1": 0.8764484524726868
    },
    "pair_chains_iptm": {
        "0": {
            "0": 0.9384090900421143,
            "1": 0.6114645600318909
        },
        "1": {
            "0": 0.9798961281776428,
            "1": 0.8764484524726868
        }
    }
}