{
    "affinity_pred_value": -0.29418057203292847,
    "affinity_probability_binary": 0.3156796097755432,
    "affinity_pred_value1": -0.31417572498321533,
    "affinity_probability_binary1": 0.16038982570171356,
    "affinity_pred_value2": -0.2741854190826416,
    "affinity_probability_binary2": 0.47096937894821167
}