{
    "confidence_score": 0.7492937445640564,
    "ptm": 0.936029851436615,
    "iptm": 0.865479052066803,
    "ligand_iptm": 0.865479052066803,
    "protein_iptm": 0.0,
    "complex_plddt": 0.7202473878860474,
    "complex_iplddt": 0.5740810036659241,
    "complex_pde": 0.4557887315750122,
    "complex_ipde": 1.3903933763504028,
    "chains_ptm": {
        "0": 0.9492459893226624,
        "1": 0.8439077734947205
    },
    "pair_chains_iptm": {
        "0": {
            "0": 0.9492459893226624,
            "1": 0.36785876750946045
        },
        "1": {
            "0": 0.865479052066803,
            "1": 0.8439077734947205
        }
    }
}