{
    "affinity_pred_value": 1.0007753372192383,
    "affinity_probability_binary": 0.23476096987724304,
    "affinity_pred_value1": 1.6413742303848267,
    "affinity_probability_binary1": 0.2480597198009491,
    "affinity_pred_value2": 0.36017656326293945,
    "affinity_probability_binary2": 0.221462219953537
}