{
    "confidence_score": 0.8134742975234985,
    "ptm": 0.7594370245933533,
    "iptm": 0.9171183705329895,
    "ligand_iptm": 0.9171183705329895,
    "protein_iptm": 0.0,
    "complex_plddt": 0.7875632643699646,
    "complex_iplddt": 0.7043603658676147,
    "complex_pde": 0.7052473425865173,
    "complex_ipde": 1.847288966178894,
    "chains_ptm": {
        "0": 0.7386506199836731,
        "1": 0.9110957384109497
    },
    "pair_chains_iptm": {
        "0": {
            "0": 0.7386506199836731,
            "1": 0.39092275500297546
        },
        "1": {
            "0": 0.9171183705329895,
            "1": 0.9110957384109497
        }
    }
}