{
    "affinity_pred_value": -1.5164650678634644,
    "affinity_probability_binary": 0.6250777244567871,
    "affinity_pred_value1": -1.218658447265625,
    "affinity_probability_binary1": 0.568639874458313,
    "affinity_pred_value2": -1.8142716884613037,
    "affinity_probability_binary2": 0.6815155148506165
}