{
    "confidence_score": 0.6162232160568237,
    "ptm": 0.7826085686683655,
    "iptm": 0.6303145289421082,
    "ligand_iptm": 0.6303145289421082,
    "protein_iptm": 0.0,
    "complex_plddt": 0.612700343132019,
    "complex_iplddt": 0.3079685866832733,
    "complex_pde": 0.9503256678581238,
    "complex_ipde": 3.5675408840179443,
    "chains_ptm": {
        "0": 0.8279673457145691,
        "1": 0.7536191344261169
    },
    "pair_chains_iptm": {
        "0": {
            "0": 0.8279673457145691,
            "1": 0.2855754494667053
        },
        "1": {
            "0": 0.6303145289421082,
            "1": 0.7536191344261169
        }
    }
}