{
    "affinity_pred_value": 1.2942465543746948,
    "affinity_probability_binary": 0.21663133800029755,
    "affinity_pred_value1": 1.6078382730484009,
    "affinity_probability_binary1": 0.16553178429603577,
    "affinity_pred_value2": 0.980654776096344,
    "affinity_probability_binary2": 0.2677308917045593
}