{
    "confidence_score": 0.781661331653595,
    "ptm": 0.8365897536277771,
    "iptm": 0.9293184876441956,
    "ligand_iptm": 0.9293184876441956,
    "protein_iptm": 0.0,
    "complex_plddt": 0.7447470426559448,
    "complex_iplddt": 0.7224377989768982,
    "complex_pde": 0.6516697406768799,
    "complex_ipde": 1.6044189929962158,
    "chains_ptm": {
        "0": 0.8272386193275452,
        "1": 0.8685898184776306
    },
    "pair_chains_iptm": {
        "0": {
            "0": 0.8272386193275452,
            "1": 0.40859439969062805
        },
        "1": {
            "0": 0.9293184876441956,
            "1": 0.8685898184776306
        }
    }
}