{
    "affinity_pred_value": 1.005082130432129,
    "affinity_probability_binary": 0.12615811824798584,
    "affinity_pred_value1": 0.6966423988342285,
    "affinity_probability_binary1": 0.0867583155632019,
    "affinity_pred_value2": 1.3135218620300293,
    "affinity_probability_binary2": 0.16555792093276978
}