{
    "confidence_score": 0.9377488493919373,
    "ptm": 0.9477892518043518,
    "iptm": 0.9601315259933472,
    "ligand_iptm": 0.9601315259933472,
    "protein_iptm": 0.0,
    "complex_plddt": 0.9321531653404236,
    "complex_iplddt": 0.9092455506324768,
    "complex_pde": 0.4376276731491089,
    "complex_ipde": 0.6127620935440063,
    "chains_ptm": {
        "0": 0.9470134973526001,
        "1": 0.9507212042808533
    },
    "pair_chains_iptm": {
        "0": {
            "0": 0.9470134973526001,
            "1": 0.6942440867424011
        },
        "1": {
            "0": 0.9601315259933472,
            "1": 0.9507212042808533
        }
    }
}