{
    "affinity_pred_value": 0.7414559721946716,
    "affinity_probability_binary": 0.39195770025253296,
    "affinity_pred_value1": 0.6235407590866089,
    "affinity_probability_binary1": 0.3755905330181122,
    "affinity_pred_value2": 0.8593711853027344,
    "affinity_probability_binary2": 0.40832486748695374
}