{
    "confidence_score": 0.9460137486457825,
    "ptm": 0.9624378085136414,
    "iptm": 0.9781039357185364,
    "ligand_iptm": 0.9781039357185364,
    "protein_iptm": 0.0,
    "complex_plddt": 0.937991201877594,
    "complex_iplddt": 0.9072074890136719,
    "complex_pde": 0.38784047961235046,
    "complex_ipde": 0.5723217129707336,
    "chains_ptm": {
        "0": 0.9599943161010742,
        "1": 0.9023764729499817
    },
    "pair_chains_iptm": {
        "0": {
            "0": 0.9599943161010742,
            "1": 0.6405566334724426
        },
        "1": {
            "0": 0.9781039357185364,
            "1": 0.9023764729499817
        }
    }
}