{
    "affinity_pred_value": -1.3557043075561523,
    "affinity_probability_binary": 0.9437440633773804,
    "affinity_pred_value1": -1.632225751876831,
    "affinity_probability_binary1": 0.9834975004196167,
    "affinity_pred_value2": -1.0791828632354736,
    "affinity_probability_binary2": 0.903990626335144
}