{
    "confidence_score": 0.945673406124115,
    "ptm": 0.9546509981155396,
    "iptm": 0.9764571785926819,
    "ligand_iptm": 0.9764571785926819,
    "protein_iptm": 0.0,
    "complex_plddt": 0.9379773736000061,
    "complex_iplddt": 0.9089663028717041,
    "complex_pde": 0.40194210410118103,
    "complex_ipde": 0.5394061803817749,
    "chains_ptm": {
        "0": 0.9515894651412964,
        "1": 0.8896995782852173
    },
    "pair_chains_iptm": {
        "0": {
            "0": 0.9515894651412964,
            "1": 0.5529997944831848
        },
        "1": {
            "0": 0.9764571785926819,
            "1": 0.8896995782852173
        }
    }
}