{
    "affinity_pred_value": 0.05745409429073334,
    "affinity_probability_binary": 0.5965576171875,
    "affinity_pred_value1": -0.08375951647758484,
    "affinity_probability_binary1": 0.5385993719100952,
    "affinity_pred_value2": 0.1986677050590515,
    "affinity_probability_binary2": 0.65451580286026
}