{
    "confidence_score": 0.9186158180236816,
    "ptm": 0.9193797707557678,
    "iptm": 0.9537330865859985,
    "ligand_iptm": 0.9537330865859985,
    "protein_iptm": 0.0,
    "complex_plddt": 0.9098365306854248,
    "complex_iplddt": 0.8627023100852966,
    "complex_pde": 0.510535478591919,
    "complex_ipde": 0.7685133814811707,
    "chains_ptm": {
        "0": 0.913017988204956,
        "1": 0.8845986723899841
    },
    "pair_chains_iptm": {
        "0": {
            "0": 0.913017988204956,
            "1": 0.6280325055122375
        },
        "1": {
            "0": 0.9537330865859985,
            "1": 0.8845986723899841
        }
    }
}