{
    "affinity_pred_value": -0.3987140953540802,
    "affinity_probability_binary": 0.8257725238800049,
    "affinity_pred_value1": -0.5960850715637207,
    "affinity_probability_binary1": 0.8686378598213196,
    "affinity_pred_value2": -0.2013431191444397,
    "affinity_probability_binary2": 0.7829071879386902
}