{
    "confidence_score": 0.9239884614944458,
    "ptm": 0.9451535940170288,
    "iptm": 0.9520819783210754,
    "ligand_iptm": 0.9520819783210754,
    "protein_iptm": 0.0,
    "complex_plddt": 0.9169650673866272,
    "complex_iplddt": 0.8678262233734131,
    "complex_pde": 0.46795061230659485,
    "complex_ipde": 0.7080283164978027,
    "chains_ptm": {
        "0": 0.9440315961837769,
        "1": 0.8650084137916565
    },
    "pair_chains_iptm": {
        "0": {
            "0": 0.9440315961837769,
            "1": 0.6187822818756104
        },
        "1": {
            "0": 0.9520819783210754,
            "1": 0.8650084137916565
        }
    }
}