{
    "affinity_pred_value": -0.08304503560066223,
    "affinity_probability_binary": 0.18887731432914734,
    "affinity_pred_value1": 0.746148943901062,
    "affinity_probability_binary1": 0.1409110128879547,
    "affinity_pred_value2": -0.9122390151023865,
    "affinity_probability_binary2": 0.23684363067150116
}