{
    "confidence_score": 0.8007254004478455,
    "ptm": 0.7907053828239441,
    "iptm": 0.930462121963501,
    "ligand_iptm": 0.930462121963501,
    "protein_iptm": 0.0,
    "complex_plddt": 0.768291175365448,
    "complex_iplddt": 0.5995945334434509,
    "complex_pde": 0.6026998162269592,
    "complex_ipde": 1.6787124872207642,
    "chains_ptm": {
        "0": 0.7654480934143066,
        "1": 0.8642072081565857
    },
    "pair_chains_iptm": {
        "0": {
            "0": 0.7654480934143066,
            "1": 0.4468391239643097
        },
        "1": {
            "0": 0.930462121963501,
            "1": 0.8642072081565857
        }
    }
}