{
    "affinity_pred_value": 0.589112401008606,
    "affinity_probability_binary": 0.29006609320640564,
    "affinity_pred_value1": 0.9408078789710999,
    "affinity_probability_binary1": 0.42163974046707153,
    "affinity_pred_value2": 0.23741695284843445,
    "affinity_probability_binary2": 0.15849244594573975
}