{
    "confidence_score": 0.67985600233078,
    "ptm": 0.9110152125358582,
    "iptm": 0.7982768416404724,
    "ligand_iptm": 0.7982768416404724,
    "protein_iptm": 0.0,
    "complex_plddt": 0.6502507925033569,
    "complex_iplddt": 0.3856238126754761,
    "complex_pde": 0.5578993558883667,
    "complex_ipde": 1.7159192562103271,
    "chains_ptm": {
        "0": 0.9393942952156067,
        "1": 0.8960137367248535
    },
    "pair_chains_iptm": {
        "0": {
            "0": 0.9393942952156067,
            "1": 0.5115644335746765
        },
        "1": {
            "0": 0.7982768416404724,
            "1": 0.8960137367248535
        }
    }
}