{
    "affinity_pred_value": 0.015255192294716835,
    "affinity_probability_binary": 0.12941330671310425,
    "affinity_pred_value1": 0.0691056102514267,
    "affinity_probability_binary1": 0.1103847324848175,
    "affinity_pred_value2": -0.03859522566199303,
    "affinity_probability_binary2": 0.14844189584255219
}