{
    "confidence_score": 0.751069188117981,
    "ptm": 0.8880342841148376,
    "iptm": 0.892324686050415,
    "ligand_iptm": 0.892324686050415,
    "protein_iptm": 0.0,
    "complex_plddt": 0.71575528383255,
    "complex_iplddt": 0.5632134079933167,
    "complex_pde": 0.5599406957626343,
    "complex_ipde": 1.5035775899887085,
    "chains_ptm": {
        "0": 0.889037549495697,
        "1": 0.8312363624572754
    },
    "pair_chains_iptm": {
        "0": {
            "0": 0.889037549495697,
            "1": 0.46109625697135925
        },
        "1": {
            "0": 0.892324686050415,
            "1": 0.8312363624572754
        }
    }
}