{
    "affinity_pred_value": -1.3774222135543823,
    "affinity_probability_binary": 0.8349156379699707,
    "affinity_pred_value1": -1.8359453678131104,
    "affinity_probability_binary1": 0.8383276462554932,
    "affinity_pred_value2": -0.9188989996910095,
    "affinity_probability_binary2": 0.8315035700798035
}