{
    "confidence_score": 0.9408818483352661,
    "ptm": 0.9475785493850708,
    "iptm": 0.9752541780471802,
    "ligand_iptm": 0.9752541780471802,
    "protein_iptm": 0.0,
    "complex_plddt": 0.9322887063026428,
    "complex_iplddt": 0.9055497646331787,
    "complex_pde": 0.4330512583255768,
    "complex_ipde": 0.5989397764205933,
    "chains_ptm": {
        "0": 0.9433388113975525,
        "1": 0.885582447052002
    },
    "pair_chains_iptm": {
        "0": {
            "0": 0.9433388113975525,
            "1": 0.568222165107727
        },
        "1": {
            "0": 0.9752541780471802,
            "1": 0.885582447052002
        }
    }
}