{
    "affinity_pred_value": -0.5501046180725098,
    "affinity_probability_binary": 0.4373146891593933,
    "affinity_pred_value1": -0.39252614974975586,
    "affinity_probability_binary1": 0.4398505389690399,
    "affinity_pred_value2": -0.7076830267906189,
    "affinity_probability_binary2": 0.4347788393497467
}