{
    "confidence_score": 0.7401605844497681,
    "ptm": 0.8499146103858948,
    "iptm": 0.8615313768386841,
    "ligand_iptm": 0.8615313768386841,
    "protein_iptm": 0.0,
    "complex_plddt": 0.7098178863525391,
    "complex_iplddt": 0.5658072829246521,
    "complex_pde": 0.7384011149406433,
    "complex_ipde": 2.0600380897521973,
    "chains_ptm": {
        "0": 0.8496929407119751,
        "1": 0.7668573260307312
    },
    "pair_chains_iptm": {
        "0": {
            "0": 0.8496929407119751,
            "1": 0.325205534696579
        },
        "1": {
            "0": 0.8615313768386841,
            "1": 0.7668573260307312
        }
    }
}