{
    "affinity_pred_value": 0.7386767864227295,
    "affinity_probability_binary": 0.44082003831863403,
    "affinity_pred_value1": 0.19724349677562714,
    "affinity_probability_binary1": 0.526786208152771,
    "affinity_pred_value2": 1.2801101207733154,
    "affinity_probability_binary2": 0.35485389828681946
}