{
    "confidence_score": 0.9196649789810181,
    "ptm": 0.9384594559669495,
    "iptm": 0.9827709197998047,
    "ligand_iptm": 0.9827709197998047,
    "protein_iptm": 0.0,
    "complex_plddt": 0.9038885235786438,
    "complex_iplddt": 0.876018226146698,
    "complex_pde": 0.45242395997047424,
    "complex_ipde": 0.4819733798503876,
    "chains_ptm": {
        "0": 0.934405505657196,
        "1": 0.9234488606452942
    },
    "pair_chains_iptm": {
        "0": {
            "0": 0.934405505657196,
            "1": 0.528222918510437
        },
        "1": {
            "0": 0.9827709197998047,
            "1": 0.9234488606452942
        }
    }
}