{
    "affinity_pred_value": 0.21177174150943756,
    "affinity_probability_binary": 0.2740618586540222,
    "affinity_pred_value1": 0.47003883123397827,
    "affinity_probability_binary1": 0.22435124218463898,
    "affinity_pred_value2": -0.046495359390974045,
    "affinity_probability_binary2": 0.32377249002456665
}