{
    "confidence_score": 0.711584746837616,
    "ptm": 0.9238359928131104,
    "iptm": 0.9016179442405701,
    "ligand_iptm": 0.9016179442405701,
    "protein_iptm": 0.0,
    "complex_plddt": 0.6640763878822327,
    "complex_iplddt": 0.48229750990867615,
    "complex_pde": 0.49146556854248047,
    "complex_ipde": 1.2240478992462158,
    "chains_ptm": {
        "0": 0.9292441606521606,
        "1": 0.8377417922019958
    },
    "pair_chains_iptm": {
        "0": {
            "0": 0.9292441606521606,
            "1": 0.5206360220909119
        },
        "1": {
            "0": 0.9016179442405701,
            "1": 0.8377417922019958
        }
    }
}