{
    "affinity_pred_value": 0.12451289594173431,
    "affinity_probability_binary": 0.3234168291091919,
    "affinity_pred_value1": -0.10936015099287033,
    "affinity_probability_binary1": 0.3949809968471527,
    "affinity_pred_value2": 0.35838595032691956,
    "affinity_probability_binary2": 0.2518526315689087
}