{
    "confidence_score": 0.7909599542617798,
    "ptm": 0.7530785799026489,
    "iptm": 0.8703457117080688,
    "ligand_iptm": 0.8703457117080688,
    "protein_iptm": 0.0,
    "complex_plddt": 0.7711135149002075,
    "complex_iplddt": 0.5734561681747437,
    "complex_pde": 0.7915534973144531,
    "complex_ipde": 2.544459104537964,
    "chains_ptm": {
        "0": 0.7347807884216309,
        "1": 0.8540895581245422
    },
    "pair_chains_iptm": {
        "0": {
            "0": 0.7347807884216309,
            "1": 0.3251582980155945
        },
        "1": {
            "0": 0.8703457117080688,
            "1": 0.8540895581245422
        }
    }
}