{
    "affinity_pred_value": -1.2906148433685303,
    "affinity_probability_binary": 0.49168166518211365,
    "affinity_pred_value1": -1.4859343767166138,
    "affinity_probability_binary1": 0.43016207218170166,
    "affinity_pred_value2": -1.0952954292297363,
    "affinity_probability_binary2": 0.5532012581825256
}