{
    "confidence_score": 0.68769770860672,
    "ptm": 0.8509447574615479,
    "iptm": 0.8445462584495544,
    "ligand_iptm": 0.8445462584495544,
    "protein_iptm": 0.0,
    "complex_plddt": 0.648485541343689,
    "complex_iplddt": 0.4677600562572479,
    "complex_pde": 0.6952387094497681,
    "complex_ipde": 1.8559974431991577,
    "chains_ptm": {
        "0": 0.8552895188331604,
        "1": 0.8969470262527466
    },
    "pair_chains_iptm": {
        "0": {
            "0": 0.8552895188331604,
            "1": 0.5249648690223694
        },
        "1": {
            "0": 0.8445462584495544,
            "1": 0.8969470262527466
        }
    }
}