{
    "affinity_pred_value": -1.8518757820129395,
    "affinity_probability_binary": 0.8377242088317871,
    "affinity_pred_value1": -1.9639675617218018,
    "affinity_probability_binary1": 0.836500883102417,
    "affinity_pred_value2": -1.7397840023040771,
    "affinity_probability_binary2": 0.8389474749565125
}