{
    "confidence_score": 0.94160395860672,
    "ptm": 0.9267637133598328,
    "iptm": 0.9787368178367615,
    "ligand_iptm": 0.9787368178367615,
    "protein_iptm": 0.0,
    "complex_plddt": 0.932320773601532,
    "complex_iplddt": 0.9231643676757812,
    "complex_pde": 0.4621767997741699,
    "complex_ipde": 0.4905266761779785,
    "chains_ptm": {
        "0": 0.9201387763023376,
        "1": 0.9276758432388306
    },
    "pair_chains_iptm": {
        "0": {
            "0": 0.9201387763023376,
            "1": 0.6622532606124878
        },
        "1": {
            "0": 0.9787368178367615,
            "1": 0.9276758432388306
        }
    }
}