{
    "affinity_pred_value": 0.40435683727264404,
    "affinity_probability_binary": 0.734636127948761,
    "affinity_pred_value1": -0.30355310440063477,
    "affinity_probability_binary1": 0.8607162833213806,
    "affinity_pred_value2": 1.1122667789459229,
    "affinity_probability_binary2": 0.6085559725761414
}