{
    "confidence_score": 0.9283543825149536,
    "ptm": 0.947666585445404,
    "iptm": 0.9634236693382263,
    "ligand_iptm": 0.9634236693382263,
    "protein_iptm": 0.0,
    "complex_plddt": 0.9195870757102966,
    "complex_iplddt": 0.8523097634315491,
    "complex_pde": 0.43628987669944763,
    "complex_ipde": 0.5945086479187012,
    "chains_ptm": {
        "0": 0.9460572004318237,
        "1": 0.9557230472564697
    },
    "pair_chains_iptm": {
        "0": {
            "0": 0.9460572004318237,
            "1": 0.6331973671913147
        },
        "1": {
            "0": 0.9634236693382263,
            "1": 0.9557230472564697
        }
    }
}