{
    "affinity_pred_value": 0.8001127243041992,
    "affinity_probability_binary": 0.46764832735061646,
    "affinity_pred_value1": 0.4773856997489929,
    "affinity_probability_binary1": 0.6035174131393433,
    "affinity_pred_value2": 1.1228396892547607,
    "affinity_probability_binary2": 0.33177927136421204
}