{
    "confidence_score": 0.9333255887031555,
    "ptm": 0.9363822340965271,
    "iptm": 0.9799774885177612,
    "ligand_iptm": 0.9799774885177612,
    "protein_iptm": 0.0,
    "complex_plddt": 0.9216625690460205,
    "complex_iplddt": 0.8934495449066162,
    "complex_pde": 0.4597169756889343,
    "complex_ipde": 0.5022012591362,
    "chains_ptm": {
        "0": 0.9325039386749268,
        "1": 0.8884089589118958
    },
    "pair_chains_iptm": {
        "0": {
            "0": 0.9325039386749268,
            "1": 0.4766256511211395
        },
        "1": {
            "0": 0.9799774885177612,
            "1": 0.8884089589118958
        }
    }
}