{
    "affinity_pred_value": -0.25913548469543457,
    "affinity_probability_binary": 0.4482276141643524,
    "affinity_pred_value1": -0.2492840588092804,
    "affinity_probability_binary1": 0.5871526598930359,
    "affinity_pred_value2": -0.26898694038391113,
    "affinity_probability_binary2": 0.30930256843566895
}