{
    "confidence_score": 0.731535017490387,
    "ptm": 0.9305077195167542,
    "iptm": 0.9122009873390198,
    "ligand_iptm": 0.9122009873390198,
    "protein_iptm": 0.0,
    "complex_plddt": 0.6863685250282288,
    "complex_iplddt": 0.521318256855011,
    "complex_pde": 0.456116259098053,
    "complex_ipde": 1.0996863842010498,
    "chains_ptm": {
        "0": 0.9355805516242981,
        "1": 0.819050133228302
    },
    "pair_chains_iptm": {
        "0": {
            "0": 0.9355805516242981,
            "1": 0.48549821972846985
        },
        "1": {
            "0": 0.9122009873390198,
            "1": 0.819050133228302
        }
    }
}