{
    "affinity_pred_value": 0.1640322208404541,
    "affinity_probability_binary": 0.2337850034236908,
    "affinity_pred_value1": 0.2981790006160736,
    "affinity_probability_binary1": 0.250603586435318,
    "affinity_pred_value2": 0.029885444790124893,
    "affinity_probability_binary2": 0.2169664055109024
}