{
    "confidence_score": 0.7471231818199158,
    "ptm": 0.9143601059913635,
    "iptm": 0.8783972859382629,
    "ligand_iptm": 0.8783972859382629,
    "protein_iptm": 0.0,
    "complex_plddt": 0.7143046259880066,
    "complex_iplddt": 0.565862774848938,
    "complex_pde": 0.5124619603157043,
    "complex_ipde": 1.6245936155319214,
    "chains_ptm": {
        "0": 0.920913815498352,
        "1": 0.8311312198638916
    },
    "pair_chains_iptm": {
        "0": {
            "0": 0.920913815498352,
            "1": 0.42025163769721985
        },
        "1": {
            "0": 0.8783972859382629,
            "1": 0.8311312198638916
        }
    }
}