{
    "affinity_pred_value": -0.3219882845878601,
    "affinity_probability_binary": 0.4755153954029083,
    "affinity_pred_value1": -0.2544710636138916,
    "affinity_probability_binary1": 0.4202043414115906,
    "affinity_pred_value2": -0.389505535364151,
    "affinity_probability_binary2": 0.5308264493942261
}