{
    "confidence_score": 0.9066872000694275,
    "ptm": 0.9389050602912903,
    "iptm": 0.9161551594734192,
    "ligand_iptm": 0.9161551594734192,
    "protein_iptm": 0.0,
    "complex_plddt": 0.9043201804161072,
    "complex_iplddt": 0.8198204636573792,
    "complex_pde": 0.5312134623527527,
    "complex_ipde": 1.012060523033142,
    "chains_ptm": {
        "0": 0.9426804184913635,
        "1": 0.796248197555542
    },
    "pair_chains_iptm": {
        "0": {
            "0": 0.9426804184913635,
            "1": 0.4592325687408447
        },
        "1": {
            "0": 0.9161551594734192,
            "1": 0.796248197555542
        }
    }
}