{
    "affinity_pred_value": -1.4179396629333496,
    "affinity_probability_binary": 0.9236010313034058,
    "affinity_pred_value1": -1.8948403596878052,
    "affinity_probability_binary1": 0.9370315074920654,
    "affinity_pred_value2": -0.9410388469696045,
    "affinity_probability_binary2": 0.9101704955101013
}