{
    "confidence_score": 0.9477630853652954,
    "ptm": 0.9481237530708313,
    "iptm": 0.980664849281311,
    "ligand_iptm": 0.980664849281311,
    "protein_iptm": 0.0,
    "complex_plddt": 0.9395376443862915,
    "complex_iplddt": 0.9171043634414673,
    "complex_pde": 0.42274585366249084,
    "complex_ipde": 0.5526919960975647,
    "chains_ptm": {
        "0": 0.94327712059021,
        "1": 0.8848407864570618
    },
    "pair_chains_iptm": {
        "0": {
            "0": 0.94327712059021,
            "1": 0.5541338324546814
        },
        "1": {
            "0": 0.980664849281311,
            "1": 0.8848407864570618
        }
    }
}