{
    "affinity_pred_value": 0.40820232033729553,
    "affinity_probability_binary": 0.6623262166976929,
    "affinity_pred_value1": 0.06518294662237167,
    "affinity_probability_binary1": 0.8244402408599854,
    "affinity_pred_value2": 0.7512217164039612,
    "affinity_probability_binary2": 0.5002121925354004
}