{
    "confidence_score": 0.8981879353523254,
    "ptm": 0.8949505686759949,
    "iptm": 0.9673874974250793,
    "ligand_iptm": 0.9673874974250793,
    "protein_iptm": 0.0,
    "complex_plddt": 0.880888044834137,
    "complex_iplddt": 0.8632275462150574,
    "complex_pde": 0.45106732845306396,
    "complex_ipde": 0.5588985681533813,
    "chains_ptm": {
        "0": 0.8869360685348511,
        "1": 0.9440405368804932
    },
    "pair_chains_iptm": {
        "0": {
            "0": 0.8869360685348511,
            "1": 0.5759484767913818
        },
        "1": {
            "0": 0.9673874974250793,
            "1": 0.9440405368804932
        }
    }
}