{
    "affinity_pred_value": -0.07762756943702698,
    "affinity_probability_binary": 0.402754545211792,
    "affinity_pred_value1": -0.5602858066558838,
    "affinity_probability_binary1": 0.42284759879112244,
    "affinity_pred_value2": 0.40503066778182983,
    "affinity_probability_binary2": 0.38266146183013916
}