{
    "confidence_score": 0.8986774682998657,
    "ptm": 0.9110752940177917,
    "iptm": 0.960597574710846,
    "ligand_iptm": 0.960597574710846,
    "protein_iptm": 0.0,
    "complex_plddt": 0.8831974267959595,
    "complex_iplddt": 0.8348464369773865,
    "complex_pde": 0.43669697642326355,
    "complex_ipde": 0.6825932264328003,
    "chains_ptm": {
        "0": 0.901917040348053,
        "1": 0.8626405000686646
    },
    "pair_chains_iptm": {
        "0": {
            "0": 0.901917040348053,
            "1": 0.525112509727478
        },
        "1": {
            "0": 0.960597574710846,
            "1": 0.8626405000686646
        }
    }
}