{
    "affinity_pred_value": -0.3800511956214905,
    "affinity_probability_binary": 0.19026702642440796,
    "affinity_pred_value1": 0.0422244518995285,
    "affinity_probability_binary1": 0.16018766164779663,
    "affinity_pred_value2": -0.8023268580436707,
    "affinity_probability_binary2": 0.22034640610218048
}