{
    "confidence_score": 0.82115238904953,
    "ptm": 0.7661458849906921,
    "iptm": 0.8800247311592102,
    "ligand_iptm": 0.8800247311592102,
    "protein_iptm": 0.0,
    "complex_plddt": 0.8064342737197876,
    "complex_iplddt": 0.7001664638519287,
    "complex_pde": 0.765275239944458,
    "complex_ipde": 2.269573450088501,
    "chains_ptm": {
        "0": 0.7423762083053589,
        "1": 0.7794898748397827
    },
    "pair_chains_iptm": {
        "0": {
            "0": 0.7423762083053589,
            "1": 0.3387218713760376
        },
        "1": {
            "0": 0.8800247311592102,
            "1": 0.7794898748397827
        }
    }
}