{
    "affinity_pred_value": 0.9218714237213135,
    "affinity_probability_binary": 0.6148723363876343,
    "affinity_pred_value1": 0.7907149195671082,
    "affinity_probability_binary1": 0.7021420001983643,
    "affinity_pred_value2": 1.053027868270874,
    "affinity_probability_binary2": 0.5276026129722595
}