{
    "confidence_score": 0.8907465934753418,
    "ptm": 0.8873317837715149,
    "iptm": 0.9422709941864014,
    "ligand_iptm": 0.9422709941864014,
    "protein_iptm": 0.0,
    "complex_plddt": 0.8778654932975769,
    "complex_iplddt": 0.8133699893951416,
    "complex_pde": 0.48116907477378845,
    "complex_ipde": 0.7500004768371582,
    "chains_ptm": {
        "0": 0.8833574056625366,
        "1": 0.9066388010978699
    },
    "pair_chains_iptm": {
        "0": {
            "0": 0.8833574056625366,
            "1": 0.4058742821216583
        },
        "1": {
            "0": 0.9422709941864014,
            "1": 0.9066388010978699
        }
    }
}