{
    "affinity_pred_value": 1.0299124717712402,
    "affinity_probability_binary": 0.4224867522716522,
    "affinity_pred_value1": 1.2044905424118042,
    "affinity_probability_binary1": 0.44676434993743896,
    "affinity_pred_value2": 0.855334460735321,
    "affinity_probability_binary2": 0.3982091546058655
}