{
    "confidence_score": 0.948896586894989,
    "ptm": 0.9557967782020569,
    "iptm": 0.9690560698509216,
    "ligand_iptm": 0.9690560698509216,
    "protein_iptm": 0.0,
    "complex_plddt": 0.9438567161560059,
    "complex_iplddt": 0.9147283434867859,
    "complex_pde": 0.42117220163345337,
    "complex_ipde": 0.6365466117858887,
    "chains_ptm": {
        "0": 0.9538218975067139,
        "1": 0.8394206166267395
    },
    "pair_chains_iptm": {
        "0": {
            "0": 0.9538218975067139,
            "1": 0.5094290375709534
        },
        "1": {
            "0": 0.9690560698509216,
            "1": 0.8394206166267395
        }
    }
}