{
    "affinity_pred_value": -0.1503760665655136,
    "affinity_probability_binary": 0.7399052381515503,
    "affinity_pred_value1": -0.7553594708442688,
    "affinity_probability_binary1": 0.8067643046379089,
    "affinity_pred_value2": 0.4546073377132416,
    "affinity_probability_binary2": 0.6730461120605469
}