{
    "confidence_score": 0.9259791374206543,
    "ptm": 0.9507911205291748,
    "iptm": 0.9611651301383972,
    "ligand_iptm": 0.9611651301383972,
    "protein_iptm": 0.0,
    "complex_plddt": 0.9171826839447021,
    "complex_iplddt": 0.8654066920280457,
    "complex_pde": 0.4503919780254364,
    "complex_ipde": 0.676281213760376,
    "chains_ptm": {
        "0": 0.9487602710723877,
        "1": 0.8881949782371521
    },
    "pair_chains_iptm": {
        "0": {
            "0": 0.9487602710723877,
            "1": 0.6432133913040161
        },
        "1": {
            "0": 0.9611651301383972,
            "1": 0.8881949782371521
        }
    }
}