{
    "affinity_pred_value": -0.3033539950847626,
    "affinity_probability_binary": 0.3780539631843567,
    "affinity_pred_value1": 0.23303288221359253,
    "affinity_probability_binary1": 0.40015676617622375,
    "affinity_pred_value2": -0.8397408723831177,
    "affinity_probability_binary2": 0.355951189994812
}