{
    "confidence_score": 0.7812082171440125,
    "ptm": 0.7640002369880676,
    "iptm": 0.905498206615448,
    "ligand_iptm": 0.905498206615448,
    "protein_iptm": 0.0,
    "complex_plddt": 0.7501357197761536,
    "complex_iplddt": 0.5346025228500366,
    "complex_pde": 0.883044421672821,
    "complex_ipde": 2.6494052410125732,
    "chains_ptm": {
        "0": 0.7344016432762146,
        "1": 0.9089329242706299
    },
    "pair_chains_iptm": {
        "0": {
            "0": 0.7344016432762146,
            "1": 0.46900099515914917
        },
        "1": {
            "0": 0.905498206615448,
            "1": 0.9089329242706299
        }
    }
}