{
    "affinity_pred_value": -1.2177585363388062,
    "affinity_probability_binary": 0.786252498626709,
    "affinity_pred_value1": -1.7140589952468872,
    "affinity_probability_binary1": 0.9481623768806458,
    "affinity_pred_value2": -0.7214581370353699,
    "affinity_probability_binary2": 0.6243425607681274
}