{
    "confidence_score": 0.9332941174507141,
    "ptm": 0.933404803276062,
    "iptm": 0.9655752182006836,
    "ligand_iptm": 0.9655752182006836,
    "protein_iptm": 0.0,
    "complex_plddt": 0.9252237677574158,
    "complex_iplddt": 0.8875056505203247,
    "complex_pde": 0.48314177989959717,
    "complex_ipde": 0.5757160782814026,
    "chains_ptm": {
        "0": 0.9303929805755615,
        "1": 0.9176911115646362
    },
    "pair_chains_iptm": {
        "0": {
            "0": 0.9303929805755615,
            "1": 0.5925050973892212
        },
        "1": {
            "0": 0.9655752182006836,
            "1": 0.9176911115646362
        }
    }
}