{
    "affinity_pred_value": 0.16613924503326416,
    "affinity_probability_binary": 0.5893665552139282,
    "affinity_pred_value1": -0.8548249006271362,
    "affinity_probability_binary1": 0.6081146001815796,
    "affinity_pred_value2": 1.1871033906936646,
    "affinity_probability_binary2": 0.5706184506416321
}