{
    "confidence_score": 0.9324308633804321,
    "ptm": 0.9428378343582153,
    "iptm": 0.9665347933769226,
    "ligand_iptm": 0.9665347933769226,
    "protein_iptm": 0.0,
    "complex_plddt": 0.9239048957824707,
    "complex_iplddt": 0.8887396454811096,
    "complex_pde": 0.4676724970340729,
    "complex_ipde": 0.6530352830886841,
    "chains_ptm": {
        "0": 0.9402713775634766,
        "1": 0.8648332357406616
    },
    "pair_chains_iptm": {
        "0": {
            "0": 0.9402713775634766,
            "1": 0.6331153512001038
        },
        "1": {
            "0": 0.9665347933769226,
            "1": 0.8648332357406616
        }
    }
}