{
    "affinity_pred_value": 0.5877029895782471,
    "affinity_probability_binary": 0.49633264541625977,
    "affinity_pred_value1": 0.6229977607727051,
    "affinity_probability_binary1": 0.4159150719642639,
    "affinity_pred_value2": 0.5524081587791443,
    "affinity_probability_binary2": 0.5767502188682556
}