{
    "confidence_score": 0.94097501039505,
    "ptm": 0.958273708820343,
    "iptm": 0.9536057710647583,
    "ligand_iptm": 0.9536057710647583,
    "protein_iptm": 0.0,
    "complex_plddt": 0.9378172755241394,
    "complex_iplddt": 0.8864032030105591,
    "complex_pde": 0.4180425703525543,
    "complex_ipde": 0.6188268065452576,
    "chains_ptm": {
        "0": 0.959243893623352,
        "1": 0.8699982762336731
    },
    "pair_chains_iptm": {
        "0": {
            "0": 0.959243893623352,
            "1": 0.6305720806121826
        },
        "1": {
            "0": 0.9536057710647583,
            "1": 0.8699982762336731
        }
    }
}