{
    "affinity_pred_value": 0.6234186887741089,
    "affinity_probability_binary": 0.20379023253917694,
    "affinity_pred_value1": 0.7231799364089966,
    "affinity_probability_binary1": 0.07856211811304092,
    "affinity_pred_value2": 0.523657500743866,
    "affinity_probability_binary2": 0.32901835441589355
}