{
    "confidence_score": 0.7389240860939026,
    "ptm": 0.9217173457145691,
    "iptm": 0.8913246989250183,
    "ligand_iptm": 0.8913246989250183,
    "protein_iptm": 0.0,
    "complex_plddt": 0.7008239030838013,
    "complex_iplddt": 0.6376010179519653,
    "complex_pde": 0.48519888520240784,
    "complex_ipde": 1.467650294303894,
    "chains_ptm": {
        "0": 0.9259282350540161,
        "1": 0.8379325866699219
    },
    "pair_chains_iptm": {
        "0": {
            "0": 0.9259282350540161,
            "1": 0.42493563890457153
        },
        "1": {
            "0": 0.8913246989250183,
            "1": 0.8379325866699219
        }
    }
}