{
    "affinity_pred_value": -0.9780904054641724,
    "affinity_probability_binary": 0.7733491063117981,
    "affinity_pred_value1": -1.5776821374893188,
    "affinity_probability_binary1": 0.9078654050827026,
    "affinity_pred_value2": -0.37849870324134827,
    "affinity_probability_binary2": 0.6388328075408936
}