{
    "confidence_score": 0.9119989275932312,
    "ptm": 0.9380309581756592,
    "iptm": 0.973307728767395,
    "ligand_iptm": 0.973307728767395,
    "protein_iptm": 0.0,
    "complex_plddt": 0.8966717720031738,
    "complex_iplddt": 0.8195499777793884,
    "complex_pde": 0.45172634720802307,
    "complex_ipde": 0.5201603174209595,
    "chains_ptm": {
        "0": 0.9348662495613098,
        "1": 0.9180369973182678
    },
    "pair_chains_iptm": {
        "0": {
            "0": 0.9348662495613098,
            "1": 0.6363570690155029
        },
        "1": {
            "0": 0.973307728767395,
            "1": 0.9180369973182678
        }
    }
}