{
    "affinity_pred_value": -0.4417150914669037,
    "affinity_probability_binary": 0.32391613721847534,
    "affinity_pred_value1": -0.08242355287075043,
    "affinity_probability_binary1": 0.3237723410129547,
    "affinity_pred_value2": -0.8010066151618958,
    "affinity_probability_binary2": 0.3240599036216736
}