{
    "confidence_score": 0.8178277015686035,
    "ptm": 0.7865467071533203,
    "iptm": 0.9233811497688293,
    "ligand_iptm": 0.9233811497688293,
    "protein_iptm": 0.0,
    "complex_plddt": 0.7914392948150635,
    "complex_iplddt": 0.6787014007568359,
    "complex_pde": 0.7339974641799927,
    "complex_ipde": 2.133737325668335,
    "chains_ptm": {
        "0": 0.7579078674316406,
        "1": 0.8166024684906006
    },
    "pair_chains_iptm": {
        "0": {
            "0": 0.7579078674316406,
            "1": 0.40736818313598633
        },
        "1": {
            "0": 0.9233811497688293,
            "1": 0.8166024684906006
        }
    }
}