{
    "affinity_pred_value": 0.2966795563697815,
    "affinity_probability_binary": 0.18294933438301086,
    "affinity_pred_value1": 0.028220806270837784,
    "affinity_probability_binary1": 0.2590644061565399,
    "affinity_pred_value2": 0.5651382803916931,
    "affinity_probability_binary2": 0.10683424770832062
}