{
    "confidence_score": 0.7495565414428711,
    "ptm": 0.8468228578567505,
    "iptm": 0.8571306467056274,
    "ligand_iptm": 0.8571306467056274,
    "protein_iptm": 0.0,
    "complex_plddt": 0.7226630449295044,
    "complex_iplddt": 0.5713744759559631,
    "complex_pde": 0.761936604976654,
    "complex_ipde": 2.2269198894500732,
    "chains_ptm": {
        "0": 0.8471652269363403,
        "1": 0.8995282649993896
    },
    "pair_chains_iptm": {
        "0": {
            "0": 0.8471652269363403,
            "1": 0.4479927122592926
        },
        "1": {
            "0": 0.8571306467056274,
            "1": 0.8995282649993896
        }
    }
}