{
    "affinity_pred_value": 0.3676922619342804,
    "affinity_probability_binary": 0.28924697637557983,
    "affinity_pred_value1": 0.5799622535705566,
    "affinity_probability_binary1": 0.19578854739665985,
    "affinity_pred_value2": 0.15542228519916534,
    "affinity_probability_binary2": 0.3827053904533386
}