{
    "confidence_score": 0.7105132937431335,
    "ptm": 0.7965113520622253,
    "iptm": 0.6930132508277893,
    "ligand_iptm": 0.6930132508277893,
    "protein_iptm": 0.0,
    "complex_plddt": 0.7148882746696472,
    "complex_iplddt": 0.5389961004257202,
    "complex_pde": 1.0146527290344238,
    "complex_ipde": 3.7039639949798584,
    "chains_ptm": {
        "0": 0.8203582763671875,
        "1": 0.7323522567749023
    },
    "pair_chains_iptm": {
        "0": {
            "0": 0.8203582763671875,
            "1": 0.2746639549732208
        },
        "1": {
            "0": 0.6930132508277893,
            "1": 0.7323522567749023
        }
    }
}