{
    "affinity_pred_value": -0.13807108998298645,
    "affinity_probability_binary": 0.3274610936641693,
    "affinity_pred_value1": -1.0764915943145752,
    "affinity_probability_binary1": 0.3128160536289215,
    "affinity_pred_value2": 0.8003494143486023,
    "affinity_probability_binary2": 0.3421061336994171
}