{
    "confidence_score": 0.9283240437507629,
    "ptm": 0.9534085392951965,
    "iptm": 0.9611896872520447,
    "ligand_iptm": 0.9611896872520447,
    "protein_iptm": 0.0,
    "complex_plddt": 0.9201076030731201,
    "complex_iplddt": 0.8602064847946167,
    "complex_pde": 0.43719860911369324,
    "complex_ipde": 0.7301468253135681,
    "chains_ptm": {
        "0": 0.952239453792572,
        "1": 0.8589486479759216
    },
    "pair_chains_iptm": {
        "0": {
            "0": 0.952239453792572,
            "1": 0.5749080181121826
        },
        "1": {
            "0": 0.9611896872520447,
            "1": 0.8589486479759216
        }
    }
}