{
    "affinity_pred_value": 1.4359304904937744,
    "affinity_probability_binary": 0.16888871788978577,
    "affinity_pred_value1": 1.4822660684585571,
    "affinity_probability_binary1": 0.18416836857795715,
    "affinity_pred_value2": 1.3895950317382812,
    "affinity_probability_binary2": 0.15360908210277557
}