{
    "confidence_score": 0.7447301745414734,
    "ptm": 0.8942850828170776,
    "iptm": 0.9159544706344604,
    "ligand_iptm": 0.9159544706344604,
    "protein_iptm": 0.0,
    "complex_plddt": 0.7019241452217102,
    "complex_iplddt": 0.504439115524292,
    "complex_pde": 0.5093104243278503,
    "complex_ipde": 1.2570523023605347,
    "chains_ptm": {
        "0": 0.8922131061553955,
        "1": 0.843816339969635
    },
    "pair_chains_iptm": {
        "0": {
            "0": 0.8922131061553955,
            "1": 0.46045413613319397
        },
        "1": {
            "0": 0.9159544706344604,
            "1": 0.843816339969635
        }
    }
}