{
    "affinity_pred_value": 0.0157267265021801,
    "affinity_probability_binary": 0.6611573100090027,
    "affinity_pred_value1": -0.046333588659763336,
    "affinity_probability_binary1": 0.7044849395751953,
    "affinity_pred_value2": 0.07778704166412354,
    "affinity_probability_binary2": 0.6178296804428101
}