{
    "confidence_score": 0.9433774948120117,
    "ptm": 0.9471268653869629,
    "iptm": 0.9676790833473206,
    "ligand_iptm": 0.9676790833473206,
    "protein_iptm": 0.0,
    "complex_plddt": 0.9373020529747009,
    "complex_iplddt": 0.8945485353469849,
    "complex_pde": 0.4454825222492218,
    "complex_ipde": 0.6476638317108154,
    "chains_ptm": {
        "0": 0.9437121748924255,
        "1": 0.8260934948921204
    },
    "pair_chains_iptm": {
        "0": {
            "0": 0.9437121748924255,
            "1": 0.5470231771469116
        },
        "1": {
            "0": 0.9676790833473206,
            "1": 0.8260934948921204
        }
    }
}