{
    "affinity_pred_value": 0.5634915828704834,
    "affinity_probability_binary": 0.3920014500617981,
    "affinity_pred_value1": 0.48779284954071045,
    "affinity_probability_binary1": 0.3062793016433716,
    "affinity_pred_value2": 0.6391902565956116,
    "affinity_probability_binary2": 0.477723628282547
}