{
    "confidence_score": 0.9424681067466736,
    "ptm": 0.9513034224510193,
    "iptm": 0.9726182222366333,
    "ligand_iptm": 0.9726182222366333,
    "protein_iptm": 0.0,
    "complex_plddt": 0.9349305629730225,
    "complex_iplddt": 0.9018896222114563,
    "complex_pde": 0.43791478872299194,
    "complex_ipde": 0.6508104205131531,
    "chains_ptm": {
        "0": 0.9483101963996887,
        "1": 0.8829425573348999
    },
    "pair_chains_iptm": {
        "0": {
            "0": 0.9483101963996887,
            "1": 0.5855857729911804
        },
        "1": {
            "0": 0.9726182222366333,
            "1": 0.8829425573348999
        }
    }
}