{
    "affinity_pred_value": 0.5296958088874817,
    "affinity_probability_binary": 0.11359348893165588,
    "affinity_pred_value1": 0.807260274887085,
    "affinity_probability_binary1": 0.12371818721294403,
    "affinity_pred_value2": 0.2521313428878784,
    "affinity_probability_binary2": 0.10346879810094833
}