{
    "confidence_score": 0.7254445552825928,
    "ptm": 0.8538973331451416,
    "iptm": 0.8472914099693298,
    "ligand_iptm": 0.8472914099693298,
    "protein_iptm": 0.0,
    "complex_plddt": 0.6949828267097473,
    "complex_iplddt": 0.5321000218391418,
    "complex_pde": 0.6695249080657959,
    "complex_ipde": 1.944748878479004,
    "chains_ptm": {
        "0": 0.8573569059371948,
        "1": 0.8108725547790527
    },
    "pair_chains_iptm": {
        "0": {
            "0": 0.8573569059371948,
            "1": 0.3887416124343872
        },
        "1": {
            "0": 0.8472914099693298,
            "1": 0.8108725547790527
        }
    }
}