{
    "affinity_pred_value": -0.04172495752573013,
    "affinity_probability_binary": 0.5576601624488831,
    "affinity_pred_value1": 0.11076715588569641,
    "affinity_probability_binary1": 0.6250185966491699,
    "affinity_pred_value2": -0.19421707093715668,
    "affinity_probability_binary2": 0.4903017580509186
}