{
    "confidence_score": 0.7498475909233093,
    "ptm": 0.8807138800621033,
    "iptm": 0.8903447389602661,
    "ligand_iptm": 0.8903447389602661,
    "protein_iptm": 0.0,
    "complex_plddt": 0.7147232890129089,
    "complex_iplddt": 0.6895010471343994,
    "complex_pde": 0.6838958859443665,
    "complex_ipde": 1.8823790550231934,
    "chains_ptm": {
        "0": 0.88099205493927,
        "1": 0.9024120569229126
    },
    "pair_chains_iptm": {
        "0": {
            "0": 0.88099205493927,
            "1": 0.4646802246570587
        },
        "1": {
            "0": 0.8903447389602661,
            "1": 0.9024120569229126
        }
    }
}