{
    "affinity_pred_value": 0.025190003216266632,
    "affinity_probability_binary": 0.7699036598205566,
    "affinity_pred_value1": -0.156762957572937,
    "affinity_probability_binary1": 0.8216118812561035,
    "affinity_pred_value2": 0.20714296400547028,
    "affinity_probability_binary2": 0.7181954383850098
}