{
    "confidence_score": 0.9422335624694824,
    "ptm": 0.9523127675056458,
    "iptm": 0.9805002212524414,
    "ligand_iptm": 0.9805002212524414,
    "protein_iptm": 0.0,
    "complex_plddt": 0.9326668977737427,
    "complex_iplddt": 0.9086255431175232,
    "complex_pde": 0.4105721712112427,
    "complex_ipde": 0.5576347708702087,
    "chains_ptm": {
        "0": 0.9483544826507568,
        "1": 0.8067309856414795
    },
    "pair_chains_iptm": {
        "0": {
            "0": 0.9483544826507568,
            "1": 0.5617210268974304
        },
        "1": {
            "0": 0.9805002212524414,
            "1": 0.8067309856414795
        }
    }
}