{
    "affinity_pred_value": -0.6535820364952087,
    "affinity_probability_binary": 0.4256308078765869,
    "affinity_pred_value1": -0.4872984290122986,
    "affinity_probability_binary1": 0.6179538369178772,
    "affinity_pred_value2": -0.8198656439781189,
    "affinity_probability_binary2": 0.23330779373645782
}