{
    "confidence_score": 0.753642737865448,
    "ptm": 0.764034628868103,
    "iptm": 0.8085916042327881,
    "ligand_iptm": 0.8085916042327881,
    "protein_iptm": 0.0,
    "complex_plddt": 0.7399054765701294,
    "complex_iplddt": 0.519538402557373,
    "complex_pde": 0.767857015132904,
    "complex_ipde": 2.214674234390259,
    "chains_ptm": {
        "0": 0.755072832107544,
        "1": 0.7443196773529053
    },
    "pair_chains_iptm": {
        "0": {
            "0": 0.755072832107544,
            "1": 0.36129030585289
        },
        "1": {
            "0": 0.8085916042327881,
            "1": 0.7443196773529053
        }
    }
}