{
    "affinity_pred_value": 0.6402702927589417,
    "affinity_probability_binary": 0.3458324670791626,
    "affinity_pred_value1": 0.7929768562316895,
    "affinity_probability_binary1": 0.4455730617046356,
    "affinity_pred_value2": 0.48756369948387146,
    "affinity_probability_binary2": 0.24609185755252838
}