{
    "confidence_score": 0.7459722757339478,
    "ptm": 0.8276095390319824,
    "iptm": 0.8420308828353882,
    "ligand_iptm": 0.8420308828353882,
    "protein_iptm": 0.0,
    "complex_plddt": 0.7219575643539429,
    "complex_iplddt": 0.5495021939277649,
    "complex_pde": 0.7885189056396484,
    "complex_ipde": 2.5642035007476807,
    "chains_ptm": {
        "0": 0.8256112933158875,
        "1": 0.9171569347381592
    },
    "pair_chains_iptm": {
        "0": {
            "0": 0.8256112933158875,
            "1": 0.40490999817848206
        },
        "1": {
            "0": 0.8420308828353882,
            "1": 0.9171569347381592
        }
    }
}