{
    "affinity_pred_value": -1.4162700176239014,
    "affinity_probability_binary": 0.7049028277397156,
    "affinity_pred_value1": -1.5119482278823853,
    "affinity_probability_binary1": 0.7826717495918274,
    "affinity_pred_value2": -1.3205918073654175,
    "affinity_probability_binary2": 0.6271339058876038
}