{
    "confidence_score": 0.8945212364196777,
    "ptm": 0.9225420355796814,
    "iptm": 0.9328435659408569,
    "ligand_iptm": 0.9328435659408569,
    "protein_iptm": 0.0,
    "complex_plddt": 0.8849406838417053,
    "complex_iplddt": 0.7804549932479858,
    "complex_pde": 0.5190950632095337,
    "complex_ipde": 0.9184108376502991,
    "chains_ptm": {
        "0": 0.920315146446228,
        "1": 0.789497971534729
    },
    "pair_chains_iptm": {
        "0": {
            "0": 0.920315146446228,
            "1": 0.667802095413208
        },
        "1": {
            "0": 0.9328435659408569,
            "1": 0.789497971534729
        }
    }
}