{
    "affinity_pred_value": -0.36016109585762024,
    "affinity_probability_binary": 0.20671477913856506,
    "affinity_pred_value1": 0.3933209776878357,
    "affinity_probability_binary1": 0.11123587936162949,
    "affinity_pred_value2": -1.1136431694030762,
    "affinity_probability_binary2": 0.30219367146492004
}