{
    "confidence_score": 0.7472054362297058,
    "ptm": 0.9122697710990906,
    "iptm": 0.8924174904823303,
    "ligand_iptm": 0.8924174904823303,
    "protein_iptm": 0.0,
    "complex_plddt": 0.7109024524688721,
    "complex_iplddt": 0.6024099588394165,
    "complex_pde": 0.5163267850875854,
    "complex_ipde": 1.389235019683838,
    "chains_ptm": {
        "0": 0.9183698296546936,
        "1": 0.8583519458770752
    },
    "pair_chains_iptm": {
        "0": {
            "0": 0.9183698296546936,
            "1": 0.48464566469192505
        },
        "1": {
            "0": 0.8924174904823303,
            "1": 0.8583519458770752
        }
    }
}