{
    "affinity_pred_value": -1.6703684329986572,
    "affinity_probability_binary": 0.9551520347595215,
    "affinity_pred_value1": -1.8925162553787231,
    "affinity_probability_binary1": 0.936529278755188,
    "affinity_pred_value2": -1.4482204914093018,
    "affinity_probability_binary2": 0.973774790763855
}