{
    "confidence_score": 0.9602808356285095,
    "ptm": 0.9551748037338257,
    "iptm": 0.9807111024856567,
    "ligand_iptm": 0.9807111024856567,
    "protein_iptm": 0.0,
    "complex_plddt": 0.9551731944084167,
    "complex_iplddt": 0.9372819066047668,
    "complex_pde": 0.401658296585083,
    "complex_ipde": 0.5345078706741333,
    "chains_ptm": {
        "0": 0.9516369104385376,
        "1": 0.8820021152496338
    },
    "pair_chains_iptm": {
        "0": {
            "0": 0.9516369104385376,
            "1": 0.616483211517334
        },
        "1": {
            "0": 0.9807111024856567,
            "1": 0.8820021152496338
        }
    }
}