{
    "affinity_pred_value": -0.9979017972946167,
    "affinity_probability_binary": 0.939834475517273,
    "affinity_pred_value1": -1.0980830192565918,
    "affinity_probability_binary1": 0.9871028065681458,
    "affinity_pred_value2": -0.8977205753326416,
    "affinity_probability_binary2": 0.8925661444664001
}