{
    "confidence_score": 0.9518315196037292,
    "ptm": 0.9433592557907104,
    "iptm": 0.978328287601471,
    "ligand_iptm": 0.978328287601471,
    "protein_iptm": 0.0,
    "complex_plddt": 0.9452073574066162,
    "complex_iplddt": 0.9194077253341675,
    "complex_pde": 0.4385402798652649,
    "complex_ipde": 0.589620053768158,
    "chains_ptm": {
        "0": 0.9385973811149597,
        "1": 0.9242948293685913
    },
    "pair_chains_iptm": {
        "0": {
            "0": 0.9385973811149597,
            "1": 0.6128314733505249
        },
        "1": {
            "0": 0.978328287601471,
            "1": 0.9242948293685913
        }
    }
}