{
    "affinity_pred_value": -1.2589613199234009,
    "affinity_probability_binary": 0.9435873031616211,
    "affinity_pred_value1": -1.891513466835022,
    "affinity_probability_binary1": 0.9825286865234375,
    "affinity_pred_value2": -0.6264092326164246,
    "affinity_probability_binary2": 0.9046459197998047
}