{
    "confidence_score": 0.942055344581604,
    "ptm": 0.9413542747497559,
    "iptm": 0.9762675166130066,
    "ligand_iptm": 0.9762675166130066,
    "protein_iptm": 0.0,
    "complex_plddt": 0.9335022568702698,
    "complex_iplddt": 0.9039661288261414,
    "complex_pde": 0.4656743109226227,
    "complex_ipde": 0.6631689667701721,
    "chains_ptm": {
        "0": 0.936783492565155,
        "1": 0.8525187373161316
    },
    "pair_chains_iptm": {
        "0": {
            "0": 0.936783492565155,
            "1": 0.5203778147697449
        },
        "1": {
            "0": 0.9762675166130066,
            "1": 0.8525187373161316
        }
    }
}