{
    "affinity_pred_value": -0.005878880620002747,
    "affinity_probability_binary": 0.3192775249481201,
    "affinity_pred_value1": 0.2999323606491089,
    "affinity_probability_binary1": 0.38885098695755005,
    "affinity_pred_value2": -0.3116901218891144,
    "affinity_probability_binary2": 0.24970406293869019
}