{
    "confidence_score": 0.6927784085273743,
    "ptm": 0.9191291332244873,
    "iptm": 0.902518630027771,
    "ligand_iptm": 0.902518630027771,
    "protein_iptm": 0.0,
    "complex_plddt": 0.6403433084487915,
    "complex_iplddt": 0.40660083293914795,
    "complex_pde": 0.4245774745941162,
    "complex_ipde": 0.9239441752433777,
    "chains_ptm": {
        "0": 0.9267536997795105,
        "1": 0.9424653649330139
    },
    "pair_chains_iptm": {
        "0": {
            "0": 0.9267536997795105,
            "1": 0.61308354139328
        },
        "1": {
            "0": 0.902518630027771,
            "1": 0.9424653649330139
        }
    }
}