{
    "affinity_pred_value": -0.2547529339790344,
    "affinity_probability_binary": 0.2057226449251175,
    "affinity_pred_value1": 0.23681995272636414,
    "affinity_probability_binary1": 0.14646580815315247,
    "affinity_pred_value2": -0.7463257908821106,
    "affinity_probability_binary2": 0.2649794816970825
}