{
    "confidence_score": 0.7490131258964539,
    "ptm": 0.9397297501564026,
    "iptm": 0.9203776717185974,
    "ligand_iptm": 0.9203776717185974,
    "protein_iptm": 0.0,
    "complex_plddt": 0.706171989440918,
    "complex_iplddt": 0.5474254488945007,
    "complex_pde": 0.41666343808174133,
    "complex_ipde": 0.9778773784637451,
    "chains_ptm": {
        "0": 0.9434971809387207,
        "1": 0.8877249956130981
    },
    "pair_chains_iptm": {
        "0": {
            "0": 0.9434971809387207,
            "1": 0.6042826175689697
        },
        "1": {
            "0": 0.9203776717185974,
            "1": 0.8877249956130981
        }
    }
}