{
    "affinity_pred_value": 0.9388061165809631,
    "affinity_probability_binary": 0.07442142814397812,
    "affinity_pred_value1": 1.159568190574646,
    "affinity_probability_binary1": 0.0934130996465683,
    "affinity_pred_value2": 0.7180440425872803,
    "affinity_probability_binary2": 0.05542975664138794
}