{
    "confidence_score": 0.7644706964492798,
    "ptm": 0.9244052171707153,
    "iptm": 0.9138486385345459,
    "ligand_iptm": 0.9138486385345459,
    "protein_iptm": 0.0,
    "complex_plddt": 0.7271261811256409,
    "complex_iplddt": 0.5974738597869873,
    "complex_pde": 0.4950081706047058,
    "complex_ipde": 1.2015807628631592,
    "chains_ptm": {
        "0": 0.9261221885681152,
        "1": 0.9267449975013733
    },
    "pair_chains_iptm": {
        "0": {
            "0": 0.9261221885681152,
            "1": 0.58841872215271
        },
        "1": {
            "0": 0.9138486385345459,
            "1": 0.9267449975013733
        }
    }
}