{
    "affinity_pred_value": -0.12034588307142258,
    "affinity_probability_binary": 0.6891556978225708,
    "affinity_pred_value1": -0.17202498018741608,
    "affinity_probability_binary1": 0.7614845037460327,
    "affinity_pred_value2": -0.06866678595542908,
    "affinity_probability_binary2": 0.6168268322944641
}