{
    "confidence_score": 0.9509483575820923,
    "ptm": 0.9512971639633179,
    "iptm": 0.9738925695419312,
    "ligand_iptm": 0.9738925695419312,
    "protein_iptm": 0.0,
    "complex_plddt": 0.9452123045921326,
    "complex_iplddt": 0.9097368717193604,
    "complex_pde": 0.42253607511520386,
    "complex_ipde": 0.5960710644721985,
    "chains_ptm": {
        "0": 0.9475523233413696,
        "1": 0.8639447689056396
    },
    "pair_chains_iptm": {
        "0": {
            "0": 0.9475523233413696,
            "1": 0.6164078712463379
        },
        "1": {
            "0": 0.9738925695419312,
            "1": 0.8639447689056396
        }
    }
}