{
    "affinity_pred_value": -1.5360383987426758,
    "affinity_probability_binary": 0.5750976800918579,
    "affinity_pred_value1": -1.6879688501358032,
    "affinity_probability_binary1": 0.5409457683563232,
    "affinity_pred_value2": -1.3841078281402588,
    "affinity_probability_binary2": 0.6092495918273926
}