{
    "confidence_score": 0.7190062403678894,
    "ptm": 0.8698036074638367,
    "iptm": 0.8769028782844543,
    "ligand_iptm": 0.8769028782844543,
    "protein_iptm": 0.0,
    "complex_plddt": 0.6795321106910706,
    "complex_iplddt": 0.4922592341899872,
    "complex_pde": 0.6077738404273987,
    "complex_ipde": 1.68783700466156,
    "chains_ptm": {
        "0": 0.8690594434738159,
        "1": 0.8879349827766418
    },
    "pair_chains_iptm": {
        "0": {
            "0": 0.8690594434738159,
            "1": 0.5305004715919495
        },
        "1": {
            "0": 0.8769028782844543,
            "1": 0.8879349827766418
        }
    }
}