{
    "affinity_pred_value": -1.5963553190231323,
    "affinity_probability_binary": 0.9590728282928467,
    "affinity_pred_value1": -2.560999870300293,
    "affinity_probability_binary1": 0.9892275333404541,
    "affinity_pred_value2": -0.6317107081413269,
    "affinity_probability_binary2": 0.9289181232452393
}