{
    "confidence_score": 0.9541880488395691,
    "ptm": 0.9468297362327576,
    "iptm": 0.980297863483429,
    "ligand_iptm": 0.980297863483429,
    "protein_iptm": 0.0,
    "complex_plddt": 0.9476606249809265,
    "complex_iplddt": 0.9254049062728882,
    "complex_pde": 0.42521601915359497,
    "complex_ipde": 0.5633230805397034,
    "chains_ptm": {
        "0": 0.9421875476837158,
        "1": 0.8959609270095825
    },
    "pair_chains_iptm": {
        "0": {
            "0": 0.9421875476837158,
            "1": 0.5866592526435852
        },
        "1": {
            "0": 0.980297863483429,
            "1": 0.8959609270095825
        }
    }
}