{
    "affinity_pred_value": -0.07100406289100647,
    "affinity_probability_binary": 0.4935000538825989,
    "affinity_pred_value1": 0.3142474293708801,
    "affinity_probability_binary1": 0.4045383036136627,
    "affinity_pred_value2": -0.45625555515289307,
    "affinity_probability_binary2": 0.5824618339538574
}