{
    "confidence_score": 0.9125003814697266,
    "ptm": 0.9149774312973022,
    "iptm": 0.9776839017868042,
    "ligand_iptm": 0.9776839017868042,
    "protein_iptm": 0.0,
    "complex_plddt": 0.8962044715881348,
    "complex_iplddt": 0.8657503724098206,
    "complex_pde": 0.4085068106651306,
    "complex_ipde": 0.5880083441734314,
    "chains_ptm": {
        "0": 0.9057420492172241,
        "1": 0.858422040939331
    },
    "pair_chains_iptm": {
        "0": {
            "0": 0.9057420492172241,
            "1": 0.5296781659126282
        },
        "1": {
            "0": 0.9776839017868042,
            "1": 0.858422040939331
        }
    }
}