{
    "affinity_pred_value": -2.2242069244384766,
    "affinity_probability_binary": 0.9403015375137329,
    "affinity_pred_value1": -2.394568920135498,
    "affinity_probability_binary1": 0.9711875319480896,
    "affinity_pred_value2": -2.053845167160034,
    "affinity_probability_binary2": 0.909415602684021
}