{
    "confidence_score": 0.9424014091491699,
    "ptm": 0.925142765045166,
    "iptm": 0.9890750646591187,
    "ligand_iptm": 0.9890750646591187,
    "protein_iptm": 0.0,
    "complex_plddt": 0.9307329654693604,
    "complex_iplddt": 0.9246934652328491,
    "complex_pde": 0.47738075256347656,
    "complex_ipde": 0.4030633866786957,
    "chains_ptm": {
        "0": 0.9192448258399963,
        "1": 0.9063620567321777
    },
    "pair_chains_iptm": {
        "0": {
            "0": 0.9192448258399963,
            "1": 0.6209851503372192
        },
        "1": {
            "0": 0.9890750646591187,
            "1": 0.9063620567321777
        }
    }
}