{
    "affinity_pred_value": -0.6414964199066162,
    "affinity_probability_binary": 0.34783971309661865,
    "affinity_pred_value1": -0.4837043285369873,
    "affinity_probability_binary1": 0.2967130243778229,
    "affinity_pred_value2": -0.7992885708808899,
    "affinity_probability_binary2": 0.39896637201309204
}