{
    "confidence_score": 0.8098003268241882,
    "ptm": 0.7597596645355225,
    "iptm": 0.9224681258201599,
    "ligand_iptm": 0.9224681258201599,
    "protein_iptm": 0.0,
    "complex_plddt": 0.7816333770751953,
    "complex_iplddt": 0.6927122473716736,
    "complex_pde": 0.8128946423530579,
    "complex_ipde": 2.2869601249694824,
    "chains_ptm": {
        "0": 0.7245333194732666,
        "1": 0.8238624334335327
    },
    "pair_chains_iptm": {
        "0": {
            "0": 0.7245333194732666,
            "1": 0.3542986512184143
        },
        "1": {
            "0": 0.9224681258201599,
            "1": 0.8238624334335327
        }
    }
}