{
    "affinity_pred_value": -0.6405723094940186,
    "affinity_probability_binary": 0.5098845958709717,
    "affinity_pred_value1": -0.3965443968772888,
    "affinity_probability_binary1": 0.45981842279434204,
    "affinity_pred_value2": -0.8846002817153931,
    "affinity_probability_binary2": 0.5599507093429565
}