{
    "confidence_score": 0.8024081587791443,
    "ptm": 0.9302145838737488,
    "iptm": 0.9039779901504517,
    "ligand_iptm": 0.9039779901504517,
    "protein_iptm": 0.0,
    "complex_plddt": 0.7770156860351562,
    "complex_iplddt": 0.5224549770355225,
    "complex_pde": 0.5517772436141968,
    "complex_ipde": 1.150922179222107,
    "chains_ptm": {
        "0": 0.9477951526641846,
        "1": 0.8762048482894897
    },
    "pair_chains_iptm": {
        "0": {
            "0": 0.9477951526641846,
            "1": 0.6052836179733276
        },
        "1": {
            "0": 0.9039779901504517,
            "1": 0.8762048482894897
        }
    }
}