{
    "affinity_pred_value": 0.5531312227249146,
    "affinity_probability_binary": 0.4600462317466736,
    "affinity_pred_value1": 0.643023669719696,
    "affinity_probability_binary1": 0.3169814646244049,
    "affinity_pred_value2": 0.4632387161254883,
    "affinity_probability_binary2": 0.6031109690666199
}