{
    "confidence_score": 0.9293739199638367,
    "ptm": 0.9548096060752869,
    "iptm": 0.9563805460929871,
    "ligand_iptm": 0.9563805460929871,
    "protein_iptm": 0.0,
    "complex_plddt": 0.9226223230361938,
    "complex_iplddt": 0.8770885467529297,
    "complex_pde": 0.4305770993232727,
    "complex_ipde": 0.655357301235199,
    "chains_ptm": {
        "0": 0.9545242190361023,
        "1": 0.8755311369895935
    },
    "pair_chains_iptm": {
        "0": {
            "0": 0.9545242190361023,
            "1": 0.6299656629562378
        },
        "1": {
            "0": 0.9563805460929871,
            "1": 0.8755311369895935
        }
    }
}