{
    "affinity_pred_value": 0.2050287127494812,
    "affinity_probability_binary": 0.29687950015068054,
    "affinity_pred_value1": 0.45526090264320374,
    "affinity_probability_binary1": 0.40226179361343384,
    "affinity_pred_value2": -0.045203473418951035,
    "affinity_probability_binary2": 0.19149720668792725
}