{
    "confidence_score": 0.6908583045005798,
    "ptm": 0.8824172019958496,
    "iptm": 0.803186297416687,
    "ligand_iptm": 0.803186297416687,
    "protein_iptm": 0.0,
    "complex_plddt": 0.6627762317657471,
    "complex_iplddt": 0.4733482897281647,
    "complex_pde": 0.6829007267951965,
    "complex_ipde": 2.2664623260498047,
    "chains_ptm": {
        "0": 0.899946391582489,
        "1": 0.7899896502494812
    },
    "pair_chains_iptm": {
        "0": {
            "0": 0.899946391582489,
            "1": 0.30864667892456055
        },
        "1": {
            "0": 0.803186297416687,
            "1": 0.7899896502494812
        }
    }
}