{
    "affinity_pred_value": 0.3668663501739502,
    "affinity_probability_binary": 0.3081519901752472,
    "affinity_pred_value1": 0.48889780044555664,
    "affinity_probability_binary1": 0.2833419144153595,
    "affinity_pred_value2": 0.24483487010002136,
    "affinity_probability_binary2": 0.3329620659351349
}