{
    "confidence_score": 0.7330657839775085,
    "ptm": 0.8985561728477478,
    "iptm": 0.7995741367340088,
    "ligand_iptm": 0.7995741367340088,
    "protein_iptm": 0.0,
    "complex_plddt": 0.7164387106895447,
    "complex_iplddt": 0.5860327482223511,
    "complex_pde": 0.6803616881370544,
    "complex_ipde": 2.6573946475982666,
    "chains_ptm": {
        "0": 0.91395503282547,
        "1": 0.8010189533233643
    },
    "pair_chains_iptm": {
        "0": {
            "0": 0.91395503282547,
            "1": 0.322764128446579
        },
        "1": {
            "0": 0.7995741367340088,
            "1": 0.8010189533233643
        }
    }
}