{
    "affinity_pred_value": -1.139068365097046,
    "affinity_probability_binary": 0.7954390048980713,
    "affinity_pred_value1": -1.5795605182647705,
    "affinity_probability_binary1": 0.7926840782165527,
    "affinity_pred_value2": -0.6985762119293213,
    "affinity_probability_binary2": 0.7981938719749451
}