{
    "confidence_score": 0.9433367848396301,
    "ptm": 0.951236367225647,
    "iptm": 0.9630886912345886,
    "ligand_iptm": 0.9630886912345886,
    "protein_iptm": 0.0,
    "complex_plddt": 0.9383987784385681,
    "complex_iplddt": 0.9002328515052795,
    "complex_pde": 0.4299984276294708,
    "complex_ipde": 0.6726871728897095,
    "chains_ptm": {
        "0": 0.9496222734451294,
        "1": 0.8437044024467468
    },
    "pair_chains_iptm": {
        "0": {
            "0": 0.9496222734451294,
            "1": 0.5297319293022156
        },
        "1": {
            "0": 0.9630886912345886,
            "1": 0.8437044024467468
        }
    }
}