{
    "affinity_pred_value": -1.6554758548736572,
    "affinity_probability_binary": 0.9683969020843506,
    "affinity_pred_value1": -2.3085365295410156,
    "affinity_probability_binary1": 0.9841145277023315,
    "affinity_pred_value2": -1.0024152994155884,
    "affinity_probability_binary2": 0.9526792168617249
}