{
    "confidence_score": 0.9545941352844238,
    "ptm": 0.9687427878379822,
    "iptm": 0.9882702231407166,
    "ligand_iptm": 0.9882702231407166,
    "protein_iptm": 0.0,
    "complex_plddt": 0.9461751580238342,
    "complex_iplddt": 0.9304808378219604,
    "complex_pde": 0.3448469340801239,
    "complex_ipde": 0.4231463670730591,
    "chains_ptm": {
        "0": 0.965877890586853,
        "1": 0.9135843515396118
    },
    "pair_chains_iptm": {
        "0": {
            "0": 0.965877890586853,
            "1": 0.6480787396430969
        },
        "1": {
            "0": 0.9882702231407166,
            "1": 0.9135843515396118
        }
    }
}