{
    "affinity_pred_value": -0.18297702074050903,
    "affinity_probability_binary": 0.11802054941654205,
    "affinity_pred_value1": 0.13821737468242645,
    "affinity_probability_binary1": 0.12889020144939423,
    "affinity_pred_value2": -0.5041714310646057,
    "affinity_probability_binary2": 0.10715089738368988
}