{
    "confidence_score": 0.7324920892715454,
    "ptm": 0.8163416385650635,
    "iptm": 0.8577613234519958,
    "ligand_iptm": 0.8577613234519958,
    "protein_iptm": 0.0,
    "complex_plddt": 0.7011747360229492,
    "complex_iplddt": 0.504550039768219,
    "complex_pde": 0.8072808384895325,
    "complex_ipde": 2.3279502391815186,
    "chains_ptm": {
        "0": 0.808820366859436,
        "1": 0.8119470477104187
    },
    "pair_chains_iptm": {
        "0": {
            "0": 0.808820366859436,
            "1": 0.41330352425575256
        },
        "1": {
            "0": 0.8577613234519958,
            "1": 0.8119470477104187
        }
    }
}