{
    "affinity_pred_value": 0.08615976572036743,
    "affinity_probability_binary": 0.2377747893333435,
    "affinity_pred_value1": 0.30649030208587646,
    "affinity_probability_binary1": 0.32047683000564575,
    "affinity_pred_value2": -0.1341707706451416,
    "affinity_probability_binary2": 0.15507274866104126
}