{
    "confidence_score": 0.6743292212486267,
    "ptm": 0.7775232195854187,
    "iptm": 0.6919542551040649,
    "ligand_iptm": 0.6919542551040649,
    "protein_iptm": 0.0,
    "complex_plddt": 0.669922947883606,
    "complex_iplddt": 0.5106075406074524,
    "complex_pde": 1.0647751092910767,
    "complex_ipde": 3.880434989929199,
    "chains_ptm": {
        "0": 0.7954025268554688,
        "1": 0.7949130535125732
    },
    "pair_chains_iptm": {
        "0": {
            "0": 0.7954025268554688,
            "1": 0.30595892667770386
        },
        "1": {
            "0": 0.6919542551040649,
            "1": 0.7949130535125732
        }
    }
}