{
    "affinity_pred_value": -0.5863218903541565,
    "affinity_probability_binary": 0.40862834453582764,
    "affinity_pred_value1": -0.1946510672569275,
    "affinity_probability_binary1": 0.3600170612335205,
    "affinity_pred_value2": -0.9779927134513855,
    "affinity_probability_binary2": 0.45723962783813477
}