{
    "confidence_score": 0.734786331653595,
    "ptm": 0.8241066336631775,
    "iptm": 0.861599326133728,
    "ligand_iptm": 0.861599326133728,
    "protein_iptm": 0.0,
    "complex_plddt": 0.7030830979347229,
    "complex_iplddt": 0.5225552916526794,
    "complex_pde": 0.8755180835723877,
    "complex_ipde": 2.546771764755249,
    "chains_ptm": {
        "0": 0.8171667456626892,
        "1": 0.9247320294380188
    },
    "pair_chains_iptm": {
        "0": {
            "0": 0.8171667456626892,
            "1": 0.43644389510154724
        },
        "1": {
            "0": 0.861599326133728,
            "1": 0.9247320294380188
        }
    }
}