{
    "affinity_pred_value": 0.5006059408187866,
    "affinity_probability_binary": 0.44830483198165894,
    "affinity_pred_value1": -0.28177425265312195,
    "affinity_probability_binary1": 0.4540913701057434,
    "affinity_pred_value2": 1.2829861640930176,
    "affinity_probability_binary2": 0.44251829385757446
}