{
    "confidence_score": 0.9196004867553711,
    "ptm": 0.9414032101631165,
    "iptm": 0.944673478603363,
    "ligand_iptm": 0.944673478603363,
    "protein_iptm": 0.0,
    "complex_plddt": 0.9133322238922119,
    "complex_iplddt": 0.8433600068092346,
    "complex_pde": 0.46866706013679504,
    "complex_ipde": 0.739037036895752,
    "chains_ptm": {
        "0": 0.9410690665245056,
        "1": 0.927381157875061
    },
    "pair_chains_iptm": {
        "0": {
            "0": 0.9410690665245056,
            "1": 0.6178159713745117
        },
        "1": {
            "0": 0.944673478603363,
            "1": 0.927381157875061
        }
    }
}