{
    "affinity_pred_value": 0.2734658420085907,
    "affinity_probability_binary": 0.40659695863723755,
    "affinity_pred_value1": 0.08606259524822235,
    "affinity_probability_binary1": 0.4554370641708374,
    "affinity_pred_value2": 0.46086907386779785,
    "affinity_probability_binary2": 0.3577568829059601
}