{
    "confidence_score": 0.9142318964004517,
    "ptm": 0.9065755009651184,
    "iptm": 0.9675498008728027,
    "ligand_iptm": 0.9675498008728027,
    "protein_iptm": 0.0,
    "complex_plddt": 0.9009023904800415,
    "complex_iplddt": 0.8866867423057556,
    "complex_pde": 0.45161813497543335,
    "complex_ipde": 0.7004247903823853,
    "chains_ptm": {
        "0": 0.8962603211402893,
        "1": 0.8700637221336365
    },
    "pair_chains_iptm": {
        "0": {
            "0": 0.8962603211402893,
            "1": 0.5469907522201538
        },
        "1": {
            "0": 0.9675498008728027,
            "1": 0.8700637221336365
        }
    }
}