{
    "affinity_pred_value": 0.6771764755249023,
    "affinity_probability_binary": 0.3412117660045624,
    "affinity_pred_value1": 0.4487045109272003,
    "affinity_probability_binary1": 0.2120998650789261,
    "affinity_pred_value2": 0.905648410320282,
    "affinity_probability_binary2": 0.4703236520290375
}