{
    "confidence_score": 0.9342144131660461,
    "ptm": 0.9551259875297546,
    "iptm": 0.9715151786804199,
    "ligand_iptm": 0.9715151786804199,
    "protein_iptm": 0.0,
    "complex_plddt": 0.9248892664909363,
    "complex_iplddt": 0.8817214965820312,
    "complex_pde": 0.4120972156524658,
    "complex_ipde": 0.5804130434989929,
    "chains_ptm": {
        "0": 0.9528244137763977,
        "1": 0.8531910181045532
    },
    "pair_chains_iptm": {
        "0": {
            "0": 0.9528244137763977,
            "1": 0.537146806716919
        },
        "1": {
            "0": 0.9715151786804199,
            "1": 0.8531910181045532
        }
    }
}