{
    "affinity_pred_value": -0.14038099348545074,
    "affinity_probability_binary": 0.3351341187953949,
    "affinity_pred_value1": 0.2729812562465668,
    "affinity_probability_binary1": 0.3829401731491089,
    "affinity_pred_value2": -0.5537432432174683,
    "affinity_probability_binary2": 0.2873280644416809
}