{
    "confidence_score": 0.7045571208000183,
    "ptm": 0.8884143233299255,
    "iptm": 0.8437621593475342,
    "ligand_iptm": 0.8437621593475342,
    "protein_iptm": 0.0,
    "complex_plddt": 0.6697558164596558,
    "complex_iplddt": 0.5116351842880249,
    "complex_pde": 0.6219871044158936,
    "complex_ipde": 1.8338466882705688,
    "chains_ptm": {
        "0": 0.8996358513832092,
        "1": 0.9100646376609802
    },
    "pair_chains_iptm": {
        "0": {
            "0": 0.8996358513832092,
            "1": 0.45278045535087585
        },
        "1": {
            "0": 0.8437621593475342,
            "1": 0.9100646376609802
        }
    }
}