{
    "affinity_pred_value": 0.02267119288444519,
    "affinity_probability_binary": 0.6325429677963257,
    "affinity_pred_value1": -0.644798994064331,
    "affinity_probability_binary1": 0.6526797413825989,
    "affinity_pred_value2": 0.6901413798332214,
    "affinity_probability_binary2": 0.6124061942100525
}