{
    "confidence_score": 0.9347087144851685,
    "ptm": 0.9481051564216614,
    "iptm": 0.9755861163139343,
    "ligand_iptm": 0.9755861163139343,
    "protein_iptm": 0.0,
    "complex_plddt": 0.9244893789291382,
    "complex_iplddt": 0.8854930996894836,
    "complex_pde": 0.43639877438545227,
    "complex_ipde": 0.5491400361061096,
    "chains_ptm": {
        "0": 0.9448585510253906,
        "1": 0.8831797242164612
    },
    "pair_chains_iptm": {
        "0": {
            "0": 0.9448585510253906,
            "1": 0.6444323658943176
        },
        "1": {
            "0": 0.9755861163139343,
            "1": 0.8831797242164612
        }
    }
}