{
    "affinity_pred_value": 0.9530020356178284,
    "affinity_probability_binary": 0.5080740451812744,
    "affinity_pred_value1": 0.6506245136260986,
    "affinity_probability_binary1": 0.43360641598701477,
    "affinity_pred_value2": 1.255379557609558,
    "affinity_probability_binary2": 0.5825416445732117
}