{
    "confidence_score": 0.9293670654296875,
    "ptm": 0.9421262145042419,
    "iptm": 0.9540889263153076,
    "ligand_iptm": 0.9540889263153076,
    "protein_iptm": 0.0,
    "complex_plddt": 0.9231865406036377,
    "complex_iplddt": 0.8494220972061157,
    "complex_pde": 0.4670717716217041,
    "complex_ipde": 0.6947393417358398,
    "chains_ptm": {
        "0": 0.9410415887832642,
        "1": 0.8485877513885498
    },
    "pair_chains_iptm": {
        "0": {
            "0": 0.9410415887832642,
            "1": 0.5834136605262756
        },
        "1": {
            "0": 0.9540889263153076,
            "1": 0.8485877513885498
        }
    }
}