{
    "affinity_pred_value": -1.2941302061080933,
    "affinity_probability_binary": 0.860288679599762,
    "affinity_pred_value1": -1.2859530448913574,
    "affinity_probability_binary1": 0.882477879524231,
    "affinity_pred_value2": -1.302307367324829,
    "affinity_probability_binary2": 0.838099479675293
}