{
    "confidence_score": 0.8913715481758118,
    "ptm": 0.9049963355064392,
    "iptm": 0.9384844303131104,
    "ligand_iptm": 0.9384844303131104,
    "protein_iptm": 0.0,
    "complex_plddt": 0.8795933127403259,
    "complex_iplddt": 0.786236584186554,
    "complex_pde": 0.4614201486110687,
    "complex_ipde": 0.7645083665847778,
    "chains_ptm": {
        "0": 0.897301197052002,
        "1": 0.7702152132987976
    },
    "pair_chains_iptm": {
        "0": {
            "0": 0.897301197052002,
            "1": 0.6233091950416565
        },
        "1": {
            "0": 0.9384844303131104,
            "1": 0.7702152132987976
        }
    }
}