{
    "affinity_pred_value": 0.030163198709487915,
    "affinity_probability_binary": 0.5763161182403564,
    "affinity_pred_value1": -0.9798848032951355,
    "affinity_probability_binary1": 0.5654675960540771,
    "affinity_pred_value2": 1.0402112007141113,
    "affinity_probability_binary2": 0.5871647000312805
}