{
    "confidence_score": 0.9376391768455505,
    "ptm": 0.9457053542137146,
    "iptm": 0.9738807082176208,
    "ligand_iptm": 0.9738807082176208,
    "protein_iptm": 0.0,
    "complex_plddt": 0.928578794002533,
    "complex_iplddt": 0.8933074474334717,
    "complex_pde": 0.44804245233535767,
    "complex_ipde": 0.6092564463615417,
    "chains_ptm": {
        "0": 0.9427119493484497,
        "1": 0.8753577470779419
    },
    "pair_chains_iptm": {
        "0": {
            "0": 0.9427119493484497,
            "1": 0.6205509901046753
        },
        "1": {
            "0": 0.9738807082176208,
            "1": 0.8753577470779419
        }
    }
}