{
    "affinity_pred_value": 0.22516345977783203,
    "affinity_probability_binary": 0.15507793426513672,
    "affinity_pred_value1": 0.5712932348251343,
    "affinity_probability_binary1": 0.12216056883335114,
    "affinity_pred_value2": -0.12096633017063141,
    "affinity_probability_binary2": 0.1879953145980835
}