{
    "confidence_score": 0.719606339931488,
    "ptm": 0.8375114798545837,
    "iptm": 0.8319761157035828,
    "ligand_iptm": 0.8319761157035828,
    "protein_iptm": 0.0,
    "complex_plddt": 0.6915138959884644,
    "complex_iplddt": 0.536409854888916,
    "complex_pde": 0.7463078498840332,
    "complex_ipde": 2.3222835063934326,
    "chains_ptm": {
        "0": 0.8417996764183044,
        "1": 0.8359680771827698
    },
    "pair_chains_iptm": {
        "0": {
            "0": 0.8417996764183044,
            "1": 0.41574496030807495
        },
        "1": {
            "0": 0.8319761157035828,
            "1": 0.8359680771827698
        }
    }
}