{
    "affinity_pred_value": -1.5366268157958984,
    "affinity_probability_binary": 0.9688643217086792,
    "affinity_pred_value1": -1.4045830965042114,
    "affinity_probability_binary1": 0.985668420791626,
    "affinity_pred_value2": -1.668670415878296,
    "affinity_probability_binary2": 0.9520601630210876
}