{
    "confidence_score": 0.9189004302024841,
    "ptm": 0.9037187099456787,
    "iptm": 0.9580751657485962,
    "ligand_iptm": 0.9580751657485962,
    "protein_iptm": 0.0,
    "complex_plddt": 0.9091066718101501,
    "complex_iplddt": 0.8756702542304993,
    "complex_pde": 0.4411263167858124,
    "complex_ipde": 0.6407177448272705,
    "chains_ptm": {
        "0": 0.8951924443244934,
        "1": 0.7984869480133057
    },
    "pair_chains_iptm": {
        "0": {
            "0": 0.8951924443244934,
            "1": 0.6081857085227966
        },
        "1": {
            "0": 0.9580751657485962,
            "1": 0.7984869480133057
        }
    }
}