{
    "affinity_pred_value": -0.8843913078308105,
    "affinity_probability_binary": 0.4527283012866974,
    "affinity_pred_value1": -0.9675514101982117,
    "affinity_probability_binary1": 0.3951984643936157,
    "affinity_pred_value2": -0.8012312054634094,
    "affinity_probability_binary2": 0.510258138179779
}