{
    "confidence_score": 0.8369855880737305,
    "ptm": 0.7951264381408691,
    "iptm": 0.9619421362876892,
    "ligand_iptm": 0.9619421362876892,
    "protein_iptm": 0.0,
    "complex_plddt": 0.8057464361190796,
    "complex_iplddt": 0.7420991063117981,
    "complex_pde": 0.6036779880523682,
    "complex_ipde": 1.5205378532409668,
    "chains_ptm": {
        "0": 0.7681845426559448,
        "1": 0.9182450771331787
    },
    "pair_chains_iptm": {
        "0": {
            "0": 0.7681845426559448,
            "1": 0.49515703320503235
        },
        "1": {
            "0": 0.9619421362876892,
            "1": 0.9182450771331787
        }
    }
}