{
    "affinity_pred_value": 1.075199842453003,
    "affinity_probability_binary": 0.37613046169281006,
    "affinity_pred_value1": 1.3230139017105103,
    "affinity_probability_binary1": 0.3779454529285431,
    "affinity_pred_value2": 0.8273857831954956,
    "affinity_probability_binary2": 0.3743155002593994
}