{
    "confidence_score": 0.9304341673851013,
    "ptm": 0.953315794467926,
    "iptm": 0.9642219543457031,
    "ligand_iptm": 0.9642219543457031,
    "protein_iptm": 0.0,
    "complex_plddt": 0.9219871759414673,
    "complex_iplddt": 0.8617329001426697,
    "complex_pde": 0.4452705979347229,
    "complex_ipde": 0.7033107280731201,
    "chains_ptm": {
        "0": 0.9516912698745728,
        "1": 0.8082529902458191
    },
    "pair_chains_iptm": {
        "0": {
            "0": 0.9516912698745728,
            "1": 0.4746421277523041
        },
        "1": {
            "0": 0.9642219543457031,
            "1": 0.8082529902458191
        }
    }
}