{
    "affinity_pred_value": 0.4618963301181793,
    "affinity_probability_binary": 0.5622245073318481,
    "affinity_pred_value1": 0.3331170082092285,
    "affinity_probability_binary1": 0.5543222427368164,
    "affinity_pred_value2": 0.5906756520271301,
    "affinity_probability_binary2": 0.5701268315315247
}