{
    "confidence_score": 0.9028699994087219,
    "ptm": 0.9233841896057129,
    "iptm": 0.9495524168014526,
    "ligand_iptm": 0.9495524168014526,
    "protein_iptm": 0.0,
    "complex_plddt": 0.8911993503570557,
    "complex_iplddt": 0.8469151854515076,
    "complex_pde": 0.38923367857933044,
    "complex_ipde": 0.5599086880683899,
    "chains_ptm": {
        "0": 0.918735146522522,
        "1": 0.8879184722900391
    },
    "pair_chains_iptm": {
        "0": {
            "0": 0.918735146522522,
            "1": 0.6269394755363464
        },
        "1": {
            "0": 0.9495524168014526,
            "1": 0.8879184722900391
        }
    }
}