{
    "affinity_pred_value": -0.13188347220420837,
    "affinity_probability_binary": 0.3405933976173401,
    "affinity_pred_value1": 0.09100055694580078,
    "affinity_probability_binary1": 0.3413940668106079,
    "affinity_pred_value2": -0.35476750135421753,
    "affinity_probability_binary2": 0.3397926986217499
}