{
    "confidence_score": 0.6871568560600281,
    "ptm": 0.8091883659362793,
    "iptm": 0.7722035646438599,
    "ligand_iptm": 0.7722035646438599,
    "protein_iptm": 0.0,
    "complex_plddt": 0.6658951640129089,
    "complex_iplddt": 0.38541069626808167,
    "complex_pde": 0.9376783967018127,
    "complex_ipde": 3.3547606468200684,
    "chains_ptm": {
        "0": 0.8165571093559265,
        "1": 0.8575136661529541
    },
    "pair_chains_iptm": {
        "0": {
            "0": 0.8165571093559265,
            "1": 0.30068516731262207
        },
        "1": {
            "0": 0.7722035646438599,
            "1": 0.8575136661529541
        }
    }
}