{
    "affinity_pred_value": 0.3802235722541809,
    "affinity_probability_binary": 0.46122145652770996,
    "affinity_pred_value1": 0.02130671590566635,
    "affinity_probability_binary1": 0.47083979845046997,
    "affinity_pred_value2": 0.7391404509544373,
    "affinity_probability_binary2": 0.45160314440727234
}