{
    "confidence_score": 0.9450322985649109,
    "ptm": 0.9466972947120667,
    "iptm": 0.9601201415061951,
    "ligand_iptm": 0.9601201415061951,
    "protein_iptm": 0.0,
    "complex_plddt": 0.9412603974342346,
    "complex_iplddt": 0.8997056484222412,
    "complex_pde": 0.4634765088558197,
    "complex_ipde": 0.7445312142372131,
    "chains_ptm": {
        "0": 0.944355309009552,
        "1": 0.844598114490509
    },
    "pair_chains_iptm": {
        "0": {
            "0": 0.944355309009552,
            "1": 0.5133737921714783
        },
        "1": {
            "0": 0.9601201415061951,
            "1": 0.844598114490509
        }
    }
}