{
    "affinity_pred_value": -0.21293601393699646,
    "affinity_probability_binary": 0.8419963121414185,
    "affinity_pred_value1": -0.8105102181434631,
    "affinity_probability_binary1": 0.9055774211883545,
    "affinity_pred_value2": 0.3846381902694702,
    "affinity_probability_binary2": 0.7784152030944824
}