{
    "confidence_score": 0.930620014667511,
    "ptm": 0.9271500706672668,
    "iptm": 0.9715182781219482,
    "ligand_iptm": 0.9715182781219482,
    "protein_iptm": 0.0,
    "complex_plddt": 0.9203953742980957,
    "complex_iplddt": 0.8942071795463562,
    "complex_pde": 0.4962116777896881,
    "complex_ipde": 0.5838443636894226,
    "chains_ptm": {
        "0": 0.9220523238182068,
        "1": 0.9673115015029907
    },
    "pair_chains_iptm": {
        "0": {
            "0": 0.9220523238182068,
            "1": 0.6868023872375488
        },
        "1": {
            "0": 0.9715182781219482,
            "1": 0.9673115015029907
        }
    }
}