{
    "affinity_pred_value": -0.40915897488594055,
    "affinity_probability_binary": 0.33509790897369385,
    "affinity_pred_value1": -0.16208475828170776,
    "affinity_probability_binary1": 0.25346267223358154,
    "affinity_pred_value2": -0.6562331914901733,
    "affinity_probability_binary2": 0.41673314571380615
}