{
    "confidence_score": 0.7039167881011963,
    "ptm": 0.7786319851875305,
    "iptm": 0.7689868807792664,
    "ligand_iptm": 0.7689868807792664,
    "protein_iptm": 0.0,
    "complex_plddt": 0.6876492500305176,
    "complex_iplddt": 0.5415916442871094,
    "complex_pde": 1.085006594657898,
    "complex_ipde": 3.5376765727996826,
    "chains_ptm": {
        "0": 0.7807235717773438,
        "1": 0.7398775219917297
    },
    "pair_chains_iptm": {
        "0": {
            "0": 0.7807235717773438,
            "1": 0.28222644329071045
        },
        "1": {
            "0": 0.7689868807792664,
            "1": 0.7398775219917297
        }
    }
}