{
    "affinity_pred_value": -1.5587584972381592,
    "affinity_probability_binary": 0.8775371313095093,
    "affinity_pred_value1": -1.5378928184509277,
    "affinity_probability_binary1": 0.8937756419181824,
    "affinity_pred_value2": -1.579624056816101,
    "affinity_probability_binary2": 0.861298680305481
}