{
    "confidence_score": 0.9277621507644653,
    "ptm": 0.9378278851509094,
    "iptm": 0.9820915460586548,
    "ligand_iptm": 0.9820915460586548,
    "protein_iptm": 0.0,
    "complex_plddt": 0.914179801940918,
    "complex_iplddt": 0.8958051800727844,
    "complex_pde": 0.4534495174884796,
    "complex_ipde": 0.531586766242981,
    "chains_ptm": {
        "0": 0.9306197166442871,
        "1": 0.8203723430633545
    },
    "pair_chains_iptm": {
        "0": {
            "0": 0.9306197166442871,
            "1": 0.643083393573761
        },
        "1": {
            "0": 0.9820915460586548,
            "1": 0.8203723430633545
        }
    }
}