{
    "affinity_pred_value": 0.596693754196167,
    "affinity_probability_binary": 0.3770174980163574,
    "affinity_pred_value1": 0.9766430854797363,
    "affinity_probability_binary1": 0.26379889249801636,
    "affinity_pred_value2": 0.21674439311027527,
    "affinity_probability_binary2": 0.4902360737323761
}