{
    "confidence_score": 0.7338079810142517,
    "ptm": 0.8773266673088074,
    "iptm": 0.8239045143127441,
    "ligand_iptm": 0.8239045143127441,
    "protein_iptm": 0.0,
    "complex_plddt": 0.7112838625907898,
    "complex_iplddt": 0.6633468866348267,
    "complex_pde": 0.6965376734733582,
    "complex_ipde": 2.521026372909546,
    "chains_ptm": {
        "0": 0.8858067393302917,
        "1": 0.8715723752975464
    },
    "pair_chains_iptm": {
        "0": {
            "0": 0.8858067393302917,
            "1": 0.3971983790397644
        },
        "1": {
            "0": 0.8239045143127441,
            "1": 0.8715723752975464
        }
    }
}