{
    "affinity_pred_value": 0.9728094935417175,
    "affinity_probability_binary": 0.3737344741821289,
    "affinity_pred_value1": 0.9576370716094971,
    "affinity_probability_binary1": 0.4057992696762085,
    "affinity_pred_value2": 0.987981915473938,
    "affinity_probability_binary2": 0.3416697084903717
}