{
    "confidence_score": 0.9464950561523438,
    "ptm": 0.9399535059928894,
    "iptm": 0.9675052165985107,
    "ligand_iptm": 0.9675052165985107,
    "protein_iptm": 0.0,
    "complex_plddt": 0.941242516040802,
    "complex_iplddt": 0.9093700647354126,
    "complex_pde": 0.48127228021621704,
    "complex_ipde": 0.7173747420310974,
    "chains_ptm": {
        "0": 0.9362016916275024,
        "1": 0.8540602922439575
    },
    "pair_chains_iptm": {
        "0": {
            "0": 0.9362016916275024,
            "1": 0.5169840455055237
        },
        "1": {
            "0": 0.9675052165985107,
            "1": 0.8540602922439575
        }
    }
}