{
    "affinity_pred_value": 0.8502124547958374,
    "affinity_probability_binary": 0.39190369844436646,
    "affinity_pred_value1": 0.727245569229126,
    "affinity_probability_binary1": 0.39752426743507385,
    "affinity_pred_value2": 0.973179280757904,
    "affinity_probability_binary2": 0.38628312945365906
}