{
    "confidence_score": 0.918403148651123,
    "ptm": 0.9432111978530884,
    "iptm": 0.9444009065628052,
    "ligand_iptm": 0.9444009065628052,
    "protein_iptm": 0.0,
    "complex_plddt": 0.9119036793708801,
    "complex_iplddt": 0.8216537833213806,
    "complex_pde": 0.4900250732898712,
    "complex_ipde": 0.8491361737251282,
    "chains_ptm": {
        "0": 0.9431601762771606,
        "1": 0.8304373025894165
    },
    "pair_chains_iptm": {
        "0": {
            "0": 0.9431601762771606,
            "1": 0.47640013694763184
        },
        "1": {
            "0": 0.9444009065628052,
            "1": 0.8304373025894165
        }
    }
}