{
    "affinity_pred_value": -0.3513038754463196,
    "affinity_probability_binary": 0.7785928845405579,
    "affinity_pred_value1": -0.6533985137939453,
    "affinity_probability_binary1": 0.8626769185066223,
    "affinity_pred_value2": -0.049209240823984146,
    "affinity_probability_binary2": 0.6945088505744934
}