{
    "confidence_score": 0.9391077160835266,
    "ptm": 0.9398749470710754,
    "iptm": 0.9644399881362915,
    "ligand_iptm": 0.9644399881362915,
    "protein_iptm": 0.0,
    "complex_plddt": 0.9327746629714966,
    "complex_iplddt": 0.9219062924385071,
    "complex_pde": 0.45400428771972656,
    "complex_ipde": 0.5510892868041992,
    "chains_ptm": {
        "0": 0.9375752210617065,
        "1": 0.8925207853317261
    },
    "pair_chains_iptm": {
        "0": {
            "0": 0.9375752210617065,
            "1": 0.5007773637771606
        },
        "1": {
            "0": 0.9644399881362915,
            "1": 0.8925207853317261
        }
    }
}