{
    "affinity_pred_value": 0.8305120468139648,
    "affinity_probability_binary": 0.37435078620910645,
    "affinity_pred_value1": 1.020320177078247,
    "affinity_probability_binary1": 0.31410956382751465,
    "affinity_pred_value2": 0.6407039761543274,
    "affinity_probability_binary2": 0.43459200859069824
}