{
    "confidence_score": 0.938769519329071,
    "ptm": 0.9318278431892395,
    "iptm": 0.9578868746757507,
    "ligand_iptm": 0.9578868746757507,
    "protein_iptm": 0.0,
    "complex_plddt": 0.9339902400970459,
    "complex_iplddt": 0.8916037678718567,
    "complex_pde": 0.5106536746025085,
    "complex_ipde": 0.8008308410644531,
    "chains_ptm": {
        "0": 0.9287000894546509,
        "1": 0.8241848945617676
    },
    "pair_chains_iptm": {
        "0": {
            "0": 0.9287000894546509,
            "1": 0.4950421452522278
        },
        "1": {
            "0": 0.9578868746757507,
            "1": 0.8241848945617676
        }
    }
}