{
    "affinity_pred_value": -0.2765505313873291,
    "affinity_probability_binary": 0.7603211998939514,
    "affinity_pred_value1": -0.1840733140707016,
    "affinity_probability_binary1": 0.7219447493553162,
    "affinity_pred_value2": -0.3690277338027954,
    "affinity_probability_binary2": 0.7986976504325867
}