{
    "confidence_score": 0.9443413019180298,
    "ptm": 0.9482866525650024,
    "iptm": 0.9650903940200806,
    "ligand_iptm": 0.9650903940200806,
    "protein_iptm": 0.0,
    "complex_plddt": 0.9391540288925171,
    "complex_iplddt": 0.9039298295974731,
    "complex_pde": 0.4354761838912964,
    "complex_ipde": 0.6383834481239319,
    "chains_ptm": {
        "0": 0.9453547596931458,
        "1": 0.8440523147583008
    },
    "pair_chains_iptm": {
        "0": {
            "0": 0.9453547596931458,
            "1": 0.5752180814743042
        },
        "1": {
            "0": 0.9650903940200806,
            "1": 0.8440523147583008
        }
    }
}