{
    "affinity_pred_value": 0.0632396936416626,
    "affinity_probability_binary": 0.1603448987007141,
    "affinity_pred_value1": 0.0679389089345932,
    "affinity_probability_binary1": 0.11198229342699051,
    "affinity_pred_value2": 0.05854048579931259,
    "affinity_probability_binary2": 0.20870749652385712
}