{
    "confidence_score": 0.7514778971672058,
    "ptm": 0.8418583273887634,
    "iptm": 0.8439178466796875,
    "ligand_iptm": 0.8439178466796875,
    "protein_iptm": 0.0,
    "complex_plddt": 0.7283678650856018,
    "complex_iplddt": 0.6645038723945618,
    "complex_pde": 0.7257117033004761,
    "complex_ipde": 2.338209390640259,
    "chains_ptm": {
        "0": 0.8429509401321411,
        "1": 0.8562484383583069
    },
    "pair_chains_iptm": {
        "0": {
            "0": 0.8429509401321411,
            "1": 0.3606968820095062
        },
        "1": {
            "0": 0.8439178466796875,
            "1": 0.8562484383583069
        }
    }
}