{
    "affinity_pred_value": -0.010159522294998169,
    "affinity_probability_binary": 0.3323982059955597,
    "affinity_pred_value1": 0.39053040742874146,
    "affinity_probability_binary1": 0.3535171449184418,
    "affinity_pred_value2": -0.4108494520187378,
    "affinity_probability_binary2": 0.3112792670726776
}