{
    "confidence_score": 0.7400022149085999,
    "ptm": 0.9160857796669006,
    "iptm": 0.8829615116119385,
    "ligand_iptm": 0.8829615116119385,
    "protein_iptm": 0.0,
    "complex_plddt": 0.704262375831604,
    "complex_iplddt": 0.5768101811408997,
    "complex_pde": 0.49401143193244934,
    "complex_ipde": 1.3825498819351196,
    "chains_ptm": {
        "0": 0.923825740814209,
        "1": 0.9304707646369934
    },
    "pair_chains_iptm": {
        "0": {
            "0": 0.923825740814209,
            "1": 0.5128626227378845
        },
        "1": {
            "0": 0.8829615116119385,
            "1": 0.9304707646369934
        }
    }
}