{
    "affinity_pred_value": 0.4145693778991699,
    "affinity_probability_binary": 0.6268380880355835,
    "affinity_pred_value1": -0.042250484228134155,
    "affinity_probability_binary1": 0.7138397097587585,
    "affinity_pred_value2": 0.8713892102241516,
    "affinity_probability_binary2": 0.5398365259170532
}