{
    "confidence_score": 0.9276779294013977,
    "ptm": 0.953718900680542,
    "iptm": 0.9704521298408508,
    "ligand_iptm": 0.9704521298408508,
    "protein_iptm": 0.0,
    "complex_plddt": 0.9169843196868896,
    "complex_iplddt": 0.8659346699714661,
    "complex_pde": 0.4133000671863556,
    "complex_ipde": 0.5314503908157349,
    "chains_ptm": {
        "0": 0.9520810842514038,
        "1": 0.8666123747825623
    },
    "pair_chains_iptm": {
        "0": {
            "0": 0.9520810842514038,
            "1": 0.4984601140022278
        },
        "1": {
            "0": 0.9704521298408508,
            "1": 0.8666123747825623
        }
    }
}