{
    "affinity_pred_value": 1.0210440158843994,
    "affinity_probability_binary": 0.12284234911203384,
    "affinity_pred_value1": 1.3474727869033813,
    "affinity_probability_binary1": 0.1324481964111328,
    "affinity_pred_value2": 0.6946153044700623,
    "affinity_probability_binary2": 0.11323650181293488
}