{
    "confidence_score": 0.7039554715156555,
    "ptm": 0.9360758066177368,
    "iptm": 0.9357219934463501,
    "ligand_iptm": 0.9357219934463501,
    "protein_iptm": 0.0,
    "complex_plddt": 0.6460138559341431,
    "complex_iplddt": 0.40334704518318176,
    "complex_pde": 0.3834838569164276,
    "complex_ipde": 0.7300806641578674,
    "chains_ptm": {
        "0": 0.9394117593765259,
        "1": 0.8325246572494507
    },
    "pair_chains_iptm": {
        "0": {
            "0": 0.9394117593765259,
            "1": 0.47961536049842834
        },
        "1": {
            "0": 0.9357219934463501,
            "1": 0.8325246572494507
        }
    }
}