{
    "affinity_pred_value": 0.6369996666908264,
    "affinity_probability_binary": 0.6780105829238892,
    "affinity_pred_value1": 0.6107905507087708,
    "affinity_probability_binary1": 0.7335479855537415,
    "affinity_pred_value2": 0.6632087826728821,
    "affinity_probability_binary2": 0.6224731206893921
}