{
    "confidence_score": 0.9399740099906921,
    "ptm": 0.9372724294662476,
    "iptm": 0.9384974837303162,
    "ligand_iptm": 0.9384974837303162,
    "protein_iptm": 0.0,
    "complex_plddt": 0.9403432011604309,
    "complex_iplddt": 0.9175441861152649,
    "complex_pde": 0.49503082036972046,
    "complex_ipde": 0.7781795263290405,
    "chains_ptm": {
        "0": 0.9371785521507263,
        "1": 0.9329705834388733
    },
    "pair_chains_iptm": {
        "0": {
            "0": 0.9371785521507263,
            "1": 0.5885815024375916
        },
        "1": {
            "0": 0.9384974837303162,
            "1": 0.9329705834388733
        }
    }
}