{
    "affinity_pred_value": 0.6980187892913818,
    "affinity_probability_binary": 0.38121140003204346,
    "affinity_pred_value1": 1.1462851762771606,
    "affinity_probability_binary1": 0.2747907042503357,
    "affinity_pred_value2": 0.24975241720676422,
    "affinity_probability_binary2": 0.4876320958137512
}