{
    "confidence_score": 0.7354986667633057,
    "ptm": 0.9007593393325806,
    "iptm": 0.8201970458030701,
    "ligand_iptm": 0.8201970458030701,
    "protein_iptm": 0.0,
    "complex_plddt": 0.7143240571022034,
    "complex_iplddt": 0.6857967972755432,
    "complex_pde": 0.6241322755813599,
    "complex_ipde": 2.3578014373779297,
    "chains_ptm": {
        "0": 0.9120581150054932,
        "1": 0.8280894160270691
    },
    "pair_chains_iptm": {
        "0": {
            "0": 0.9120581150054932,
            "1": 0.3620874583721161
        },
        "1": {
            "0": 0.8201970458030701,
            "1": 0.8280894160270691
        }
    }
}