{
    "affinity_pred_value": 1.1293076276779175,
    "affinity_probability_binary": 0.038866523653268814,
    "affinity_pred_value1": 1.171889305114746,
    "affinity_probability_binary1": 0.02378961630165577,
    "affinity_pred_value2": 1.0867259502410889,
    "affinity_probability_binary2": 0.05394342914223671
}