{
    "confidence_score": 0.9028519988059998,
    "ptm": 0.9298994541168213,
    "iptm": 0.9306558966636658,
    "ligand_iptm": 0.9306558966636658,
    "protein_iptm": 0.0,
    "complex_plddt": 0.8959009647369385,
    "complex_iplddt": 0.8049755692481995,
    "complex_pde": 0.5502679944038391,
    "complex_ipde": 0.9687199592590332,
    "chains_ptm": {
        "0": 0.929799497127533,
        "1": 0.8199166655540466
    },
    "pair_chains_iptm": {
        "0": {
            "0": 0.929799497127533,
            "1": 0.4434921443462372
        },
        "1": {
            "0": 0.9306558966636658,
            "1": 0.8199166655540466
        }
    }
}