{
    "affinity_pred_value": 0.482734739780426,
    "affinity_probability_binary": 0.12993067502975464,
    "affinity_pred_value1": 0.4885489344596863,
    "affinity_probability_binary1": 0.19311271607875824,
    "affinity_pred_value2": 0.47692057490348816,
    "affinity_probability_binary2": 0.06674864143133163
}