{
    "confidence_score": 0.7526547312736511,
    "ptm": 0.883863627910614,
    "iptm": 0.8545633554458618,
    "ligand_iptm": 0.8545633554458618,
    "protein_iptm": 0.0,
    "complex_plddt": 0.727177619934082,
    "complex_iplddt": 0.5606984496116638,
    "complex_pde": 0.6015291213989258,
    "complex_ipde": 1.7221484184265137,
    "chains_ptm": {
        "0": 0.8896660804748535,
        "1": 0.9113188982009888
    },
    "pair_chains_iptm": {
        "0": {
            "0": 0.8896660804748535,
            "1": 0.5378122925758362
        },
        "1": {
            "0": 0.8545633554458618,
            "1": 0.9113188982009888
        }
    }
}