{
    "affinity_pred_value": -0.28150635957717896,
    "affinity_probability_binary": 0.34140345454216003,
    "affinity_pred_value1": -0.5618628859519958,
    "affinity_probability_binary1": 0.36861544847488403,
    "affinity_pred_value2": -0.0011498518288135529,
    "affinity_probability_binary2": 0.31419146060943604
}