{
    "confidence_score": 0.8826065063476562,
    "ptm": 0.9047780632972717,
    "iptm": 0.9747405052185059,
    "ligand_iptm": 0.9747405052185059,
    "protein_iptm": 0.0,
    "complex_plddt": 0.8595730066299438,
    "complex_iplddt": 0.8318713903427124,
    "complex_pde": 0.41057586669921875,
    "complex_ipde": 0.49503129720687866,
    "chains_ptm": {
        "0": 0.896739661693573,
        "1": 0.9715215563774109
    },
    "pair_chains_iptm": {
        "0": {
            "0": 0.896739661693573,
            "1": 0.6837048530578613
        },
        "1": {
            "0": 0.9747405052185059,
            "1": 0.9715215563774109
        }
    }
}