{
    "affinity_pred_value": 0.38237428665161133,
    "affinity_probability_binary": 0.44613009691238403,
    "affinity_pred_value1": 0.1000065952539444,
    "affinity_probability_binary1": 0.3733395040035248,
    "affinity_pred_value2": 0.6647419929504395,
    "affinity_probability_binary2": 0.5189207196235657
}