{
    "confidence_score": 0.9462348818778992,
    "ptm": 0.9491012096405029,
    "iptm": 0.9706593751907349,
    "ligand_iptm": 0.9706593751907349,
    "protein_iptm": 0.0,
    "complex_plddt": 0.9401288032531738,
    "complex_iplddt": 0.9120679497718811,
    "complex_pde": 0.422805517911911,
    "complex_ipde": 0.6145251393318176,
    "chains_ptm": {
        "0": 0.9457985758781433,
        "1": 0.8308675289154053
    },
    "pair_chains_iptm": {
        "0": {
            "0": 0.9457985758781433,
            "1": 0.6660844087600708
        },
        "1": {
            "0": 0.9706593751907349,
            "1": 0.8308675289154053
        }
    }
}