{
    "affinity_pred_value": 1.6333189010620117,
    "affinity_probability_binary": 0.0909034013748169,
    "affinity_pred_value1": 1.7836686372756958,
    "affinity_probability_binary1": 0.10135116428136826,
    "affinity_pred_value2": 1.482969045639038,
    "affinity_probability_binary2": 0.08045564591884613
}