{
    "confidence_score": 0.7680215239524841,
    "ptm": 0.9305945038795471,
    "iptm": 0.9106396436691284,
    "ligand_iptm": 0.9106396436691284,
    "protein_iptm": 0.0,
    "complex_plddt": 0.7323669195175171,
    "complex_iplddt": 0.598963737487793,
    "complex_pde": 0.45747697353363037,
    "complex_ipde": 1.294872522354126,
    "chains_ptm": {
        "0": 0.9326865673065186,
        "1": 0.9645578861236572
    },
    "pair_chains_iptm": {
        "0": {
            "0": 0.9326865673065186,
            "1": 0.5665904879570007
        },
        "1": {
            "0": 0.9106396436691284,
            "1": 0.9645578861236572
        }
    }
}