{
    "affinity_pred_value": -0.8676193952560425,
    "affinity_probability_binary": 0.3740583062171936,
    "affinity_pred_value1": -0.8005928993225098,
    "affinity_probability_binary1": 0.32246801257133484,
    "affinity_pred_value2": -0.93464595079422,
    "affinity_probability_binary2": 0.42564862966537476
}