{
    "confidence_score": 0.7793027758598328,
    "ptm": 0.7859078645706177,
    "iptm": 0.8646401762962341,
    "ligand_iptm": 0.8646401762962341,
    "protein_iptm": 0.0,
    "complex_plddt": 0.7579684257507324,
    "complex_iplddt": 0.6163746118545532,
    "complex_pde": 0.8905109167098999,
    "complex_ipde": 2.4714014530181885,
    "chains_ptm": {
        "0": 0.7725443243980408,
        "1": 0.7965447306632996
    },
    "pair_chains_iptm": {
        "0": {
            "0": 0.7725443243980408,
            "1": 0.3574347198009491
        },
        "1": {
            "0": 0.8646401762962341,
            "1": 0.7965447306632996
        }
    }
}