{
    "affinity_pred_value": -0.7647061347961426,
    "affinity_probability_binary": 0.8904680609703064,
    "affinity_pred_value1": -0.9258832931518555,
    "affinity_probability_binary1": 0.9365137815475464,
    "affinity_pred_value2": -0.6035289168357849,
    "affinity_probability_binary2": 0.8444223403930664
}