{
    "confidence_score": 0.9501389861106873,
    "ptm": 0.9551970362663269,
    "iptm": 0.9609827399253845,
    "ligand_iptm": 0.9609827399253845,
    "protein_iptm": 0.0,
    "complex_plddt": 0.9474280476570129,
    "complex_iplddt": 0.8941987156867981,
    "complex_pde": 0.4264810085296631,
    "complex_ipde": 0.6687454581260681,
    "chains_ptm": {
        "0": 0.9543750286102295,
        "1": 0.8565869331359863
    },
    "pair_chains_iptm": {
        "0": {
            "0": 0.9543750286102295,
            "1": 0.5140161514282227
        },
        "1": {
            "0": 0.9609827399253845,
            "1": 0.8565869331359863
        }
    }
}