{
    "affinity_pred_value": -0.5269977450370789,
    "affinity_probability_binary": 0.580707311630249,
    "affinity_pred_value1": -0.170691579580307,
    "affinity_probability_binary1": 0.6077715754508972,
    "affinity_pred_value2": -0.8833039402961731,
    "affinity_probability_binary2": 0.553642988204956
}