{
    "confidence_score": 0.6960229277610779,
    "ptm": 0.8717665076255798,
    "iptm": 0.8271006941795349,
    "ligand_iptm": 0.8271006941795349,
    "protein_iptm": 0.0,
    "complex_plddt": 0.6632534265518188,
    "complex_iplddt": 0.5102099180221558,
    "complex_pde": 0.7057275772094727,
    "complex_ipde": 2.144895315170288,
    "chains_ptm": {
        "0": 0.88453608751297,
        "1": 0.9030104875564575
    },
    "pair_chains_iptm": {
        "0": {
            "0": 0.88453608751297,
            "1": 0.44991979002952576
        },
        "1": {
            "0": 0.8271006941795349,
            "1": 0.9030104875564575
        }
    }
}