{
    "affinity_pred_value": 0.664277970790863,
    "affinity_probability_binary": 0.1794062852859497,
    "affinity_pred_value1": 1.0886977910995483,
    "affinity_probability_binary1": 0.13755474984645844,
    "affinity_pred_value2": 0.23985816538333893,
    "affinity_probability_binary2": 0.22125782072544098
}