{
    "confidence_score": 0.8395195007324219,
    "ptm": 0.7845618724822998,
    "iptm": 0.9461307525634766,
    "ligand_iptm": 0.9461307525634766,
    "protein_iptm": 0.0,
    "complex_plddt": 0.8128666281700134,
    "complex_iplddt": 0.790717601776123,
    "complex_pde": 0.6245620250701904,
    "complex_ipde": 1.5544885396957397,
    "chains_ptm": {
        "0": 0.7621759176254272,
        "1": 0.8561394214630127
    },
    "pair_chains_iptm": {
        "0": {
            "0": 0.7621759176254272,
            "1": 0.3933444321155548
        },
        "1": {
            "0": 0.9461307525634766,
            "1": 0.8561394214630127
        }
    }
}