{
    "affinity_pred_value": -1.293609857559204,
    "affinity_probability_binary": 0.5797441005706787,
    "affinity_pred_value1": -0.5796184539794922,
    "affinity_probability_binary1": 0.5798844695091248,
    "affinity_pred_value2": -2.007601261138916,
    "affinity_probability_binary2": 0.5796037912368774
}