{
    "confidence_score": 0.7916161417961121,
    "ptm": 0.9242989420890808,
    "iptm": 0.86287522315979,
    "ligand_iptm": 0.86287522315979,
    "protein_iptm": 0.0,
    "complex_plddt": 0.773801326751709,
    "complex_iplddt": 0.48653385043144226,
    "complex_pde": 0.5991502404212952,
    "complex_ipde": 1.6578656435012817,
    "chains_ptm": {
        "0": 0.9499641060829163,
        "1": 0.8454096913337708
    },
    "pair_chains_iptm": {
        "0": {
            "0": 0.9499641060829163,
            "1": 0.580662190914154
        },
        "1": {
            "0": 0.86287522315979,
            "1": 0.8454096913337708
        }
    }
}