{
    "affinity_pred_value": -1.8613742589950562,
    "affinity_probability_binary": 0.6680060625076294,
    "affinity_pred_value1": -1.6823155879974365,
    "affinity_probability_binary1": 0.7647387385368347,
    "affinity_pred_value2": -2.040432929992676,
    "affinity_probability_binary2": 0.5712733268737793
}