{
    "confidence_score": 0.7305245399475098,
    "ptm": 0.9052550196647644,
    "iptm": 0.8947213888168335,
    "ligand_iptm": 0.8947213888168335,
    "protein_iptm": 0.0,
    "complex_plddt": 0.6894753575325012,
    "complex_iplddt": 0.5838747024536133,
    "complex_pde": 0.5940739512443542,
    "complex_ipde": 1.6952688694000244,
    "chains_ptm": {
        "0": 0.9091508984565735,
        "1": 0.8001149296760559
    },
    "pair_chains_iptm": {
        "0": {
            "0": 0.9091508984565735,
            "1": 0.5346561670303345
        },
        "1": {
            "0": 0.8947213888168335,
            "1": 0.8001149296760559
        }
    }
}