{
    "affinity_pred_value": 0.30267244577407837,
    "affinity_probability_binary": 0.1771824061870575,
    "affinity_pred_value1": 0.06830112636089325,
    "affinity_probability_binary1": 0.2279529869556427,
    "affinity_pred_value2": 0.5370437502861023,
    "affinity_probability_binary2": 0.1264118254184723
}