{
    "confidence_score": 0.7219390273094177,
    "ptm": 0.9211540222167969,
    "iptm": 0.8221607804298401,
    "ligand_iptm": 0.8221607804298401,
    "protein_iptm": 0.0,
    "complex_plddt": 0.6968836188316345,
    "complex_iplddt": 0.5284963250160217,
    "complex_pde": 0.5369002819061279,
    "complex_ipde": 2.0833828449249268,
    "chains_ptm": {
        "0": 0.9372977018356323,
        "1": 0.8195904493331909
    },
    "pair_chains_iptm": {
        "0": {
            "0": 0.9372977018356323,
            "1": 0.3813827633857727
        },
        "1": {
            "0": 0.8221607804298401,
            "1": 0.8195904493331909
        }
    }
}