{
    "affinity_pred_value": -1.3260915279388428,
    "affinity_probability_binary": 0.4498564600944519,
    "affinity_pred_value1": -1.0606213808059692,
    "affinity_probability_binary1": 0.4011651873588562,
    "affinity_pred_value2": -1.5915615558624268,
    "affinity_probability_binary2": 0.4985477328300476
}