{
    "confidence_score": 0.7383467555046082,
    "ptm": 0.7582507729530334,
    "iptm": 0.8243549466133118,
    "ligand_iptm": 0.8243549466133118,
    "protein_iptm": 0.0,
    "complex_plddt": 0.7168446779251099,
    "complex_iplddt": 0.4339182376861572,
    "complex_pde": 0.78847736120224,
    "complex_ipde": 2.631934404373169,
    "chains_ptm": {
        "0": 0.7420997023582458,
        "1": 0.8111057877540588
    },
    "pair_chains_iptm": {
        "0": {
            "0": 0.7420997023582458,
            "1": 0.33244240283966064
        },
        "1": {
            "0": 0.8243549466133118,
            "1": 0.8111057877540588
        }
    }
}