{
    "affinity_pred_value": -0.5952198505401611,
    "affinity_probability_binary": 0.5265271663665771,
    "affinity_pred_value1": -0.9522868394851685,
    "affinity_probability_binary1": 0.6352009773254395,
    "affinity_pred_value2": -0.2381528615951538,
    "affinity_probability_binary2": 0.4178534150123596
}