{
    "confidence_score": 0.74350506067276,
    "ptm": 0.883575975894928,
    "iptm": 0.936994731426239,
    "ligand_iptm": 0.936994731426239,
    "protein_iptm": 0.0,
    "complex_plddt": 0.6951326131820679,
    "complex_iplddt": 0.5499993562698364,
    "complex_pde": 0.5671417713165283,
    "complex_ipde": 1.2682138681411743,
    "chains_ptm": {
        "0": 0.87361741065979,
        "1": 0.8836251497268677
    },
    "pair_chains_iptm": {
        "0": {
            "0": 0.87361741065979,
            "1": 0.5601068735122681
        },
        "1": {
            "0": 0.936994731426239,
            "1": 0.8836251497268677
        }
    }
}