{
    "affinity_pred_value": -0.5461077690124512,
    "affinity_probability_binary": 0.43035268783569336,
    "affinity_pred_value1": -0.33419913053512573,
    "affinity_probability_binary1": 0.41228848695755005,
    "affinity_pred_value2": -0.7580163478851318,
    "affinity_probability_binary2": 0.44841688871383667
}