{
    "confidence_score": 0.6981629729270935,
    "ptm": 0.8756468892097473,
    "iptm": 0.8023353219032288,
    "ligand_iptm": 0.8023353219032288,
    "protein_iptm": 0.0,
    "complex_plddt": 0.6721199154853821,
    "complex_iplddt": 0.5098750591278076,
    "complex_pde": 0.7140375971794128,
    "complex_ipde": 2.1269476413726807,
    "chains_ptm": {
        "0": 0.8936432003974915,
        "1": 0.7558704018592834
    },
    "pair_chains_iptm": {
        "0": {
            "0": 0.8936432003974915,
            "1": 0.3051135540008545
        },
        "1": {
            "0": 0.8023353219032288,
            "1": 0.7558704018592834
        }
    }
}