{
    "affinity_pred_value": -0.8954174518585205,
    "affinity_probability_binary": 0.5041308999061584,
    "affinity_pred_value1": -0.39629483222961426,
    "affinity_probability_binary1": 0.3587706387042999,
    "affinity_pred_value2": -1.3945400714874268,
    "affinity_probability_binary2": 0.6494911313056946
}