{
    "confidence_score": 0.6601890325546265,
    "ptm": 0.8549515008926392,
    "iptm": 0.7502817511558533,
    "ligand_iptm": 0.7502817511558533,
    "protein_iptm": 0.0,
    "complex_plddt": 0.6376658082008362,
    "complex_iplddt": 0.39190828800201416,
    "complex_pde": 0.8256356120109558,
    "complex_ipde": 2.9143457412719727,
    "chains_ptm": {
        "0": 0.889125406742096,
        "1": 0.8459600210189819
    },
    "pair_chains_iptm": {
        "0": {
            "0": 0.889125406742096,
            "1": 0.3557644188404083
        },
        "1": {
            "0": 0.7502817511558533,
            "1": 0.8459600210189819
        }
    }
}