{
    "affinity_pred_value": -0.8464875817298889,
    "affinity_probability_binary": 0.48757922649383545,
    "affinity_pred_value1": -1.3750015497207642,
    "affinity_probability_binary1": 0.6479134559631348,
    "affinity_pred_value2": -0.3179735839366913,
    "affinity_probability_binary2": 0.3272450268268585
}