{
    "confidence_score": 0.9077086448669434,
    "ptm": 0.9379915595054626,
    "iptm": 0.9275058507919312,
    "ligand_iptm": 0.9275058507919312,
    "protein_iptm": 0.0,
    "complex_plddt": 0.9027593731880188,
    "complex_iplddt": 0.811068594455719,
    "complex_pde": 0.49875447154045105,
    "complex_ipde": 0.8597612977027893,
    "chains_ptm": {
        "0": 0.9402742981910706,
        "1": 0.8708980083465576
    },
    "pair_chains_iptm": {
        "0": {
            "0": 0.9402742981910706,
            "1": 0.5556093454360962
        },
        "1": {
            "0": 0.9275058507919312,
            "1": 0.8708980083465576
        }
    }
}