{
    "affinity_pred_value": 0.49038460850715637,
    "affinity_probability_binary": 0.3211645483970642,
    "affinity_pred_value1": 0.2261415719985962,
    "affinity_probability_binary1": 0.3302995562553406,
    "affinity_pred_value2": 0.7546276450157166,
    "affinity_probability_binary2": 0.31202954053878784
}