{
    "confidence_score": 0.9154821634292603,
    "ptm": 0.9061974883079529,
    "iptm": 0.9763717651367188,
    "ligand_iptm": 0.9763717651367188,
    "protein_iptm": 0.0,
    "complex_plddt": 0.9002597332000732,
    "complex_iplddt": 0.8893945813179016,
    "complex_pde": 0.4425221383571625,
    "complex_ipde": 0.6317174434661865,
    "chains_ptm": {
        "0": 0.8954769968986511,
        "1": 0.8396006226539612
    },
    "pair_chains_iptm": {
        "0": {
            "0": 0.8954769968986511,
            "1": 0.5527582168579102
        },
        "1": {
            "0": 0.9763717651367188,
            "1": 0.8396006226539612
        }
    }
}