{
    "affinity_pred_value": 0.6301937103271484,
    "affinity_probability_binary": 0.17061534523963928,
    "affinity_pred_value1": 0.8293654322624207,
    "affinity_probability_binary1": 0.1385664939880371,
    "affinity_pred_value2": 0.4310219883918762,
    "affinity_probability_binary2": 0.20266418159008026
}