{
    "confidence_score": 0.7378087639808655,
    "ptm": 0.9084528088569641,
    "iptm": 0.9109222292900085,
    "ligand_iptm": 0.9109222292900085,
    "protein_iptm": 0.0,
    "complex_plddt": 0.6945303678512573,
    "complex_iplddt": 0.6119147539138794,
    "complex_pde": 0.5069315433502197,
    "complex_ipde": 1.33894681930542,
    "chains_ptm": {
        "0": 0.909291684627533,
        "1": 0.8343473672866821
    },
    "pair_chains_iptm": {
        "0": {
            "0": 0.909291684627533,
            "1": 0.4770098924636841
        },
        "1": {
            "0": 0.9109222292900085,
            "1": 0.8343473672866821
        }
    }
}