{
    "affinity_pred_value": -0.12196887284517288,
    "affinity_probability_binary": 0.6735633015632629,
    "affinity_pred_value1": -0.196961909532547,
    "affinity_probability_binary1": 0.5794500708580017,
    "affinity_pred_value2": -0.04697583243250847,
    "affinity_probability_binary2": 0.7676765322685242
}