{
    "confidence_score": 0.9137365221977234,
    "ptm": 0.9381550550460815,
    "iptm": 0.9557496905326843,
    "ligand_iptm": 0.9557496905326843,
    "protein_iptm": 0.0,
    "complex_plddt": 0.9032332897186279,
    "complex_iplddt": 0.8494374752044678,
    "complex_pde": 0.4908409118652344,
    "complex_ipde": 0.75944983959198,
    "chains_ptm": {
        "0": 0.9347063899040222,
        "1": 0.8649494647979736
    },
    "pair_chains_iptm": {
        "0": {
            "0": 0.9347063899040222,
            "1": 0.6340706944465637
        },
        "1": {
            "0": 0.9557496905326843,
            "1": 0.8649494647979736
        }
    }
}