{
    "affinity_pred_value": -0.7679753303527832,
    "affinity_probability_binary": 0.8049020171165466,
    "affinity_pred_value1": -1.0757883787155151,
    "affinity_probability_binary1": 0.9198043346405029,
    "affinity_pred_value2": -0.46016234159469604,
    "affinity_probability_binary2": 0.6899996995925903
}