{
    "confidence_score": 0.9126554727554321,
    "ptm": 0.9525127410888672,
    "iptm": 0.9682979583740234,
    "ligand_iptm": 0.9682979583740234,
    "protein_iptm": 0.0,
    "complex_plddt": 0.8987448215484619,
    "complex_iplddt": 0.7923068404197693,
    "complex_pde": 0.4172104597091675,
    "complex_ipde": 0.5461326837539673,
    "chains_ptm": {
        "0": 0.9510366320610046,
        "1": 0.9029864072799683
    },
    "pair_chains_iptm": {
        "0": {
            "0": 0.9510366320610046,
            "1": 0.5958842635154724
        },
        "1": {
            "0": 0.9682979583740234,
            "1": 0.9029864072799683
        }
    }
}