{
    "affinity_pred_value": -1.3886290788650513,
    "affinity_probability_binary": 0.8864411115646362,
    "affinity_pred_value1": -1.892672061920166,
    "affinity_probability_binary1": 0.9461101293563843,
    "affinity_pred_value2": -0.8845861554145813,
    "affinity_probability_binary2": 0.826772153377533
}