{
    "confidence_score": 0.9556644558906555,
    "ptm": 0.9489129781723022,
    "iptm": 0.9853583574295044,
    "ligand_iptm": 0.9853583574295044,
    "protein_iptm": 0.0,
    "complex_plddt": 0.9482409358024597,
    "complex_iplddt": 0.9356465935707092,
    "complex_pde": 0.3901206851005554,
    "complex_ipde": 0.4403086006641388,
    "chains_ptm": {
        "0": 0.9445717930793762,
        "1": 0.9323944449424744
    },
    "pair_chains_iptm": {
        "0": {
            "0": 0.9445717930793762,
            "1": 0.6328256130218506
        },
        "1": {
            "0": 0.9853583574295044,
            "1": 0.9323944449424744
        }
    }
}