{
    "affinity_pred_value": 0.9989424347877502,
    "affinity_probability_binary": 0.2693280577659607,
    "affinity_pred_value1": 1.0170471668243408,
    "affinity_probability_binary1": 0.19837568700313568,
    "affinity_pred_value2": 0.9808377027511597,
    "affinity_probability_binary2": 0.3402804136276245
}