{
    "confidence_score": 0.9433227777481079,
    "ptm": 0.950363039970398,
    "iptm": 0.9760617613792419,
    "ligand_iptm": 0.9760617613792419,
    "protein_iptm": 0.0,
    "complex_plddt": 0.9351379871368408,
    "complex_iplddt": 0.9087845087051392,
    "complex_pde": 0.44251105189323425,
    "complex_ipde": 0.6554508805274963,
    "chains_ptm": {
        "0": 0.9466448426246643,
        "1": 0.850608229637146
    },
    "pair_chains_iptm": {
        "0": {
            "0": 0.9466448426246643,
            "1": 0.5474917888641357
        },
        "1": {
            "0": 0.9760617613792419,
            "1": 0.850608229637146
        }
    }
}