{
    "affinity_pred_value": -1.4178454875946045,
    "affinity_probability_binary": 0.5485361218452454,
    "affinity_pred_value1": -1.5093084573745728,
    "affinity_probability_binary1": 0.6056843400001526,
    "affinity_pred_value2": -1.3263826370239258,
    "affinity_probability_binary2": 0.4913879334926605
}