{
    "confidence_score": 0.7060748338699341,
    "ptm": 0.8251894116401672,
    "iptm": 0.903826117515564,
    "ligand_iptm": 0.903826117515564,
    "protein_iptm": 0.0,
    "complex_plddt": 0.6566369533538818,
    "complex_iplddt": 0.4584234654903412,
    "complex_pde": 0.6855673789978027,
    "complex_ipde": 1.7059910297393799,
    "chains_ptm": {
        "0": 0.8067666888237,
        "1": 0.8840187788009644
    },
    "pair_chains_iptm": {
        "0": {
            "0": 0.8067666888237,
            "1": 0.49970829486846924
        },
        "1": {
            "0": 0.903826117515564,
            "1": 0.8840187788009644
        }
    }
}