{
    "affinity_pred_value": -0.8599261045455933,
    "affinity_probability_binary": 0.452087938785553,
    "affinity_pred_value1": -0.9709527492523193,
    "affinity_probability_binary1": 0.5082880854606628,
    "affinity_pred_value2": -0.748899519443512,
    "affinity_probability_binary2": 0.3958878219127655
}