{
    "confidence_score": 0.7540159225463867,
    "ptm": 0.7758796811103821,
    "iptm": 0.9288233518600464,
    "ligand_iptm": 0.9288233518600464,
    "protein_iptm": 0.0,
    "complex_plddt": 0.7103140950202942,
    "complex_iplddt": 0.46344682574272156,
    "complex_pde": 0.6672763824462891,
    "complex_ipde": 1.5617769956588745,
    "chains_ptm": {
        "0": 0.7461861371994019,
        "1": 0.873541533946991
    },
    "pair_chains_iptm": {
        "0": {
            "0": 0.7461861371994019,
            "1": 0.42622965574264526
        },
        "1": {
            "0": 0.9288233518600464,
            "1": 0.873541533946991
        }
    }
}