{
    "affinity_pred_value": 0.25824761390686035,
    "affinity_probability_binary": 0.7045236825942993,
    "affinity_pred_value1": -0.8606922626495361,
    "affinity_probability_binary1": 0.8787479400634766,
    "affinity_pred_value2": 1.3771874904632568,
    "affinity_probability_binary2": 0.5302994847297668
}