{
    "confidence_score": 0.9276885390281677,
    "ptm": 0.9493842720985413,
    "iptm": 0.9648236036300659,
    "ligand_iptm": 0.9648236036300659,
    "protein_iptm": 0.0,
    "complex_plddt": 0.9184046983718872,
    "complex_iplddt": 0.8727917671203613,
    "complex_pde": 0.427805632352829,
    "complex_ipde": 0.5956478714942932,
    "chains_ptm": {
        "0": 0.947741687297821,
        "1": 0.9563494324684143
    },
    "pair_chains_iptm": {
        "0": {
            "0": 0.947741687297821,
            "1": 0.6479929685592651
        },
        "1": {
            "0": 0.9648236036300659,
            "1": 0.9563494324684143
        }
    }
}