{
    "affinity_pred_value": 0.9372642040252686,
    "affinity_probability_binary": 0.10945569723844528,
    "affinity_pred_value1": 1.1479318141937256,
    "affinity_probability_binary1": 0.05672529712319374,
    "affinity_pred_value2": 0.7265965342521667,
    "affinity_probability_binary2": 0.16218610107898712
}