{
    "confidence_score": 0.7414869666099548,
    "ptm": 0.8078256845474243,
    "iptm": 0.8128083944320679,
    "ligand_iptm": 0.8128083944320679,
    "protein_iptm": 0.0,
    "complex_plddt": 0.7236565351486206,
    "complex_iplddt": 0.6076735258102417,
    "complex_pde": 0.9520699381828308,
    "complex_ipde": 3.552110433578491,
    "chains_ptm": {
        "0": 0.8097788691520691,
        "1": 0.879119873046875
    },
    "pair_chains_iptm": {
        "0": {
            "0": 0.8097788691520691,
            "1": 0.3392764925956726
        },
        "1": {
            "0": 0.8128083944320679,
            "1": 0.879119873046875
        }
    }
}