{
    "affinity_pred_value": 1.241226077079773,
    "affinity_probability_binary": 0.2686159610748291,
    "affinity_pred_value1": 1.4517266750335693,
    "affinity_probability_binary1": 0.21640045940876007,
    "affinity_pred_value2": 1.0307254791259766,
    "affinity_probability_binary2": 0.32083144783973694
}