{
    "confidence_score": 0.9330942034721375,
    "ptm": 0.9512544870376587,
    "iptm": 0.9446967840194702,
    "ligand_iptm": 0.9446967840194702,
    "protein_iptm": 0.0,
    "complex_plddt": 0.9301935434341431,
    "complex_iplddt": 0.8703541159629822,
    "complex_pde": 0.47712236642837524,
    "complex_ipde": 0.8267056345939636,
    "chains_ptm": {
        "0": 0.9522709846496582,
        "1": 0.8147786855697632
    },
    "pair_chains_iptm": {
        "0": {
            "0": 0.9522709846496582,
            "1": 0.4538668096065521
        },
        "1": {
            "0": 0.9446967840194702,
            "1": 0.8147786855697632
        }
    }
}