{
    "affinity_pred_value": -0.35033711791038513,
    "affinity_probability_binary": 0.390780508518219,
    "affinity_pred_value1": -0.10024803876876831,
    "affinity_probability_binary1": 0.394843190908432,
    "affinity_pred_value2": -0.600426197052002,
    "affinity_probability_binary2": 0.3867177963256836
}