{
    "confidence_score": 0.7036236524581909,
    "ptm": 0.8229603171348572,
    "iptm": 0.8483725190162659,
    "ligand_iptm": 0.8483725190162659,
    "protein_iptm": 0.0,
    "complex_plddt": 0.667436420917511,
    "complex_iplddt": 0.4918367564678192,
    "complex_pde": 0.7271814346313477,
    "complex_ipde": 1.704118013381958,
    "chains_ptm": {
        "0": 0.8192843198776245,
        "1": 0.8764681220054626
    },
    "pair_chains_iptm": {
        "0": {
            "0": 0.8192843198776245,
            "1": 0.439812034368515
        },
        "1": {
            "0": 0.8483725190162659,
            "1": 0.8764681220054626
        }
    }
}