{
    "affinity_pred_value": -0.1345539689064026,
    "affinity_probability_binary": 0.6756631731987,
    "affinity_pred_value1": -0.44990572333335876,
    "affinity_probability_binary1": 0.7092220783233643,
    "affinity_pred_value2": 0.1807977855205536,
    "affinity_probability_binary2": 0.6421042680740356
}