{
    "confidence_score": 0.932701587677002,
    "ptm": 0.9394122958183289,
    "iptm": 0.9735159873962402,
    "ligand_iptm": 0.9735159873962402,
    "protein_iptm": 0.0,
    "complex_plddt": 0.9224979877471924,
    "complex_iplddt": 0.8808122277259827,
    "complex_pde": 0.45382481813430786,
    "complex_ipde": 0.6394538879394531,
    "chains_ptm": {
        "0": 0.9343953132629395,
        "1": 0.8449054956436157
    },
    "pair_chains_iptm": {
        "0": {
            "0": 0.9343953132629395,
            "1": 0.606143593788147
        },
        "1": {
            "0": 0.9735159873962402,
            "1": 0.8449054956436157
        }
    }
}