{
    "affinity_pred_value": 1.0691652297973633,
    "affinity_probability_binary": 0.38931697607040405,
    "affinity_pred_value1": 1.1979397535324097,
    "affinity_probability_binary1": 0.394027978181839,
    "affinity_pred_value2": 0.9403907656669617,
    "affinity_probability_binary2": 0.38460594415664673
}