{
    "confidence_score": 0.9009663462638855,
    "ptm": 0.8982802033424377,
    "iptm": 0.9768260717391968,
    "ligand_iptm": 0.9768260717391968,
    "protein_iptm": 0.0,
    "complex_plddt": 0.8820014595985413,
    "complex_iplddt": 0.8889405131340027,
    "complex_pde": 0.4795244634151459,
    "complex_ipde": 0.6495930552482605,
    "chains_ptm": {
        "0": 0.8869343996047974,
        "1": 0.8358678221702576
    },
    "pair_chains_iptm": {
        "0": {
            "0": 0.8869343996047974,
            "1": 0.5001480579376221
        },
        "1": {
            "0": 0.9768260717391968,
            "1": 0.8358678221702576
        }
    }
}