{
    "affinity_pred_value": 1.0865776538848877,
    "affinity_probability_binary": 0.4484829902648926,
    "affinity_pred_value1": 1.0126703977584839,
    "affinity_probability_binary1": 0.4519188404083252,
    "affinity_pred_value2": 1.160485029220581,
    "affinity_probability_binary2": 0.44504714012145996
}