{
    "confidence_score": 0.9382244348526001,
    "ptm": 0.9631209969520569,
    "iptm": 0.9819784164428711,
    "ligand_iptm": 0.9819784164428711,
    "protein_iptm": 0.0,
    "complex_plddt": 0.9272859692573547,
    "complex_iplddt": 0.8979582786560059,
    "complex_pde": 0.3824448883533478,
    "complex_ipde": 0.547999382019043,
    "chains_ptm": {
        "0": 0.9603123068809509,
        "1": 0.8877610564231873
    },
    "pair_chains_iptm": {
        "0": {
            "0": 0.9603123068809509,
            "1": 0.5954824090003967
        },
        "1": {
            "0": 0.9819784164428711,
            "1": 0.8877610564231873
        }
    }
}