{
    "affinity_pred_value": -1.1818828582763672,
    "affinity_probability_binary": 0.2602298855781555,
    "affinity_pred_value1": -0.7081149816513062,
    "affinity_probability_binary1": 0.1561003029346466,
    "affinity_pred_value2": -1.6556508541107178,
    "affinity_probability_binary2": 0.3643594980239868
}