{
    "confidence_score": 0.7321915030479431,
    "ptm": 0.9176934957504272,
    "iptm": 0.9063422679901123,
    "ligand_iptm": 0.9063422679901123,
    "protein_iptm": 0.0,
    "complex_plddt": 0.688653826713562,
    "complex_iplddt": 0.5035913586616516,
    "complex_pde": 0.46126851439476013,
    "complex_ipde": 1.20097815990448,
    "chains_ptm": {
        "0": 0.9206337928771973,
        "1": 0.8292666077613831
    },
    "pair_chains_iptm": {
        "0": {
            "0": 0.9206337928771973,
            "1": 0.4958816468715668
        },
        "1": {
            "0": 0.9063422679901123,
            "1": 0.8292666077613831
        }
    }
}