{
    "affinity_pred_value": 0.334750235080719,
    "affinity_probability_binary": 0.3850686252117157,
    "affinity_pred_value1": -0.18453577160835266,
    "affinity_probability_binary1": 0.1767723560333252,
    "affinity_pred_value2": 0.854036271572113,
    "affinity_probability_binary2": 0.5933648943901062
}