{
    "confidence_score": 0.9254150390625,
    "ptm": 0.948477029800415,
    "iptm": 0.9567410945892334,
    "ligand_iptm": 0.9567410945892334,
    "protein_iptm": 0.0,
    "complex_plddt": 0.9175834655761719,
    "complex_iplddt": 0.8617444634437561,
    "complex_pde": 0.4574131965637207,
    "complex_ipde": 0.6586629748344421,
    "chains_ptm": {
        "0": 0.9474586844444275,
        "1": 0.8487491607666016
    },
    "pair_chains_iptm": {
        "0": {
            "0": 0.9474586844444275,
            "1": 0.6048641204833984
        },
        "1": {
            "0": 0.9567410945892334,
            "1": 0.8487491607666016
        }
    }
}