{
    "affinity_pred_value": -0.46891456842422485,
    "affinity_probability_binary": 0.8951766490936279,
    "affinity_pred_value1": -0.49871712923049927,
    "affinity_probability_binary1": 0.9416952133178711,
    "affinity_pred_value2": -0.43911197781562805,
    "affinity_probability_binary2": 0.84865802526474
}