{
    "confidence_score": 0.9393580555915833,
    "ptm": 0.9526653289794922,
    "iptm": 0.9700006246566772,
    "ligand_iptm": 0.9700006246566772,
    "protein_iptm": 0.0,
    "complex_plddt": 0.931697428226471,
    "complex_iplddt": 0.8779652118682861,
    "complex_pde": 0.41541150212287903,
    "complex_ipde": 0.5710552334785461,
    "chains_ptm": {
        "0": 0.9502308368682861,
        "1": 0.8728957772254944
    },
    "pair_chains_iptm": {
        "0": {
            "0": 0.9502308368682861,
            "1": 0.5216521620750427
        },
        "1": {
            "0": 0.9700006246566772,
            "1": 0.8728957772254944
        }
    }
}