{
    "affinity_pred_value": 0.1404152512550354,
    "affinity_probability_binary": 0.1409788727760315,
    "affinity_pred_value1": 0.7094331383705139,
    "affinity_probability_binary1": 0.116164930164814,
    "affinity_pred_value2": -0.4286026358604431,
    "affinity_probability_binary2": 0.1657928079366684
}