{
    "confidence_score": 0.7430652976036072,
    "ptm": 0.8997489213943481,
    "iptm": 0.8761094212532043,
    "ligand_iptm": 0.8761094212532043,
    "protein_iptm": 0.0,
    "complex_plddt": 0.7098042964935303,
    "complex_iplddt": 0.6509302854537964,
    "complex_pde": 0.5428181290626526,
    "complex_ipde": 1.517741084098816,
    "chains_ptm": {
        "0": 0.9063286185264587,
        "1": 0.8481745719909668
    },
    "pair_chains_iptm": {
        "0": {
            "0": 0.9063286185264587,
            "1": 0.4419325590133667
        },
        "1": {
            "0": 0.8761094212532043,
            "1": 0.8481745719909668
        }
    }
}