{
    "affinity_pred_value": 0.700616180896759,
    "affinity_probability_binary": 0.18250054121017456,
    "affinity_pred_value1": 1.2027033567428589,
    "affinity_probability_binary1": 0.10095208883285522,
    "affinity_pred_value2": 0.19852899014949799,
    "affinity_probability_binary2": 0.2640489935874939
}