{
    "confidence_score": 0.820168137550354,
    "ptm": 0.7709385752677917,
    "iptm": 0.8215951323509216,
    "ligand_iptm": 0.8215951323509216,
    "protein_iptm": 0.0,
    "complex_plddt": 0.8198113441467285,
    "complex_iplddt": 0.700079083442688,
    "complex_pde": 0.6623498797416687,
    "complex_ipde": 2.4055991172790527,
    "chains_ptm": {
        "0": 0.7662969827651978,
        "1": 0.8867833614349365
    },
    "pair_chains_iptm": {
        "0": {
            "0": 0.7662969827651978,
            "1": 0.2873665988445282
        },
        "1": {
            "0": 0.8215951323509216,
            "1": 0.8867833614349365
        }
    }
}