{
    "affinity_pred_value": 0.34520888328552246,
    "affinity_probability_binary": 0.23626556992530823,
    "affinity_pred_value1": 0.4535695016384125,
    "affinity_probability_binary1": 0.21812571585178375,
    "affinity_pred_value2": 0.23684826493263245,
    "affinity_probability_binary2": 0.2544054090976715
}