{
    "confidence_score": 0.7135249376296997,
    "ptm": 0.9362452030181885,
    "iptm": 0.8914751410484314,
    "ligand_iptm": 0.8914751410484314,
    "protein_iptm": 0.0,
    "complex_plddt": 0.6690373420715332,
    "complex_iplddt": 0.5097625851631165,
    "complex_pde": 0.43602991104125977,
    "complex_ipde": 1.195885419845581,
    "chains_ptm": {
        "0": 0.9466270804405212,
        "1": 0.8612743616104126
    },
    "pair_chains_iptm": {
        "0": {
            "0": 0.9466270804405212,
            "1": 0.5139355659484863
        },
        "1": {
            "0": 0.8914751410484314,
            "1": 0.8612743616104126
        }
    }
}