{
    "affinity_pred_value": -0.21639549732208252,
    "affinity_probability_binary": 0.4205779433250427,
    "affinity_pred_value1": -0.48016220331192017,
    "affinity_probability_binary1": 0.5017932057380676,
    "affinity_pred_value2": 0.047371216118335724,
    "affinity_probability_binary2": 0.33936265110969543
}