{
    "confidence_score": 0.723312258720398,
    "ptm": 0.9275906085968018,
    "iptm": 0.9034375548362732,
    "ligand_iptm": 0.9034375548362732,
    "protein_iptm": 0.0,
    "complex_plddt": 0.6782808899879456,
    "complex_iplddt": 0.549892783164978,
    "complex_pde": 0.4739927053451538,
    "complex_ipde": 1.1905999183654785,
    "chains_ptm": {
        "0": 0.9346615076065063,
        "1": 0.918205976486206
    },
    "pair_chains_iptm": {
        "0": {
            "0": 0.9346615076065063,
            "1": 0.5906270146369934
        },
        "1": {
            "0": 0.9034375548362732,
            "1": 0.918205976486206
        }
    }
}