{
    "affinity_pred_value": 0.632565975189209,
    "affinity_probability_binary": 0.10964220017194748,
    "affinity_pred_value1": 1.146605134010315,
    "affinity_probability_binary1": 0.06347838044166565,
    "affinity_pred_value2": 0.11852677166461945,
    "affinity_probability_binary2": 0.1558060199022293
}