{
    "confidence_score": 0.7532336115837097,
    "ptm": 0.8149113059043884,
    "iptm": 0.8510618805885315,
    "ligand_iptm": 0.8510618805885315,
    "protein_iptm": 0.0,
    "complex_plddt": 0.7287765741348267,
    "complex_iplddt": 0.6080389618873596,
    "complex_pde": 0.9260220527648926,
    "complex_ipde": 3.1564102172851562,
    "chains_ptm": {
        "0": 0.8106328248977661,
        "1": 0.8638967275619507
    },
    "pair_chains_iptm": {
        "0": {
            "0": 0.8106328248977661,
            "1": 0.3784714937210083
        },
        "1": {
            "0": 0.8510618805885315,
            "1": 0.8638967275619507
        }
    }
}