{
    "affinity_pred_value": -0.9083454608917236,
    "affinity_probability_binary": 0.9259084463119507,
    "affinity_pred_value1": -1.2754155397415161,
    "affinity_probability_binary1": 0.9314283132553101,
    "affinity_pred_value2": -0.5412754416465759,
    "affinity_probability_binary2": 0.9203885197639465
}