{
    "confidence_score": 0.9468478560447693,
    "ptm": 0.9530373811721802,
    "iptm": 0.9792055487632751,
    "ligand_iptm": 0.9792055487632751,
    "protein_iptm": 0.0,
    "complex_plddt": 0.938758373260498,
    "complex_iplddt": 0.9060199856758118,
    "complex_pde": 0.39599737524986267,
    "complex_ipde": 0.5064849257469177,
    "chains_ptm": {
        "0": 0.9490285515785217,
        "1": 0.9501110911369324
    },
    "pair_chains_iptm": {
        "0": {
            "0": 0.9490285515785217,
            "1": 0.7485235929489136
        },
        "1": {
            "0": 0.9792055487632751,
            "1": 0.9501110911369324
        }
    }
}