{
    "affinity_pred_value": 0.9491258263587952,
    "affinity_probability_binary": 0.15774919092655182,
    "affinity_pred_value1": 1.423560619354248,
    "affinity_probability_binary1": 0.12326786667108536,
    "affinity_pred_value2": 0.4746910333633423,
    "affinity_probability_binary2": 0.19223050773143768
}