{
    "confidence_score": 0.8302340507507324,
    "ptm": 0.771163821220398,
    "iptm": 0.9242304563522339,
    "ligand_iptm": 0.9242304563522339,
    "protein_iptm": 0.0,
    "complex_plddt": 0.8067349195480347,
    "complex_iplddt": 0.7504972219467163,
    "complex_pde": 0.658389687538147,
    "complex_ipde": 1.8709628582000732,
    "chains_ptm": {
        "0": 0.7499557733535767,
        "1": 0.9093259572982788
    },
    "pair_chains_iptm": {
        "0": {
            "0": 0.7499557733535767,
            "1": 0.4071098864078522
        },
        "1": {
            "0": 0.9242304563522339,
            "1": 0.9093259572982788
        }
    }
}