{
    "affinity_pred_value": -1.3682563304901123,
    "affinity_probability_binary": 0.8039767742156982,
    "affinity_pred_value1": -1.2414823770523071,
    "affinity_probability_binary1": 0.907101035118103,
    "affinity_pred_value2": -1.495030164718628,
    "affinity_probability_binary2": 0.7008524537086487
}