{
    "confidence_score": 0.9167091250419617,
    "ptm": 0.9340530037879944,
    "iptm": 0.9565461277961731,
    "ligand_iptm": 0.9565461277961731,
    "protein_iptm": 0.0,
    "complex_plddt": 0.9067498445510864,
    "complex_iplddt": 0.8640252351760864,
    "complex_pde": 0.5107994079589844,
    "complex_ipde": 0.797918975353241,
    "chains_ptm": {
        "0": 0.9292672276496887,
        "1": 0.9340250492095947
    },
    "pair_chains_iptm": {
        "0": {
            "0": 0.9292672276496887,
            "1": 0.7184174656867981
        },
        "1": {
            "0": 0.9565461277961731,
            "1": 0.9340250492095947
        }
    }
}