{
    "affinity_pred_value": -1.8938148021697998,
    "affinity_probability_binary": 0.9255231022834778,
    "affinity_pred_value1": -2.0054078102111816,
    "affinity_probability_binary1": 0.9042084217071533,
    "affinity_pred_value2": -1.7822219133377075,
    "affinity_probability_binary2": 0.9468377828598022
}