{
    "confidence_score": 0.9493841528892517,
    "ptm": 0.9552106857299805,
    "iptm": 0.9844040870666504,
    "ligand_iptm": 0.9844040870666504,
    "protein_iptm": 0.0,
    "complex_plddt": 0.9406290650367737,
    "complex_iplddt": 0.9162906408309937,
    "complex_pde": 0.3865731656551361,
    "complex_ipde": 0.47705045342445374,
    "chains_ptm": {
        "0": 0.95086270570755,
        "1": 0.9062462449073792
    },
    "pair_chains_iptm": {
        "0": {
            "0": 0.95086270570755,
            "1": 0.6214175224304199
        },
        "1": {
            "0": 0.9844040870666504,
            "1": 0.9062462449073792
        }
    }
}