{
    "affinity_pred_value": -1.449223518371582,
    "affinity_probability_binary": 0.6266207695007324,
    "affinity_pred_value1": -1.286242961883545,
    "affinity_probability_binary1": 0.7043263912200928,
    "affinity_pred_value2": -1.6122041940689087,
    "affinity_probability_binary2": 0.5489152073860168
}