{
    "confidence_score": 0.6264692544937134,
    "ptm": 0.8601961135864258,
    "iptm": 0.6304681897163391,
    "ligand_iptm": 0.6304681897163391,
    "protein_iptm": 0.0,
    "complex_plddt": 0.6254695057868958,
    "complex_iplddt": 0.2869981825351715,
    "complex_pde": 0.732627809047699,
    "complex_ipde": 3.032839059829712,
    "chains_ptm": {
        "0": 0.9330040812492371,
        "1": 0.788041353225708
    },
    "pair_chains_iptm": {
        "0": {
            "0": 0.9330040812492371,
            "1": 0.27585163712501526
        },
        "1": {
            "0": 0.6304681897163391,
            "1": 0.788041353225708
        }
    }
}