{
    "affinity_pred_value": -0.722195029258728,
    "affinity_probability_binary": 0.5517868399620056,
    "affinity_pred_value1": -1.112068772315979,
    "affinity_probability_binary1": 0.6773194074630737,
    "affinity_pred_value2": -0.3323213458061218,
    "affinity_probability_binary2": 0.4262542724609375
}