{
    "confidence_score": 0.9277129173278809,
    "ptm": 0.9511705636978149,
    "iptm": 0.955600917339325,
    "ligand_iptm": 0.955600917339325,
    "protein_iptm": 0.0,
    "complex_plddt": 0.9207409024238586,
    "complex_iplddt": 0.8701573610305786,
    "complex_pde": 0.44171005487442017,
    "complex_ipde": 0.7317421436309814,
    "chains_ptm": {
        "0": 0.9505788087844849,
        "1": 0.9164831042289734
    },
    "pair_chains_iptm": {
        "0": {
            "0": 0.9505788087844849,
            "1": 0.6365940570831299
        },
        "1": {
            "0": 0.955600917339325,
            "1": 0.9164831042289734
        }
    }
}