{
    "affinity_pred_value": 1.116330862045288,
    "affinity_probability_binary": 0.09537377208471298,
    "affinity_pred_value1": 1.0066075325012207,
    "affinity_probability_binary1": 0.07697536796331406,
    "affinity_pred_value2": 1.226054072380066,
    "affinity_probability_binary2": 0.11377217620611191
}