{
    "confidence_score": 0.7851865291595459,
    "ptm": 0.7416908740997314,
    "iptm": 0.871817409992218,
    "ligand_iptm": 0.871817409992218,
    "protein_iptm": 0.0,
    "complex_plddt": 0.7635288238525391,
    "complex_iplddt": 0.5960682034492493,
    "complex_pde": 0.9004340171813965,
    "complex_ipde": 2.811500072479248,
    "chains_ptm": {
        "0": 0.7202231287956238,
        "1": 0.805106520652771
    },
    "pair_chains_iptm": {
        "0": {
            "0": 0.7202231287956238,
            "1": 0.30254581570625305
        },
        "1": {
            "0": 0.871817409992218,
            "1": 0.805106520652771
        }
    }
}