{
    "affinity_pred_value": -0.0927439033985138,
    "affinity_probability_binary": 0.17977944016456604,
    "affinity_pred_value1": 0.06560352444648743,
    "affinity_probability_binary1": 0.13260267674922943,
    "affinity_pred_value2": -0.251091331243515,
    "affinity_probability_binary2": 0.22695620357990265
}