{
    "confidence_score": 0.668353796005249,
    "ptm": 0.8286933302879333,
    "iptm": 0.7819586396217346,
    "ligand_iptm": 0.7819586396217346,
    "protein_iptm": 0.0,
    "complex_plddt": 0.6399526000022888,
    "complex_iplddt": 0.43673333525657654,
    "complex_pde": 0.8159860968589783,
    "complex_ipde": 2.2931928634643555,
    "chains_ptm": {
        "0": 0.8383114337921143,
        "1": 0.855951189994812
    },
    "pair_chains_iptm": {
        "0": {
            "0": 0.8383114337921143,
            "1": 0.41569074988365173
        },
        "1": {
            "0": 0.7819586396217346,
            "1": 0.855951189994812
        }
    }
}