{
    "affinity_pred_value": -0.18926870822906494,
    "affinity_probability_binary": 0.4161091446876526,
    "affinity_pred_value1": 0.49019700288772583,
    "affinity_probability_binary1": 0.4235934019088745,
    "affinity_pred_value2": -0.8687344193458557,
    "affinity_probability_binary2": 0.40862491726875305
}