{
    "confidence_score": 0.705167293548584,
    "ptm": 0.9318989515304565,
    "iptm": 0.9355171918869019,
    "ligand_iptm": 0.9355171918869019,
    "protein_iptm": 0.0,
    "complex_plddt": 0.6475798487663269,
    "complex_iplddt": 0.4746323227882385,
    "complex_pde": 0.4312661290168762,
    "complex_ipde": 0.8302510380744934,
    "chains_ptm": {
        "0": 0.9329500198364258,
        "1": 0.9237556457519531
    },
    "pair_chains_iptm": {
        "0": {
            "0": 0.9329500198364258,
            "1": 0.6384727358818054
        },
        "1": {
            "0": 0.9355171918869019,
            "1": 0.9237556457519531
        }
    }
}