{
    "affinity_pred_value": -0.3701446056365967,
    "affinity_probability_binary": 0.2955787777900696,
    "affinity_pred_value1": -0.45868679881095886,
    "affinity_probability_binary1": 0.3661413788795471,
    "affinity_pred_value2": -0.2816023826599121,
    "affinity_probability_binary2": 0.22501620650291443
}