{
    "confidence_score": 0.7253344655036926,
    "ptm": 0.7480787038803101,
    "iptm": 0.7767799496650696,
    "ligand_iptm": 0.7767799496650696,
    "protein_iptm": 0.0,
    "complex_plddt": 0.7124730944633484,
    "complex_iplddt": 0.6107723712921143,
    "complex_pde": 1.099184274673462,
    "complex_ipde": 3.2525572776794434,
    "chains_ptm": {
        "0": 0.7436240315437317,
        "1": 0.8128955960273743
    },
    "pair_chains_iptm": {
        "0": {
            "0": 0.7436240315437317,
            "1": 0.3954496681690216
        },
        "1": {
            "0": 0.7767799496650696,
            "1": 0.8128955960273743
        }
    }
}