{
    "affinity_pred_value": 0.07477651536464691,
    "affinity_probability_binary": 0.40274277329444885,
    "affinity_pred_value1": 0.4779171347618103,
    "affinity_probability_binary1": 0.3777112066745758,
    "affinity_pred_value2": -0.3283641040325165,
    "affinity_probability_binary2": 0.4277743399143219
}