{
    "confidence_score": 0.7262908816337585,
    "ptm": 0.9126548767089844,
    "iptm": 0.8478817939758301,
    "ligand_iptm": 0.8478817939758301,
    "protein_iptm": 0.0,
    "complex_plddt": 0.6958931684494019,
    "complex_iplddt": 0.6194063425064087,
    "complex_pde": 0.5784162282943726,
    "complex_ipde": 2.062621593475342,
    "chains_ptm": {
        "0": 0.9233910441398621,
        "1": 0.9258336424827576
    },
    "pair_chains_iptm": {
        "0": {
            "0": 0.9233910441398621,
            "1": 0.4805753827095032
        },
        "1": {
            "0": 0.8478817939758301,
            "1": 0.9258336424827576
        }
    }
}