{
    "affinity_pred_value": -0.06252343952655792,
    "affinity_probability_binary": 0.48572462797164917,
    "affinity_pred_value1": -0.3695710301399231,
    "affinity_probability_binary1": 0.5884263515472412,
    "affinity_pred_value2": 0.24452415108680725,
    "affinity_probability_binary2": 0.38302287459373474
}