{
    "confidence_score": 0.9164270758628845,
    "ptm": 0.9309988617897034,
    "iptm": 0.9655318260192871,
    "ligand_iptm": 0.9655318260192871,
    "protein_iptm": 0.0,
    "complex_plddt": 0.9041507840156555,
    "complex_iplddt": 0.8723748326301575,
    "complex_pde": 0.48014122247695923,
    "complex_ipde": 0.6046412587165833,
    "chains_ptm": {
        "0": 0.9262962937355042,
        "1": 0.8281572461128235
    },
    "pair_chains_iptm": {
        "0": {
            "0": 0.9262962937355042,
            "1": 0.4821857511997223
        },
        "1": {
            "0": 0.9655318260192871,
            "1": 0.8281572461128235
        }
    }
}