{
    "affinity_pred_value": 0.6322029829025269,
    "affinity_probability_binary": 0.23477834463119507,
    "affinity_pred_value1": 0.7579357028007507,
    "affinity_probability_binary1": 0.26296091079711914,
    "affinity_pred_value2": 0.506470263004303,
    "affinity_probability_binary2": 0.2065957933664322
}