{
    "confidence_score": 0.7065575122833252,
    "ptm": 0.9357433915138245,
    "iptm": 0.7976211905479431,
    "ligand_iptm": 0.7976211905479431,
    "protein_iptm": 0.0,
    "complex_plddt": 0.6837915778160095,
    "complex_iplddt": 0.5334721207618713,
    "complex_pde": 0.5692951083183289,
    "complex_ipde": 2.175607442855835,
    "chains_ptm": {
        "0": 0.9604818820953369,
        "1": 0.877936840057373
    },
    "pair_chains_iptm": {
        "0": {
            "0": 0.9604818820953369,
            "1": 0.46485796570777893
        },
        "1": {
            "0": 0.7976211905479431,
            "1": 0.877936840057373
        }
    }
}