{
    "affinity_pred_value": 0.0015898346900939941,
    "affinity_probability_binary": 0.25303518772125244,
    "affinity_pred_value1": 0.42436325550079346,
    "affinity_probability_binary1": 0.1798744797706604,
    "affinity_pred_value2": -0.42118358612060547,
    "affinity_probability_binary2": 0.3261958658695221
}