{
    "confidence_score": 0.7237122058868408,
    "ptm": 0.8586892485618591,
    "iptm": 0.8747811913490295,
    "ligand_iptm": 0.8747811913490295,
    "protein_iptm": 0.0,
    "complex_plddt": 0.6859449744224548,
    "complex_iplddt": 0.5610785484313965,
    "complex_pde": 0.6626136302947998,
    "complex_ipde": 1.98313570022583,
    "chains_ptm": {
        "0": 0.858234167098999,
        "1": 0.9091864228248596
    },
    "pair_chains_iptm": {
        "0": {
            "0": 0.858234167098999,
            "1": 0.49655869603157043
        },
        "1": {
            "0": 0.8747811913490295,
            "1": 0.9091864228248596
        }
    }
}