{
    "affinity_pred_value": 0.5192807912826538,
    "affinity_probability_binary": 0.15580196678638458,
    "affinity_pred_value1": 0.4633338749408722,
    "affinity_probability_binary1": 0.17743051052093506,
    "affinity_pred_value2": 0.575227677822113,
    "affinity_probability_binary2": 0.1341734230518341
}