{
    "confidence_score": 0.7341616749763489,
    "ptm": 0.8684918880462646,
    "iptm": 0.8526378273963928,
    "ligand_iptm": 0.8526378273963928,
    "protein_iptm": 0.0,
    "complex_plddt": 0.7045426368713379,
    "complex_iplddt": 0.5780740976333618,
    "complex_pde": 0.6405842900276184,
    "complex_ipde": 2.0959436893463135,
    "chains_ptm": {
        "0": 0.8715628385543823,
        "1": 0.8276345729827881
    },
    "pair_chains_iptm": {
        "0": {
            "0": 0.8715628385543823,
            "1": 0.357258677482605
        },
        "1": {
            "0": 0.8526378273963928,
            "1": 0.8276345729827881
        }
    }
}