{
    "affinity_pred_value": 0.26051926612854004,
    "affinity_probability_binary": 0.30230844020843506,
    "affinity_pred_value1": 0.25033217668533325,
    "affinity_probability_binary1": 0.3553735911846161,
    "affinity_pred_value2": 0.27070632576942444,
    "affinity_probability_binary2": 0.24924331903457642
}