{
    "confidence_score": 0.8262591361999512,
    "ptm": 0.8075059652328491,
    "iptm": 0.9429094791412354,
    "ligand_iptm": 0.9429094791412354,
    "protein_iptm": 0.0,
    "complex_plddt": 0.7970965504646301,
    "complex_iplddt": 0.725135087966919,
    "complex_pde": 0.5203988552093506,
    "complex_ipde": 1.3094594478607178,
    "chains_ptm": {
        "0": 0.7854824662208557,
        "1": 0.9263983368873596
    },
    "pair_chains_iptm": {
        "0": {
            "0": 0.7854824662208557,
            "1": 0.5336806774139404
        },
        "1": {
            "0": 0.9429094791412354,
            "1": 0.9263983368873596
        }
    }
}