{
    "affinity_pred_value": -0.11008808016777039,
    "affinity_probability_binary": 0.2955033779144287,
    "affinity_pred_value1": -0.2691737115383148,
    "affinity_probability_binary1": 0.28576111793518066,
    "affinity_pred_value2": 0.048997558653354645,
    "affinity_probability_binary2": 0.30524560809135437
}