{
    "confidence_score": 0.799909770488739,
    "ptm": 0.7524240016937256,
    "iptm": 0.8334261775016785,
    "ligand_iptm": 0.8334261775016785,
    "protein_iptm": 0.0,
    "complex_plddt": 0.7915306687355042,
    "complex_iplddt": 0.646557092666626,
    "complex_pde": 0.8246595859527588,
    "complex_ipde": 2.939763307571411,
    "chains_ptm": {
        "0": 0.7418932914733887,
        "1": 0.8226272463798523
    },
    "pair_chains_iptm": {
        "0": {
            "0": 0.7418932914733887,
            "1": 0.31343430280685425
        },
        "1": {
            "0": 0.8334261775016785,
            "1": 0.8226272463798523
        }
    }
}