{
    "affinity_pred_value": -1.4209446907043457,
    "affinity_probability_binary": 0.6993498802185059,
    "affinity_pred_value1": -1.7918404340744019,
    "affinity_probability_binary1": 0.8043650388717651,
    "affinity_pred_value2": -1.050049066543579,
    "affinity_probability_binary2": 0.5943347215652466
}