{
    "confidence_score": 0.8783183097839355,
    "ptm": 0.9224057197570801,
    "iptm": 0.8878569602966309,
    "ligand_iptm": 0.8878569602966309,
    "protein_iptm": 0.0,
    "complex_plddt": 0.8759336471557617,
    "complex_iplddt": 0.7542279362678528,
    "complex_pde": 0.5608158111572266,
    "complex_ipde": 1.16965913772583,
    "chains_ptm": {
        "0": 0.9327449202537537,
        "1": 0.776959240436554
    },
    "pair_chains_iptm": {
        "0": {
            "0": 0.9327449202537537,
            "1": 0.679563045501709
        },
        "1": {
            "0": 0.8878569602966309,
            "1": 0.776959240436554
        }
    }
}