{
    "affinity_pred_value": 0.39237040281295776,
    "affinity_probability_binary": 0.09292230755090714,
    "affinity_pred_value1": 0.12533879280090332,
    "affinity_probability_binary1": 0.1230265274643898,
    "affinity_pred_value2": 0.6594020128250122,
    "affinity_probability_binary2": 0.06281808763742447
}