{
    "confidence_score": 0.714748203754425,
    "ptm": 0.8149782419204712,
    "iptm": 0.7927343249320984,
    "ligand_iptm": 0.7927343249320984,
    "protein_iptm": 0.0,
    "complex_plddt": 0.6952516436576843,
    "complex_iplddt": 0.523819088935852,
    "complex_pde": 0.8750677704811096,
    "complex_ipde": 2.805913209915161,
    "chains_ptm": {
        "0": 0.820868194103241,
        "1": 0.8838133811950684
    },
    "pair_chains_iptm": {
        "0": {
            "0": 0.820868194103241,
            "1": 0.3718901574611664
        },
        "1": {
            "0": 0.7927343249320984,
            "1": 0.8838133811950684
        }
    }
}