{
    "affinity_pred_value": 0.004844727925956249,
    "affinity_probability_binary": 0.3865622878074646,
    "affinity_pred_value1": -0.0010225996375083923,
    "affinity_probability_binary1": 0.4204869270324707,
    "affinity_pred_value2": 0.01071205548942089,
    "affinity_probability_binary2": 0.3526376485824585
}