{
    "confidence_score": 0.7162788510322571,
    "ptm": 0.8798250555992126,
    "iptm": 0.8974334001541138,
    "ligand_iptm": 0.8974334001541138,
    "protein_iptm": 0.0,
    "complex_plddt": 0.6709901690483093,
    "complex_iplddt": 0.5024399161338806,
    "complex_pde": 0.6000651121139526,
    "complex_ipde": 1.4765490293502808,
    "chains_ptm": {
        "0": 0.8771690726280212,
        "1": 0.8490742444992065
    },
    "pair_chains_iptm": {
        "0": {
            "0": 0.8771690726280212,
            "1": 0.600477397441864
        },
        "1": {
            "0": 0.8974334001541138,
            "1": 0.8490742444992065
        }
    }
}