{
    "affinity_pred_value": -1.2431081533432007,
    "affinity_probability_binary": 0.8994351625442505,
    "affinity_pred_value1": -0.7849478721618652,
    "affinity_probability_binary1": 0.907663106918335,
    "affinity_pred_value2": -1.7012684345245361,
    "affinity_probability_binary2": 0.891207218170166
}