{
    "confidence_score": 0.9457913637161255,
    "ptm": 0.9410843849182129,
    "iptm": 0.983880341053009,
    "ligand_iptm": 0.983880341053009,
    "protein_iptm": 0.0,
    "complex_plddt": 0.9362691044807434,
    "complex_iplddt": 0.9171691536903381,
    "complex_pde": 0.439907968044281,
    "complex_ipde": 0.5372685194015503,
    "chains_ptm": {
        "0": 0.935154139995575,
        "1": 0.8421489000320435
    },
    "pair_chains_iptm": {
        "0": {
            "0": 0.935154139995575,
            "1": 0.5935736298561096
        },
        "1": {
            "0": 0.983880341053009,
            "1": 0.8421489000320435
        }
    }
}