{
    "affinity_pred_value": -0.4694885313510895,
    "affinity_probability_binary": 0.514349102973938,
    "affinity_pred_value1": -0.40847885608673096,
    "affinity_probability_binary1": 0.5642662048339844,
    "affinity_pred_value2": -0.530498206615448,
    "affinity_probability_binary2": 0.4644319415092468
}