{
    "confidence_score": 0.7713003754615784,
    "ptm": 0.8902674317359924,
    "iptm": 0.9088172912597656,
    "ligand_iptm": 0.9088172912597656,
    "protein_iptm": 0.0,
    "complex_plddt": 0.7369211316108704,
    "complex_iplddt": 0.6069348454475403,
    "complex_pde": 0.5809484124183655,
    "complex_ipde": 1.420729398727417,
    "chains_ptm": {
        "0": 0.8892315030097961,
        "1": 0.8610650300979614
    },
    "pair_chains_iptm": {
        "0": {
            "0": 0.8892315030097961,
            "1": 0.46200448274612427
        },
        "1": {
            "0": 0.9088172912597656,
            "1": 0.8610650300979614
        }
    }
}