{
    "affinity_pred_value": 0.7298727035522461,
    "affinity_probability_binary": 0.289186954498291,
    "affinity_pred_value1": 0.587673008441925,
    "affinity_probability_binary1": 0.28159892559051514,
    "affinity_pred_value2": 0.8720724582672119,
    "affinity_probability_binary2": 0.2967749536037445
}