{
    "confidence_score": 0.7573400735855103,
    "ptm": 0.9132301807403564,
    "iptm": 0.9023626446723938,
    "ligand_iptm": 0.9023626446723938,
    "protein_iptm": 0.0,
    "complex_plddt": 0.7210844159126282,
    "complex_iplddt": 0.6237413287162781,
    "complex_pde": 0.5082321166992188,
    "complex_ipde": 1.4623477458953857,
    "chains_ptm": {
        "0": 0.9160478115081787,
        "1": 0.895000159740448
    },
    "pair_chains_iptm": {
        "0": {
            "0": 0.9160478115081787,
            "1": 0.5164780616760254
        },
        "1": {
            "0": 0.9023626446723938,
            "1": 0.895000159740448
        }
    }
}