{
    "affinity_pred_value": 0.47840067744255066,
    "affinity_probability_binary": 0.25531741976737976,
    "affinity_pred_value1": 1.1922948360443115,
    "affinity_probability_binary1": 0.1038636788725853,
    "affinity_pred_value2": -0.2354934811592102,
    "affinity_probability_binary2": 0.40677115321159363
}