{
    "confidence_score": 0.7546031475067139,
    "ptm": 0.8209773302078247,
    "iptm": 0.8477282524108887,
    "ligand_iptm": 0.8477282524108887,
    "protein_iptm": 0.0,
    "complex_plddt": 0.7313218712806702,
    "complex_iplddt": 0.6001320481300354,
    "complex_pde": 0.8220604062080383,
    "complex_ipde": 2.621020793914795,
    "chains_ptm": {
        "0": 0.8177118301391602,
        "1": 0.863945722579956
    },
    "pair_chains_iptm": {
        "0": {
            "0": 0.8177118301391602,
            "1": 0.3383733034133911
        },
        "1": {
            "0": 0.8477282524108887,
            "1": 0.863945722579956
        }
    }
}