{
    "affinity_pred_value": 0.5524487495422363,
    "affinity_probability_binary": 0.12929964065551758,
    "affinity_pred_value1": 0.8677767515182495,
    "affinity_probability_binary1": 0.13027307391166687,
    "affinity_pred_value2": 0.23712074756622314,
    "affinity_probability_binary2": 0.1283262073993683
}