{
    "confidence_score": 0.7165314555168152,
    "ptm": 0.9115334749221802,
    "iptm": 0.7971633076667786,
    "ligand_iptm": 0.7971633076667786,
    "protein_iptm": 0.0,
    "complex_plddt": 0.6963735222816467,
    "complex_iplddt": 0.5629419684410095,
    "complex_pde": 0.5768995881080627,
    "complex_ipde": 2.0300378799438477,
    "chains_ptm": {
        "0": 0.9341817498207092,
        "1": 0.7947416305541992
    },
    "pair_chains_iptm": {
        "0": {
            "0": 0.9341817498207092,
            "1": 0.40207862854003906
        },
        "1": {
            "0": 0.7971633076667786,
            "1": 0.7947416305541992
        }
    }
}