{
    "affinity_pred_value": -0.8902748823165894,
    "affinity_probability_binary": 0.8630712032318115,
    "affinity_pred_value1": -1.3729971647262573,
    "affinity_probability_binary1": 0.8870282769203186,
    "affinity_pred_value2": -0.4075525403022766,
    "affinity_probability_binary2": 0.8391141295433044
}