{
    "confidence_score": 0.9392468333244324,
    "ptm": 0.9259836077690125,
    "iptm": 0.9731882810592651,
    "ligand_iptm": 0.9731882810592651,
    "protein_iptm": 0.0,
    "complex_plddt": 0.930761456489563,
    "complex_iplddt": 0.8977068662643433,
    "complex_pde": 0.48109373450279236,
    "complex_ipde": 0.6425713300704956,
    "chains_ptm": {
        "0": 0.9187520742416382,
        "1": 0.9055624604225159
    },
    "pair_chains_iptm": {
        "0": {
            "0": 0.9187520742416382,
            "1": 0.7450993657112122
        },
        "1": {
            "0": 0.9731882810592651,
            "1": 0.9055624604225159
        }
    }
}