{
    "affinity_pred_value": -0.8159815073013306,
    "affinity_probability_binary": 0.530489981174469,
    "affinity_pred_value1": -1.0900620222091675,
    "affinity_probability_binary1": 0.6972973346710205,
    "affinity_pred_value2": -0.5419010519981384,
    "affinity_probability_binary2": 0.36368265748023987
}