{
    "confidence_score": 0.7731115818023682,
    "ptm": 0.7473536729812622,
    "iptm": 0.8576033711433411,
    "ligand_iptm": 0.8576033711433411,
    "protein_iptm": 0.0,
    "complex_plddt": 0.7519886493682861,
    "complex_iplddt": 0.5372366309165955,
    "complex_pde": 0.8718860149383545,
    "complex_ipde": 2.611940383911133,
    "chains_ptm": {
        "0": 0.7248162627220154,
        "1": 0.7707489132881165
    },
    "pair_chains_iptm": {
        "0": {
            "0": 0.7248162627220154,
            "1": 0.2969059646129608
        },
        "1": {
            "0": 0.8576033711433411,
            "1": 0.7707489132881165
        }
    }
}