{
    "affinity_pred_value": -0.9234325885772705,
    "affinity_probability_binary": 0.7199923992156982,
    "affinity_pred_value1": -1.3664249181747437,
    "affinity_probability_binary1": 0.7340692281723022,
    "affinity_pred_value2": -0.48044025897979736,
    "affinity_probability_binary2": 0.705915629863739
}