{
    "confidence_score": 0.9359407424926758,
    "ptm": 0.9378675818443298,
    "iptm": 0.9530059695243835,
    "ligand_iptm": 0.9530059695243835,
    "protein_iptm": 0.0,
    "complex_plddt": 0.9316744208335876,
    "complex_iplddt": 0.891923725605011,
    "complex_pde": 0.4883219003677368,
    "complex_ipde": 0.815885603427887,
    "chains_ptm": {
        "0": 0.9356127977371216,
        "1": 0.8665962815284729
    },
    "pair_chains_iptm": {
        "0": {
            "0": 0.9356127977371216,
            "1": 0.5435716509819031
        },
        "1": {
            "0": 0.9530059695243835,
            "1": 0.8665962815284729
        }
    }
}