{
    "affinity_pred_value": -0.37154823541641235,
    "affinity_probability_binary": 0.32516616582870483,
    "affinity_pred_value1": 0.04438480734825134,
    "affinity_probability_binary1": 0.385880708694458,
    "affinity_pred_value2": -0.7874812483787537,
    "affinity_probability_binary2": 0.2644515931606293
}