{
    "confidence_score": 0.7198404669761658,
    "ptm": 0.9153189659118652,
    "iptm": 0.9370167255401611,
    "ligand_iptm": 0.9370167255401611,
    "protein_iptm": 0.0,
    "complex_plddt": 0.6655463576316833,
    "complex_iplddt": 0.48169904947280884,
    "complex_pde": 0.4942217171192169,
    "complex_ipde": 1.1308197975158691,
    "chains_ptm": {
        "0": 0.9124597907066345,
        "1": 0.9483067989349365
    },
    "pair_chains_iptm": {
        "0": {
            "0": 0.9124597907066345,
            "1": 0.6514518857002258
        },
        "1": {
            "0": 0.9370167255401611,
            "1": 0.9483067989349365
        }
    }
}