{
    "affinity_pred_value": 0.11202920973300934,
    "affinity_probability_binary": 0.11404509842395782,
    "affinity_pred_value1": 0.3718166947364807,
    "affinity_probability_binary1": 0.11750110983848572,
    "affinity_pred_value2": -0.14775827527046204,
    "affinity_probability_binary2": 0.11058907955884933
}