{
    "confidence_score": 0.6850454807281494,
    "ptm": 0.794173538684845,
    "iptm": 0.6957339644432068,
    "ligand_iptm": 0.6957339644432068,
    "protein_iptm": 0.0,
    "complex_plddt": 0.6823733448982239,
    "complex_iplddt": 0.5359679460525513,
    "complex_pde": 1.0448362827301025,
    "complex_ipde": 3.6094133853912354,
    "chains_ptm": {
        "0": 0.8168677091598511,
        "1": 0.8341823220252991
    },
    "pair_chains_iptm": {
        "0": {
            "0": 0.8168677091598511,
            "1": 0.2738646864891052
        },
        "1": {
            "0": 0.6957339644432068,
            "1": 0.8341823220252991
        }
    }
}