{
    "affinity_pred_value": 0.953464150428772,
    "affinity_probability_binary": 0.14749027788639069,
    "affinity_pred_value1": 1.0354360342025757,
    "affinity_probability_binary1": 0.09491942822933197,
    "affinity_pred_value2": 0.871492326259613,
    "affinity_probability_binary2": 0.2000611275434494
}