{
    "confidence_score": 0.7388702630996704,
    "ptm": 0.9026272892951965,
    "iptm": 0.8709468841552734,
    "ligand_iptm": 0.8709468841552734,
    "protein_iptm": 0.0,
    "complex_plddt": 0.7058510780334473,
    "complex_iplddt": 0.578782320022583,
    "complex_pde": 0.6163437962532043,
    "complex_ipde": 1.9296249151229858,
    "chains_ptm": {
        "0": 0.9095957279205322,
        "1": 0.8359432816505432
    },
    "pair_chains_iptm": {
        "0": {
            "0": 0.9095957279205322,
            "1": 0.38411110639572144
        },
        "1": {
            "0": 0.8709468841552734,
            "1": 0.8359432816505432
        }
    }
}