{
    "affinity_pred_value": -1.0810787677764893,
    "affinity_probability_binary": 0.596213698387146,
    "affinity_pred_value1": -1.3164756298065186,
    "affinity_probability_binary1": 0.7166744470596313,
    "affinity_pred_value2": -0.8456819653511047,
    "affinity_probability_binary2": 0.47575289011001587
}