{
    "confidence_score": 0.6562991738319397,
    "ptm": 0.7991065382957458,
    "iptm": 0.6459863781929016,
    "ligand_iptm": 0.6459863781929016,
    "protein_iptm": 0.0,
    "complex_plddt": 0.6588773727416992,
    "complex_iplddt": 0.45951148867607117,
    "complex_pde": 1.2475740909576416,
    "complex_ipde": 5.166529178619385,
    "chains_ptm": {
        "0": 0.8313908576965332,
        "1": 0.8209623694419861
    },
    "pair_chains_iptm": {
        "0": {
            "0": 0.8313908576965332,
            "1": 0.2481248527765274
        },
        "1": {
            "0": 0.6459863781929016,
            "1": 0.8209623694419861
        }
    }
}