{
    "affinity_pred_value": -0.5828869342803955,
    "affinity_probability_binary": 0.4843199849128723,
    "affinity_pred_value1": 0.012048386037349701,
    "affinity_probability_binary1": 0.40258392691612244,
    "affinity_pred_value2": -1.177822232246399,
    "affinity_probability_binary2": 0.5660560131072998
}