{
    "confidence_score": 0.7220335602760315,
    "ptm": 0.9088674187660217,
    "iptm": 0.9404498934745789,
    "ligand_iptm": 0.9404498934745789,
    "protein_iptm": 0.0,
    "complex_plddt": 0.6674294471740723,
    "complex_iplddt": 0.49137914180755615,
    "complex_pde": 0.4440693259239197,
    "complex_ipde": 0.6999250650405884,
    "chains_ptm": {
        "0": 0.907545804977417,
        "1": 0.8529531955718994
    },
    "pair_chains_iptm": {
        "0": {
            "0": 0.907545804977417,
            "1": 0.5522597432136536
        },
        "1": {
            "0": 0.9404498934745789,
            "1": 0.8529531955718994
        }
    }
}