{
    "affinity_pred_value": -0.048328183591365814,
    "affinity_probability_binary": 0.38511741161346436,
    "affinity_pred_value1": 0.11936099827289581,
    "affinity_probability_binary1": 0.40493595600128174,
    "affinity_pred_value2": -0.21601736545562744,
    "affinity_probability_binary2": 0.3652988374233246
}