{
    "confidence_score": 0.6993247270584106,
    "ptm": 0.803040087223053,
    "iptm": 0.7844991087913513,
    "ligand_iptm": 0.7844991087913513,
    "protein_iptm": 0.0,
    "complex_plddt": 0.6780310869216919,
    "complex_iplddt": 0.51682448387146,
    "complex_pde": 0.957821786403656,
    "complex_ipde": 3.1714701652526855,
    "chains_ptm": {
        "0": 0.8079474568367004,
        "1": 0.7991935610771179
    },
    "pair_chains_iptm": {
        "0": {
            "0": 0.8079474568367004,
            "1": 0.39456820487976074
        },
        "1": {
            "0": 0.7844991087913513,
            "1": 0.7991935610771179
        }
    }
}