{
    "affinity_pred_value": 0.9802358150482178,
    "affinity_probability_binary": 0.1720857471227646,
    "affinity_pred_value1": 1.481516718864441,
    "affinity_probability_binary1": 0.15045848488807678,
    "affinity_pred_value2": 0.4789549708366394,
    "affinity_probability_binary2": 0.1937130093574524
}