{
    "confidence_score": 0.8044723868370056,
    "ptm": 0.8097826242446899,
    "iptm": 0.9437350630760193,
    "ligand_iptm": 0.9437350630760193,
    "protein_iptm": 0.0,
    "complex_plddt": 0.7696566581726074,
    "complex_iplddt": 0.7334772944450378,
    "complex_pde": 0.5524619221687317,
    "complex_ipde": 1.324070692062378,
    "chains_ptm": {
        "0": 0.7888020277023315,
        "1": 0.9577339887619019
    },
    "pair_chains_iptm": {
        "0": {
            "0": 0.7888020277023315,
            "1": 0.5081185698509216
        },
        "1": {
            "0": 0.9437350630760193,
            "1": 0.9577339887619019
        }
    }
}