{
    "affinity_pred_value": -1.9166979789733887,
    "affinity_probability_binary": 0.6193684339523315,
    "affinity_pred_value1": -1.8363364934921265,
    "affinity_probability_binary1": 0.7348374128341675,
    "affinity_pred_value2": -1.9970595836639404,
    "affinity_probability_binary2": 0.5038993954658508
}