{
    "confidence_score": 0.774724006652832,
    "ptm": 0.7684844136238098,
    "iptm": 0.856270432472229,
    "ligand_iptm": 0.856270432472229,
    "protein_iptm": 0.0,
    "complex_plddt": 0.7543373703956604,
    "complex_iplddt": 0.5688422322273254,
    "complex_pde": 0.839847207069397,
    "complex_ipde": 2.912780523300171,
    "chains_ptm": {
        "0": 0.7459448575973511,
        "1": 0.7950350046157837
    },
    "pair_chains_iptm": {
        "0": {
            "0": 0.7459448575973511,
            "1": 0.35635730624198914
        },
        "1": {
            "0": 0.856270432472229,
            "1": 0.7950350046157837
        }
    }
}