{
    "affinity_pred_value": 0.4619177281856537,
    "affinity_probability_binary": 0.2114068567752838,
    "affinity_pred_value1": 0.6046600937843323,
    "affinity_probability_binary1": 0.17352668941020966,
    "affinity_pred_value2": 0.3191753625869751,
    "affinity_probability_binary2": 0.24928702414035797
}