{
    "confidence_score": 0.7648705840110779,
    "ptm": 0.7213860154151917,
    "iptm": 0.7788748145103455,
    "ligand_iptm": 0.7788748145103455,
    "protein_iptm": 0.0,
    "complex_plddt": 0.7613694667816162,
    "complex_iplddt": 0.580507755279541,
    "complex_pde": 1.0418806076049805,
    "complex_ipde": 3.935234546661377,
    "chains_ptm": {
        "0": 0.7153178453445435,
        "1": 0.7865322232246399
    },
    "pair_chains_iptm": {
        "0": {
            "0": 0.7153178453445435,
            "1": 0.24402064085006714
        },
        "1": {
            "0": 0.7788748145103455,
            "1": 0.7865322232246399
        }
    }
}