{
    "affinity_pred_value": -0.12851449847221375,
    "affinity_probability_binary": 0.5214453935623169,
    "affinity_pred_value1": -0.6889805793762207,
    "affinity_probability_binary1": 0.6856175661087036,
    "affinity_pred_value2": 0.4319515824317932,
    "affinity_probability_binary2": 0.35727328062057495
}