{
    "confidence_score": 0.9334835410118103,
    "ptm": 0.9472549557685852,
    "iptm": 0.9732966423034668,
    "ligand_iptm": 0.9732966423034668,
    "protein_iptm": 0.0,
    "complex_plddt": 0.9235301613807678,
    "complex_iplddt": 0.8986309170722961,
    "complex_pde": 0.4388793706893921,
    "complex_ipde": 0.57136470079422,
    "chains_ptm": {
        "0": 0.9443736672401428,
        "1": 0.9627331495285034
    },
    "pair_chains_iptm": {
        "0": {
            "0": 0.9443736672401428,
            "1": 0.6473049521446228
        },
        "1": {
            "0": 0.9732966423034668,
            "1": 0.9627331495285034
        }
    }
}