{
    "affinity_pred_value": -0.18493299186229706,
    "affinity_probability_binary": 0.34862276911735535,
    "affinity_pred_value1": 0.42543479800224304,
    "affinity_probability_binary1": 0.3603178858757019,
    "affinity_pred_value2": -0.7953007817268372,
    "affinity_probability_binary2": 0.3369276523590088
}