{
    "confidence_score": 0.8192653656005859,
    "ptm": 0.7772645950317383,
    "iptm": 0.9373013973236084,
    "ligand_iptm": 0.9373013973236084,
    "protein_iptm": 0.0,
    "complex_plddt": 0.7897562980651855,
    "complex_iplddt": 0.7118463516235352,
    "complex_pde": 0.7556028962135315,
    "complex_ipde": 2.1866917610168457,
    "chains_ptm": {
        "0": 0.7338810563087463,
        "1": 0.92852783203125
    },
    "pair_chains_iptm": {
        "0": {
            "0": 0.7338810563087463,
            "1": 0.5234053730964661
        },
        "1": {
            "0": 0.9373013973236084,
            "1": 0.92852783203125
        }
    }
}