{
    "affinity_pred_value": -0.3364744186401367,
    "affinity_probability_binary": 0.8407269716262817,
    "affinity_pred_value1": -0.7304949760437012,
    "affinity_probability_binary1": 0.7834739685058594,
    "affinity_pred_value2": 0.05754610896110535,
    "affinity_probability_binary2": 0.8979800343513489
}