{
    "confidence_score": 0.9512971043586731,
    "ptm": 0.9520106315612793,
    "iptm": 0.9772249460220337,
    "ligand_iptm": 0.9772249460220337,
    "protein_iptm": 0.0,
    "complex_plddt": 0.9448150992393494,
    "complex_iplddt": 0.9218493700027466,
    "complex_pde": 0.4158804416656494,
    "complex_ipde": 0.5563133955001831,
    "chains_ptm": {
        "0": 0.9483123421669006,
        "1": 0.9541764259338379
    },
    "pair_chains_iptm": {
        "0": {
            "0": 0.9483123421669006,
            "1": 0.7528561353683472
        },
        "1": {
            "0": 0.9772249460220337,
            "1": 0.9541764259338379
        }
    }
}