{
    "affinity_pred_value": -0.2846066951751709,
    "affinity_probability_binary": 0.5002138614654541,
    "affinity_pred_value1": -1.2646349668502808,
    "affinity_probability_binary1": 0.5402628183364868,
    "affinity_pred_value2": 0.695421576499939,
    "affinity_probability_binary2": 0.4601649343967438
}