{
    "confidence_score": 0.9442373514175415,
    "ptm": 0.9556524753570557,
    "iptm": 0.9595723152160645,
    "ligand_iptm": 0.9595723152160645,
    "protein_iptm": 0.0,
    "complex_plddt": 0.9404035210609436,
    "complex_iplddt": 0.9014080166816711,
    "complex_pde": 0.4142516255378723,
    "complex_ipde": 0.6187229156494141,
    "chains_ptm": {
        "0": 0.9552222490310669,
        "1": 0.899401068687439
    },
    "pair_chains_iptm": {
        "0": {
            "0": 0.9552222490310669,
            "1": 0.6252927780151367
        },
        "1": {
            "0": 0.9595723152160645,
            "1": 0.899401068687439
        }
    }
}