{
    "affinity_pred_value": -0.35994040966033936,
    "affinity_probability_binary": 0.6167030334472656,
    "affinity_pred_value1": -0.5452633500099182,
    "affinity_probability_binary1": 0.7123616337776184,
    "affinity_pred_value2": -0.1746174544095993,
    "affinity_probability_binary2": 0.5210443735122681
}