{
    "confidence_score": 0.6801077127456665,
    "ptm": 0.8898554444313049,
    "iptm": 0.8035802841186523,
    "ligand_iptm": 0.8035802841186523,
    "protein_iptm": 0.0,
    "complex_plddt": 0.6492395401000977,
    "complex_iplddt": 0.48968252539634705,
    "complex_pde": 0.7368963360786438,
    "complex_ipde": 2.272571086883545,
    "chains_ptm": {
        "0": 0.9109941124916077,
        "1": 0.9119455814361572
    },
    "pair_chains_iptm": {
        "0": {
            "0": 0.9109941124916077,
            "1": 0.5077925324440002
        },
        "1": {
            "0": 0.8035802841186523,
            "1": 0.9119455814361572
        }
    }
}