{
    "affinity_pred_value": -1.0542664527893066,
    "affinity_probability_binary": 0.7283303737640381,
    "affinity_pred_value1": -1.3193209171295166,
    "affinity_probability_binary1": 0.8286242485046387,
    "affinity_pred_value2": -0.7892119288444519,
    "affinity_probability_binary2": 0.6280365586280823
}