{
    "confidence_score": 0.9284707307815552,
    "ptm": 0.9475552439689636,
    "iptm": 0.9631808996200562,
    "ligand_iptm": 0.9631808996200562,
    "protein_iptm": 0.0,
    "complex_plddt": 0.9197931289672852,
    "complex_iplddt": 0.8758350610733032,
    "complex_pde": 0.43284085392951965,
    "complex_ipde": 0.6021056771278381,
    "chains_ptm": {
        "0": 0.9458263516426086,
        "1": 0.8848381638526917
    },
    "pair_chains_iptm": {
        "0": {
            "0": 0.9458263516426086,
            "1": 0.5573511123657227
        },
        "1": {
            "0": 0.9631808996200562,
            "1": 0.8848381638526917
        }
    }
}