{
    "affinity_pred_value": -0.962538480758667,
    "affinity_probability_binary": 0.9379287958145142,
    "affinity_pred_value1": -1.3474117517471313,
    "affinity_probability_binary1": 0.983500599861145,
    "affinity_pred_value2": -0.5776652693748474,
    "affinity_probability_binary2": 0.8923570513725281
}