{
    "confidence_score": 0.9454349875450134,
    "ptm": 0.947259783744812,
    "iptm": 0.9806348085403442,
    "ligand_iptm": 0.9806348085403442,
    "protein_iptm": 0.0,
    "complex_plddt": 0.9366350173950195,
    "complex_iplddt": 0.9115254878997803,
    "complex_pde": 0.4125623106956482,
    "complex_ipde": 0.5065768361091614,
    "chains_ptm": {
        "0": 0.9431873559951782,
        "1": 0.8561147451400757
    },
    "pair_chains_iptm": {
        "0": {
            "0": 0.9431873559951782,
            "1": 0.5001018643379211
        },
        "1": {
            "0": 0.9806348085403442,
            "1": 0.8561147451400757
        }
    }
}