{
    "affinity_pred_value": 0.12317594140768051,
    "affinity_probability_binary": 0.4559476375579834,
    "affinity_pred_value1": -0.0035092364996671677,
    "affinity_probability_binary1": 0.5377752780914307,
    "affinity_pred_value2": 0.24986112117767334,
    "affinity_probability_binary2": 0.37411996722221375
}