{
    "confidence_score": 0.7397637963294983,
    "ptm": 0.8779096007347107,
    "iptm": 0.7744297981262207,
    "ligand_iptm": 0.7744297981262207,
    "protein_iptm": 0.0,
    "complex_plddt": 0.7310972809791565,
    "complex_iplddt": 0.6553113460540771,
    "complex_pde": 0.7545612454414368,
    "complex_ipde": 2.7260184288024902,
    "chains_ptm": {
        "0": 0.897235095500946,
        "1": 0.8918026089668274
    },
    "pair_chains_iptm": {
        "0": {
            "0": 0.897235095500946,
            "1": 0.382612943649292
        },
        "1": {
            "0": 0.7744297981262207,
            "1": 0.8918026089668274
        }
    }
}