{
    "affinity_pred_value": 0.04707185924053192,
    "affinity_probability_binary": 0.6058433055877686,
    "affinity_pred_value1": -0.4373556077480316,
    "affinity_probability_binary1": 0.6192808151245117,
    "affinity_pred_value2": 0.5314993262290955,
    "affinity_probability_binary2": 0.5924058556556702
}