{
    "confidence_score": 0.8987728357315063,
    "ptm": 0.8968510031700134,
    "iptm": 0.9529868960380554,
    "ligand_iptm": 0.9529868960380554,
    "protein_iptm": 0.0,
    "complex_plddt": 0.8852192759513855,
    "complex_iplddt": 0.8545124530792236,
    "complex_pde": 0.4867943823337555,
    "complex_ipde": 0.761496901512146,
    "chains_ptm": {
        "0": 0.886489987373352,
        "1": 0.8653746843338013
    },
    "pair_chains_iptm": {
        "0": {
            "0": 0.886489987373352,
            "1": 0.5835631489753723
        },
        "1": {
            "0": 0.9529868960380554,
            "1": 0.8653746843338013
        }
    }
}