{
    "affinity_pred_value": 0.08968400955200195,
    "affinity_probability_binary": 0.6932128667831421,
    "affinity_pred_value1": -0.29919248819351196,
    "affinity_probability_binary1": 0.7687594890594482,
    "affinity_pred_value2": 0.47856050729751587,
    "affinity_probability_binary2": 0.6176661849021912
}