{
    "confidence_score": 0.9371969103813171,
    "ptm": 0.9421404600143433,
    "iptm": 0.9736194610595703,
    "ligand_iptm": 0.9736194610595703,
    "protein_iptm": 0.0,
    "complex_plddt": 0.9280913472175598,
    "complex_iplddt": 0.9051551222801208,
    "complex_pde": 0.4558987617492676,
    "complex_ipde": 0.59828120470047,
    "chains_ptm": {
        "0": 0.9387626051902771,
        "1": 0.8444749712944031
    },
    "pair_chains_iptm": {
        "0": {
            "0": 0.9387626051902771,
            "1": 0.539573073387146
        },
        "1": {
            "0": 0.9736194610595703,
            "1": 0.8444749712944031
        }
    }
}