{
    "affinity_pred_value": -0.3571164608001709,
    "affinity_probability_binary": 0.698824942111969,
    "affinity_pred_value1": -0.8428027629852295,
    "affinity_probability_binary1": 0.7448118925094604,
    "affinity_pred_value2": 0.1285698264837265,
    "affinity_probability_binary2": 0.6528379917144775
}