{
    "confidence_score": 0.902779221534729,
    "ptm": 0.8962694406509399,
    "iptm": 0.9522997736930847,
    "ligand_iptm": 0.9522997736930847,
    "protein_iptm": 0.0,
    "complex_plddt": 0.8903990983963013,
    "complex_iplddt": 0.8656370043754578,
    "complex_pde": 0.4903731346130371,
    "complex_ipde": 0.7438381910324097,
    "chains_ptm": {
        "0": 0.8854454159736633,
        "1": 0.836937665939331
    },
    "pair_chains_iptm": {
        "0": {
            "0": 0.8854454159736633,
            "1": 0.6070887446403503
        },
        "1": {
            "0": 0.9522997736930847,
            "1": 0.836937665939331
        }
    }
}