{
    "affinity_pred_value": -0.241035595536232,
    "affinity_probability_binary": 0.5023592114448547,
    "affinity_pred_value1": -0.24261149764060974,
    "affinity_probability_binary1": 0.6120781302452087,
    "affinity_pred_value2": -0.23945969343185425,
    "affinity_probability_binary2": 0.3926403224468231
}