{
    "confidence_score": 0.6994597315788269,
    "ptm": 0.9215817451477051,
    "iptm": 0.9434095025062561,
    "ligand_iptm": 0.9434095025062561,
    "protein_iptm": 0.0,
    "complex_plddt": 0.6384722590446472,
    "complex_iplddt": 0.4134894609451294,
    "complex_pde": 0.4216330051422119,
    "complex_ipde": 0.6908155679702759,
    "chains_ptm": {
        "0": 0.9226321578025818,
        "1": 0.9282304048538208
    },
    "pair_chains_iptm": {
        "0": {
            "0": 0.9226321578025818,
            "1": 0.6074058413505554
        },
        "1": {
            "0": 0.9434095025062561,
            "1": 0.9282304048538208
        }
    }
}