{
    "affinity_pred_value": -0.17858600616455078,
    "affinity_probability_binary": 0.7682554125785828,
    "affinity_pred_value1": -0.23687973618507385,
    "affinity_probability_binary1": 0.7895674109458923,
    "affinity_pred_value2": -0.12029227614402771,
    "affinity_probability_binary2": 0.7469434142112732
}