{
    "confidence_score": 0.9018077850341797,
    "ptm": 0.8919323682785034,
    "iptm": 0.9423630237579346,
    "ligand_iptm": 0.9423630237579346,
    "protein_iptm": 0.0,
    "complex_plddt": 0.891668975353241,
    "complex_iplddt": 0.8616634011268616,
    "complex_pde": 0.5212888717651367,
    "complex_ipde": 0.8048142194747925,
    "chains_ptm": {
        "0": 0.8830515146255493,
        "1": 0.8411343097686768
    },
    "pair_chains_iptm": {
        "0": {
            "0": 0.8830515146255493,
            "1": 0.564142107963562
        },
        "1": {
            "0": 0.9423630237579346,
            "1": 0.8411343097686768
        }
    }
}