{
    "affinity_pred_value": -0.3278185725212097,
    "affinity_probability_binary": 0.4271770119667053,
    "affinity_pred_value1": -0.5048631429672241,
    "affinity_probability_binary1": 0.6200518012046814,
    "affinity_pred_value2": -0.1507740020751953,
    "affinity_probability_binary2": 0.23430222272872925
}