{
    "confidence_score": 0.6065833568572998,
    "ptm": 0.7359365224838257,
    "iptm": 0.6038932800292969,
    "ligand_iptm": 0.6038932800292969,
    "protein_iptm": 0.0,
    "complex_plddt": 0.6072558760643005,
    "complex_iplddt": 0.33188867568969727,
    "complex_pde": 1.1872563362121582,
    "complex_ipde": 3.817776918411255,
    "chains_ptm": {
        "0": 0.7693519592285156,
        "1": 0.887435793876648
    },
    "pair_chains_iptm": {
        "0": {
            "0": 0.7693519592285156,
            "1": 0.3113231360912323
        },
        "1": {
            "0": 0.6038932800292969,
            "1": 0.887435793876648
        }
    }
}