{
    "affinity_pred_value": -0.914252758026123,
    "affinity_probability_binary": 0.41300806403160095,
    "affinity_pred_value1": -1.1050668954849243,
    "affinity_probability_binary1": 0.5404319763183594,
    "affinity_pred_value2": -0.7234386801719666,
    "affinity_probability_binary2": 0.28558415174484253
}