{
    "confidence_score": 0.7243262529373169,
    "ptm": 0.901069700717926,
    "iptm": 0.8361088037490845,
    "ligand_iptm": 0.8361088037490845,
    "protein_iptm": 0.0,
    "complex_plddt": 0.6963805556297302,
    "complex_iplddt": 0.568027675151825,
    "complex_pde": 0.6684067845344543,
    "complex_ipde": 2.2229762077331543,
    "chains_ptm": {
        "0": 0.9154595136642456,
        "1": 0.84397953748703
    },
    "pair_chains_iptm": {
        "0": {
            "0": 0.9154595136642456,
            "1": 0.4417097866535187
        },
        "1": {
            "0": 0.8361088037490845,
            "1": 0.84397953748703
        }
    }
}