{
    "affinity_pred_value": 0.15308299660682678,
    "affinity_probability_binary": 0.4373858869075775,
    "affinity_pred_value1": -0.2975649833679199,
    "affinity_probability_binary1": 0.4001576006412506,
    "affinity_pred_value2": 0.6037309765815735,
    "affinity_probability_binary2": 0.4746141731739044
}