{
    "confidence_score": 0.9335311055183411,
    "ptm": 0.9398026466369629,
    "iptm": 0.9619848728179932,
    "ligand_iptm": 0.9619848728179932,
    "protein_iptm": 0.0,
    "complex_plddt": 0.9264176487922668,
    "complex_iplddt": 0.871974766254425,
    "complex_pde": 0.4727884531021118,
    "complex_ipde": 0.648915708065033,
    "chains_ptm": {
        "0": 0.9370302557945251,
        "1": 0.8418582081794739
    },
    "pair_chains_iptm": {
        "0": {
            "0": 0.9370302557945251,
            "1": 0.567014753818512
        },
        "1": {
            "0": 0.9619848728179932,
            "1": 0.8418582081794739
        }
    }
}