{
    "affinity_pred_value": -0.10640472173690796,
    "affinity_probability_binary": 0.6154422760009766,
    "affinity_pred_value1": -0.21422067284584045,
    "affinity_probability_binary1": 0.6560351252555847,
    "affinity_pred_value2": 0.0014112330973148346,
    "affinity_probability_binary2": 0.5748493671417236
}