{
    "confidence_score": 0.889481246471405,
    "ptm": 0.9442078471183777,
    "iptm": 0.9324207901954651,
    "ligand_iptm": 0.9324207901954651,
    "protein_iptm": 0.0,
    "complex_plddt": 0.8787463307380676,
    "complex_iplddt": 0.7667708992958069,
    "complex_pde": 0.5337982177734375,
    "complex_ipde": 0.9202389121055603,
    "chains_ptm": {
        "0": 0.9464647769927979,
        "1": 0.7879572510719299
    },
    "pair_chains_iptm": {
        "0": {
            "0": 0.9464647769927979,
            "1": 0.6702701449394226
        },
        "1": {
            "0": 0.9324207901954651,
            "1": 0.7879572510719299
        }
    }
}