{
    "affinity_pred_value": 0.00017927587032318115,
    "affinity_probability_binary": 0.7137738466262817,
    "affinity_pred_value1": -0.07980673015117645,
    "affinity_probability_binary1": 0.730333685874939,
    "affinity_pred_value2": 0.08016528189182281,
    "affinity_probability_binary2": 0.6972139477729797
}