{
    "confidence_score": 0.9389061331748962,
    "ptm": 0.9555052518844604,
    "iptm": 0.9701361656188965,
    "ligand_iptm": 0.9701361656188965,
    "protein_iptm": 0.0,
    "complex_plddt": 0.9310985207557678,
    "complex_iplddt": 0.8918108940124512,
    "complex_pde": 0.42245978116989136,
    "complex_ipde": 0.6192668676376343,
    "chains_ptm": {
        "0": 0.9531552791595459,
        "1": 0.8191008567810059
    },
    "pair_chains_iptm": {
        "0": {
            "0": 0.9531552791595459,
            "1": 0.5612086653709412
        },
        "1": {
            "0": 0.9701361656188965,
            "1": 0.8191008567810059
        }
    }
}