{
    "affinity_pred_value": 0.7183554172515869,
    "affinity_probability_binary": 0.10746078193187714,
    "affinity_pred_value1": 0.8466768264770508,
    "affinity_probability_binary1": 0.12292513996362686,
    "affinity_pred_value2": 0.5900339484214783,
    "affinity_probability_binary2": 0.09199643135070801
}