{
    "confidence_score": 0.8141560554504395,
    "ptm": 0.788529634475708,
    "iptm": 0.9409934878349304,
    "ligand_iptm": 0.9409934878349304,
    "protein_iptm": 0.0,
    "complex_plddt": 0.7824466824531555,
    "complex_iplddt": 0.5946016311645508,
    "complex_pde": 0.6218236088752747,
    "complex_ipde": 1.617658257484436,
    "chains_ptm": {
        "0": 0.7637313008308411,
        "1": 0.8873199820518494
    },
    "pair_chains_iptm": {
        "0": {
            "0": 0.7637313008308411,
            "1": 0.40307438373565674
        },
        "1": {
            "0": 0.9409934878349304,
            "1": 0.8873199820518494
        }
    }
}