{
    "affinity_pred_value": -0.9749869108200073,
    "affinity_probability_binary": 0.865454912185669,
    "affinity_pred_value1": -0.9432567358016968,
    "affinity_probability_binary1": 0.8993832468986511,
    "affinity_pred_value2": -1.0067170858383179,
    "affinity_probability_binary2": 0.8315266370773315
}