{
    "confidence_score": 0.9111475944519043,
    "ptm": 0.9148017168045044,
    "iptm": 0.9831894636154175,
    "ligand_iptm": 0.9831894636154175,
    "protein_iptm": 0.0,
    "complex_plddt": 0.8931371569633484,
    "complex_iplddt": 0.8975247144699097,
    "complex_pde": 0.3918626010417938,
    "complex_ipde": 0.48799067735671997,
    "chains_ptm": {
        "0": 0.905308723449707,
        "1": 0.8015512228012085
    },
    "pair_chains_iptm": {
        "0": {
            "0": 0.905308723449707,
            "1": 0.5401731133460999
        },
        "1": {
            "0": 0.9831894636154175,
            "1": 0.8015512228012085
        }
    }
}