{
    "affinity_pred_value": 0.20085671544075012,
    "affinity_probability_binary": 0.6209888458251953,
    "affinity_pred_value1": -0.12388183176517487,
    "affinity_probability_binary1": 0.7336037755012512,
    "affinity_pred_value2": 0.5255952477455139,
    "affinity_probability_binary2": 0.5083738565444946
}