{
    "confidence_score": 0.928467869758606,
    "ptm": 0.9551091194152832,
    "iptm": 0.9746155142784119,
    "ligand_iptm": 0.9746155142784119,
    "protein_iptm": 0.0,
    "complex_plddt": 0.9169309139251709,
    "complex_iplddt": 0.8542757034301758,
    "complex_pde": 0.3959410488605499,
    "complex_ipde": 0.48210203647613525,
    "chains_ptm": {
        "0": 0.9532828330993652,
        "1": 0.903374433517456
    },
    "pair_chains_iptm": {
        "0": {
            "0": 0.9532828330993652,
            "1": 0.6225798726081848
        },
        "1": {
            "0": 0.9746155142784119,
            "1": 0.903374433517456
        }
    }
}