{
    "affinity_pred_value": 0.7958695888519287,
    "affinity_probability_binary": 0.18395012617111206,
    "affinity_pred_value1": 1.2934879064559937,
    "affinity_probability_binary1": 0.148639976978302,
    "affinity_pred_value2": 0.298251211643219,
    "affinity_probability_binary2": 0.21926026046276093
}