{
    "confidence_score": 0.7778109908103943,
    "ptm": 0.9068556427955627,
    "iptm": 0.9300436973571777,
    "ligand_iptm": 0.9300436973571777,
    "protein_iptm": 0.0,
    "complex_plddt": 0.7397528290748596,
    "complex_iplddt": 0.634191632270813,
    "complex_pde": 0.5048367977142334,
    "complex_ipde": 1.2870875597000122,
    "chains_ptm": {
        "0": 0.9046674370765686,
        "1": 0.8464468717575073
    },
    "pair_chains_iptm": {
        "0": {
            "0": 0.9046674370765686,
            "1": 0.4431891441345215
        },
        "1": {
            "0": 0.9300436973571777,
            "1": 0.8464468717575073
        }
    }
}