{
    "affinity_pred_value": 0.46856579184532166,
    "affinity_probability_binary": 0.5450748205184937,
    "affinity_pred_value1": 0.44980961084365845,
    "affinity_probability_binary1": 0.5768380761146545,
    "affinity_pred_value2": 0.48732197284698486,
    "affinity_probability_binary2": 0.5133116245269775
}