{
    "confidence_score": 0.9094354510307312,
    "ptm": 0.904621422290802,
    "iptm": 0.9622053503990173,
    "ligand_iptm": 0.9622053503990173,
    "protein_iptm": 0.0,
    "complex_plddt": 0.8962429761886597,
    "complex_iplddt": 0.8767692446708679,
    "complex_pde": 0.4499897062778473,
    "complex_ipde": 0.6539623141288757,
    "chains_ptm": {
        "0": 0.8939005732536316,
        "1": 0.8578747510910034
    },
    "pair_chains_iptm": {
        "0": {
            "0": 0.8939005732536316,
            "1": 0.5986177921295166
        },
        "1": {
            "0": 0.9622053503990173,
            "1": 0.8578747510910034
        }
    }
}