{
    "affinity_pred_value": -0.5429622530937195,
    "affinity_probability_binary": 0.8261680603027344,
    "affinity_pred_value1": -1.0860164165496826,
    "affinity_probability_binary1": 0.8739781379699707,
    "affinity_pred_value2": 9.188428521156311e-05,
    "affinity_probability_binary2": 0.7783580422401428
}