{
    "confidence_score": 0.9420551657676697,
    "ptm": 0.9454010128974915,
    "iptm": 0.9802714586257935,
    "ligand_iptm": 0.9802714586257935,
    "protein_iptm": 0.0,
    "complex_plddt": 0.9325010180473328,
    "complex_iplddt": 0.9044508337974548,
    "complex_pde": 0.43849578499794006,
    "complex_ipde": 0.6093537211418152,
    "chains_ptm": {
        "0": 0.940504252910614,
        "1": 0.9024236798286438
    },
    "pair_chains_iptm": {
        "0": {
            "0": 0.940504252910614,
            "1": 0.7401708364486694
        },
        "1": {
            "0": 0.9802714586257935,
            "1": 0.9024236798286438
        }
    }
}