{
    "affinity_pred_value": -0.13401737809181213,
    "affinity_probability_binary": 0.3205223083496094,
    "affinity_pred_value1": 0.4839109182357788,
    "affinity_probability_binary1": 0.3470923900604248,
    "affinity_pred_value2": -0.7519456744194031,
    "affinity_probability_binary2": 0.29395222663879395
}