{
    "confidence_score": 0.6966571807861328,
    "ptm": 0.8878566026687622,
    "iptm": 0.8679924607276917,
    "ligand_iptm": 0.8679924607276917,
    "protein_iptm": 0.0,
    "complex_plddt": 0.6538233757019043,
    "complex_iplddt": 0.4740355908870697,
    "complex_pde": 0.557085394859314,
    "complex_ipde": 1.3831465244293213,
    "chains_ptm": {
        "0": 0.8932428956031799,
        "1": 0.9319992065429688
    },
    "pair_chains_iptm": {
        "0": {
            "0": 0.8932428956031799,
            "1": 0.5756311416625977
        },
        "1": {
            "0": 0.8679924607276917,
            "1": 0.9319992065429688
        }
    }
}