{
    "affinity_pred_value": 0.3947511911392212,
    "affinity_probability_binary": 0.172235369682312,
    "affinity_pred_value1": 0.19105222821235657,
    "affinity_probability_binary1": 0.24137617647647858,
    "affinity_pred_value2": 0.5984501242637634,
    "affinity_probability_binary2": 0.10309457778930664
}