{
    "confidence_score": 0.7574646472930908,
    "ptm": 0.9020044803619385,
    "iptm": 0.9250677227973938,
    "ligand_iptm": 0.9250677227973938,
    "protein_iptm": 0.0,
    "complex_plddt": 0.7155638933181763,
    "complex_iplddt": 0.5195760130882263,
    "complex_pde": 0.509982705116272,
    "complex_ipde": 1.2527118921279907,
    "chains_ptm": {
        "0": 0.8982728719711304,
        "1": 0.9206975102424622
    },
    "pair_chains_iptm": {
        "0": {
            "0": 0.8982728719711304,
            "1": 0.514072835445404
        },
        "1": {
            "0": 0.9250677227973938,
            "1": 0.9206975102424622
        }
    }
}