{
    "affinity_pred_value": 0.049495235085487366,
    "affinity_probability_binary": 0.3233245015144348,
    "affinity_pred_value1": 0.1940518468618393,
    "affinity_probability_binary1": 0.46231207251548767,
    "affinity_pred_value2": -0.09506137669086456,
    "affinity_probability_binary2": 0.18433690071105957
}