{
    "confidence_score": 0.7093074917793274,
    "ptm": 0.7906826138496399,
    "iptm": 0.8067433834075928,
    "ligand_iptm": 0.8067433834075928,
    "protein_iptm": 0.0,
    "complex_plddt": 0.6849485039710999,
    "complex_iplddt": 0.506065845489502,
    "complex_pde": 1.0968608856201172,
    "complex_ipde": 3.856822967529297,
    "chains_ptm": {
        "0": 0.7889005541801453,
        "1": 0.8884810209274292
    },
    "pair_chains_iptm": {
        "0": {
            "0": 0.7889005541801453,
            "1": 0.38039007782936096
        },
        "1": {
            "0": 0.8067433834075928,
            "1": 0.8884810209274292
        }
    }
}