{
    "affinity_pred_value": 0.13081467151641846,
    "affinity_probability_binary": 0.2497882843017578,
    "affinity_pred_value1": 0.6448484659194946,
    "affinity_probability_binary1": 0.18742960691452026,
    "affinity_pred_value2": -0.3832191228866577,
    "affinity_probability_binary2": 0.31214696168899536
}