{
    "confidence_score": 0.6611987948417664,
    "ptm": 0.813974916934967,
    "iptm": 0.7532442808151245,
    "ligand_iptm": 0.7532442808151245,
    "protein_iptm": 0.0,
    "complex_plddt": 0.6381874084472656,
    "complex_iplddt": 0.43558669090270996,
    "complex_pde": 0.9356697201728821,
    "complex_ipde": 3.3646819591522217,
    "chains_ptm": {
        "0": 0.8326737880706787,
        "1": 0.8152533769607544
    },
    "pair_chains_iptm": {
        "0": {
            "0": 0.8326737880706787,
            "1": 0.30945611000061035
        },
        "1": {
            "0": 0.7532442808151245,
            "1": 0.8152533769607544
        }
    }
}