{
    "affinity_pred_value": 0.9397100210189819,
    "affinity_probability_binary": 0.21539711952209473,
    "affinity_pred_value1": 1.2859231233596802,
    "affinity_probability_binary1": 0.14846375584602356,
    "affinity_pred_value2": 0.5934968590736389,
    "affinity_probability_binary2": 0.2823304831981659
}