{
    "confidence_score": 0.7716341614723206,
    "ptm": 0.8612939119338989,
    "iptm": 0.8689817786216736,
    "ligand_iptm": 0.8689817786216736,
    "protein_iptm": 0.0,
    "complex_plddt": 0.7472972273826599,
    "complex_iplddt": 0.6742749810218811,
    "complex_pde": 0.6706951260566711,
    "complex_ipde": 2.0372021198272705,
    "chains_ptm": {
        "0": 0.8614649176597595,
        "1": 0.8889465928077698
    },
    "pair_chains_iptm": {
        "0": {
            "0": 0.8614649176597595,
            "1": 0.35146382451057434
        },
        "1": {
            "0": 0.8689817786216736,
            "1": 0.8889465928077698
        }
    }
}