{
    "affinity_pred_value": 0.04500913619995117,
    "affinity_probability_binary": 0.310878723859787,
    "affinity_pred_value1": 0.5436537265777588,
    "affinity_probability_binary1": 0.3582096993923187,
    "affinity_pred_value2": -0.45363545417785645,
    "affinity_probability_binary2": 0.26354774832725525
}