{
    "confidence_score": 0.7251374125480652,
    "ptm": 0.9298385381698608,
    "iptm": 0.8766238689422607,
    "ligand_iptm": 0.8766238689422607,
    "protein_iptm": 0.0,
    "complex_plddt": 0.6872658133506775,
    "complex_iplddt": 0.5595378875732422,
    "complex_pde": 0.522558867931366,
    "complex_ipde": 1.453110933303833,
    "chains_ptm": {
        "0": 0.9409498572349548,
        "1": 0.8327057957649231
    },
    "pair_chains_iptm": {
        "0": {
            "0": 0.9409498572349548,
            "1": 0.4967973232269287
        },
        "1": {
            "0": 0.8766238689422607,
            "1": 0.8327057957649231
        }
    }
}