{
    "affinity_pred_value": 0.5182673931121826,
    "affinity_probability_binary": 0.4333040714263916,
    "affinity_pred_value1": -0.330147922039032,
    "affinity_probability_binary1": 0.29027268290519714,
    "affinity_pred_value2": 1.366682767868042,
    "affinity_probability_binary2": 0.5763354301452637
}