{
    "confidence_score": 0.9241138696670532,
    "ptm": 0.9133899807929993,
    "iptm": 0.9400591254234314,
    "ligand_iptm": 0.9400591254234314,
    "protein_iptm": 0.0,
    "complex_plddt": 0.9201275110244751,
    "complex_iplddt": 0.8758860230445862,
    "complex_pde": 0.5711747407913208,
    "complex_ipde": 0.8236451745033264,
    "chains_ptm": {
        "0": 0.9100362062454224,
        "1": 0.8423912525177002
    },
    "pair_chains_iptm": {
        "0": {
            "0": 0.9100362062454224,
            "1": 0.5236702561378479
        },
        "1": {
            "0": 0.9400591254234314,
            "1": 0.8423912525177002
        }
    }
}