{
    "affinity_pred_value": 0.01854836940765381,
    "affinity_probability_binary": 0.2526349425315857,
    "affinity_pred_value1": 0.5003832578659058,
    "affinity_probability_binary1": 0.16654092073440552,
    "affinity_pred_value2": -0.46328651905059814,
    "affinity_probability_binary2": 0.33872896432876587
}