{
    "confidence_score": 0.8046820759773254,
    "ptm": 0.7542092800140381,
    "iptm": 0.8896415829658508,
    "ligand_iptm": 0.8896415829658508,
    "protein_iptm": 0.0,
    "complex_plddt": 0.7834421396255493,
    "complex_iplddt": 0.6657988429069519,
    "complex_pde": 0.7905049920082092,
    "complex_ipde": 2.7211194038391113,
    "chains_ptm": {
        "0": 0.7355914115905762,
        "1": 0.8100142478942871
    },
    "pair_chains_iptm": {
        "0": {
            "0": 0.7355914115905762,
            "1": 0.3063287138938904
        },
        "1": {
            "0": 0.8896415829658508,
            "1": 0.8100142478942871
        }
    }
}