{
    "affinity_pred_value": 0.9819478988647461,
    "affinity_probability_binary": 0.5820879936218262,
    "affinity_pred_value1": 1.299395203590393,
    "affinity_probability_binary1": 0.6353968977928162,
    "affinity_pred_value2": 0.6645006537437439,
    "affinity_probability_binary2": 0.5287790298461914
}