{
    "confidence_score": 0.9480301737785339,
    "ptm": 0.9488592743873596,
    "iptm": 0.9759473204612732,
    "ligand_iptm": 0.9759473204612732,
    "protein_iptm": 0.0,
    "complex_plddt": 0.9410509467124939,
    "complex_iplddt": 0.906679093837738,
    "complex_pde": 0.4211152493953705,
    "complex_ipde": 0.5717607140541077,
    "chains_ptm": {
        "0": 0.9449401497840881,
        "1": 0.8918100595474243
    },
    "pair_chains_iptm": {
        "0": {
            "0": 0.9449401497840881,
            "1": 0.6163188815116882
        },
        "1": {
            "0": 0.9759473204612732,
            "1": 0.8918100595474243
        }
    }
}