{
    "affinity_pred_value": -0.22733508050441742,
    "affinity_probability_binary": 0.40981173515319824,
    "affinity_pred_value1": -0.11011000722646713,
    "affinity_probability_binary1": 0.5526598691940308,
    "affinity_pred_value2": -0.3445601463317871,
    "affinity_probability_binary2": 0.2669636011123657
}