{
    "confidence_score": 0.6398162841796875,
    "ptm": 0.8213678002357483,
    "iptm": 0.7595819234848022,
    "ligand_iptm": 0.7595819234848022,
    "protein_iptm": 0.0,
    "complex_plddt": 0.6098749041557312,
    "complex_iplddt": 0.39140620827674866,
    "complex_pde": 0.8866779208183289,
    "complex_ipde": 2.4717345237731934,
    "chains_ptm": {
        "0": 0.8361659646034241,
        "1": 0.8693181276321411
    },
    "pair_chains_iptm": {
        "0": {
            "0": 0.8361659646034241,
            "1": 0.4234306812286377
        },
        "1": {
            "0": 0.7595819234848022,
            "1": 0.8693181276321411
        }
    }
}