{
    "affinity_pred_value": 0.24039924144744873,
    "affinity_probability_binary": 0.7134913206100464,
    "affinity_pred_value1": 0.3349337875843048,
    "affinity_probability_binary1": 0.683627724647522,
    "affinity_pred_value2": 0.14586471021175385,
    "affinity_probability_binary2": 0.7433549761772156
}