{
    "confidence_score": 0.9283847212791443,
    "ptm": 0.939933180809021,
    "iptm": 0.9546641111373901,
    "ligand_iptm": 0.9546641111373901,
    "protein_iptm": 0.0,
    "complex_plddt": 0.9218148589134216,
    "complex_iplddt": 0.8754934668540955,
    "complex_pde": 0.4814039170742035,
    "complex_ipde": 0.7415520548820496,
    "chains_ptm": {
        "0": 0.9372376203536987,
        "1": 0.8676047325134277
    },
    "pair_chains_iptm": {
        "0": {
            "0": 0.9372376203536987,
            "1": 0.6075918078422546
        },
        "1": {
            "0": 0.9546641111373901,
            "1": 0.8676047325134277
        }
    }
}