{
    "affinity_pred_value": -1.193218469619751,
    "affinity_probability_binary": 0.9294140338897705,
    "affinity_pred_value1": -1.6964572668075562,
    "affinity_probability_binary1": 0.9385194778442383,
    "affinity_pred_value2": -0.6899797320365906,
    "affinity_probability_binary2": 0.9203086495399475
}