{
    "confidence_score": 0.9485346674919128,
    "ptm": 0.9575129747390747,
    "iptm": 0.9692398309707642,
    "ligand_iptm": 0.9692398309707642,
    "protein_iptm": 0.0,
    "complex_plddt": 0.9433583617210388,
    "complex_iplddt": 0.9158547520637512,
    "complex_pde": 0.41007980704307556,
    "complex_ipde": 0.6331276297569275,
    "chains_ptm": {
        "0": 0.9559160470962524,
        "1": 0.8765144348144531
    },
    "pair_chains_iptm": {
        "0": {
            "0": 0.9559160470962524,
            "1": 0.5422825813293457
        },
        "1": {
            "0": 0.9692398309707642,
            "1": 0.8765144348144531
        }
    }
}