{
    "affinity_pred_value": -1.2161861658096313,
    "affinity_probability_binary": 0.45147010684013367,
    "affinity_pred_value1": -1.0546072721481323,
    "affinity_probability_binary1": 0.6310060024261475,
    "affinity_pred_value2": -1.3777650594711304,
    "affinity_probability_binary2": 0.2719342112541199
}