{
    "confidence_score": 0.6654797792434692,
    "ptm": 0.8265880942344666,
    "iptm": 0.6933072209358215,
    "ligand_iptm": 0.6933072209358215,
    "protein_iptm": 0.0,
    "complex_plddt": 0.65852290391922,
    "complex_iplddt": 0.4709360897541046,
    "complex_pde": 0.9494890570640564,
    "complex_ipde": 3.912147045135498,
    "chains_ptm": {
        "0": 0.8642710447311401,
        "1": 0.7791674733161926
    },
    "pair_chains_iptm": {
        "0": {
            "0": 0.8642710447311401,
            "1": 0.3271661102771759
        },
        "1": {
            "0": 0.6933072209358215,
            "1": 0.7791674733161926
        }
    }
}