{
    "affinity_pred_value": 0.8252536058425903,
    "affinity_probability_binary": 0.1821116805076599,
    "affinity_pred_value1": 0.7180920839309692,
    "affinity_probability_binary1": 0.1650678664445877,
    "affinity_pred_value2": 0.9324151277542114,
    "affinity_probability_binary2": 0.19915547966957092
}