{
    "confidence_score": 0.7817172408103943,
    "ptm": 0.7830578088760376,
    "iptm": 0.879439651966095,
    "ligand_iptm": 0.879439651966095,
    "protein_iptm": 0.0,
    "complex_plddt": 0.7572866678237915,
    "complex_iplddt": 0.5725781917572021,
    "complex_pde": 0.7159958481788635,
    "complex_ipde": 2.452108383178711,
    "chains_ptm": {
        "0": 0.7691574692726135,
        "1": 0.8204247355461121
    },
    "pair_chains_iptm": {
        "0": {
            "0": 0.7691574692726135,
            "1": 0.32801511883735657
        },
        "1": {
            "0": 0.879439651966095,
            "1": 0.8204247355461121
        }
    }
}