{
    "affinity_pred_value": 0.47046253085136414,
    "affinity_probability_binary": 0.17925958335399628,
    "affinity_pred_value1": 0.588293194770813,
    "affinity_probability_binary1": 0.1218031570315361,
    "affinity_pred_value2": 0.3526318669319153,
    "affinity_probability_binary2": 0.23671600222587585
}