{
    "confidence_score": 0.8422405123710632,
    "ptm": 0.790761411190033,
    "iptm": 0.9540610313415527,
    "ligand_iptm": 0.9540610313415527,
    "protein_iptm": 0.0,
    "complex_plddt": 0.8142853379249573,
    "complex_iplddt": 0.7834219932556152,
    "complex_pde": 0.5660837292671204,
    "complex_ipde": 1.517706274986267,
    "chains_ptm": {
        "0": 0.7683818340301514,
        "1": 0.9001736640930176
    },
    "pair_chains_iptm": {
        "0": {
            "0": 0.7683818340301514,
            "1": 0.4142633080482483
        },
        "1": {
            "0": 0.9540610313415527,
            "1": 0.9001736640930176
        }
    }
}