{
    "affinity_pred_value": -1.2668888568878174,
    "affinity_probability_binary": 0.747602105140686,
    "affinity_pred_value1": -1.5922225713729858,
    "affinity_probability_binary1": 0.8951600790023804,
    "affinity_pred_value2": -0.9415552020072937,
    "affinity_probability_binary2": 0.6000441908836365
}