{
    "confidence_score": 0.7651564478874207,
    "ptm": 0.8265882730484009,
    "iptm": 0.9627041220664978,
    "ligand_iptm": 0.9627041220664978,
    "protein_iptm": 0.0,
    "complex_plddt": 0.7157695293426514,
    "complex_iplddt": 0.6208058595657349,
    "complex_pde": 0.4836520552635193,
    "complex_ipde": 0.8230556845664978,
    "chains_ptm": {
        "0": 0.8065336346626282,
        "1": 0.9073072075843811
    },
    "pair_chains_iptm": {
        "0": {
            "0": 0.8065336346626282,
            "1": 0.5166197419166565
        },
        "1": {
            "0": 0.9627041220664978,
            "1": 0.9073072075843811
        }
    }
}