{
    "affinity_pred_value": 0.19664746522903442,
    "affinity_probability_binary": 0.5010160803794861,
    "affinity_pred_value1": -0.4218575358390808,
    "affinity_probability_binary1": 0.6082513332366943,
    "affinity_pred_value2": 0.8151524662971497,
    "affinity_probability_binary2": 0.3937808573246002
}