{
    "confidence_score": 0.7318758368492126,
    "ptm": 0.8591357469558716,
    "iptm": 0.8540968894958496,
    "ligand_iptm": 0.8540968894958496,
    "protein_iptm": 0.0,
    "complex_plddt": 0.7013205289840698,
    "complex_iplddt": 0.5866785645484924,
    "complex_pde": 0.74001544713974,
    "complex_ipde": 2.154301881790161,
    "chains_ptm": {
        "0": 0.8600535988807678,
        "1": 0.8872430324554443
    },
    "pair_chains_iptm": {
        "0": {
            "0": 0.8600535988807678,
            "1": 0.4834255576133728
        },
        "1": {
            "0": 0.8540968894958496,
            "1": 0.8872430324554443
        }
    }
}