{
    "affinity_pred_value": 0.7784661054611206,
    "affinity_probability_binary": 0.1754247546195984,
    "affinity_pred_value1": 0.8827072978019714,
    "affinity_probability_binary1": 0.12725546956062317,
    "affinity_pred_value2": 0.674224853515625,
    "affinity_probability_binary2": 0.2235940396785736
}