{
    "confidence_score": 0.7211323976516724,
    "ptm": 0.876685619354248,
    "iptm": 0.7979282140731812,
    "ligand_iptm": 0.7979282140731812,
    "protein_iptm": 0.0,
    "complex_plddt": 0.7019333839416504,
    "complex_iplddt": 0.6133403182029724,
    "complex_pde": 0.7293331623077393,
    "complex_ipde": 2.784477472305298,
    "chains_ptm": {
        "0": 0.8902720212936401,
        "1": 0.8415744304656982
    },
    "pair_chains_iptm": {
        "0": {
            "0": 0.8902720212936401,
            "1": 0.34318944811820984
        },
        "1": {
            "0": 0.7979282140731812,
            "1": 0.8415744304656982
        }
    }
}