{
    "affinity_pred_value": 0.8526699542999268,
    "affinity_probability_binary": 0.12058837711811066,
    "affinity_pred_value1": 0.8934831619262695,
    "affinity_probability_binary1": 0.06770414113998413,
    "affinity_pred_value2": 0.8118568062782288,
    "affinity_probability_binary2": 0.17347261309623718
}