{
    "confidence_score": 0.7511200308799744,
    "ptm": 0.9045543074607849,
    "iptm": 0.7839287519454956,
    "ligand_iptm": 0.7839287519454956,
    "protein_iptm": 0.0,
    "complex_plddt": 0.7429177761077881,
    "complex_iplddt": 0.6814497709274292,
    "complex_pde": 0.668260395526886,
    "complex_ipde": 2.72589373588562,
    "chains_ptm": {
        "0": 0.926041305065155,
        "1": 0.878446102142334
    },
    "pair_chains_iptm": {
        "0": {
            "0": 0.926041305065155,
            "1": 0.34087732434272766
        },
        "1": {
            "0": 0.7839287519454956,
            "1": 0.878446102142334
        }
    }
}