{
    "affinity_pred_value": -0.30037325620651245,
    "affinity_probability_binary": 0.6909394264221191,
    "affinity_pred_value1": -1.0998841524124146,
    "affinity_probability_binary1": 0.739395022392273,
    "affinity_pred_value2": 0.49913761019706726,
    "affinity_probability_binary2": 0.6424838900566101
}