{
    "confidence_score": 0.9207173585891724,
    "ptm": 0.9527890682220459,
    "iptm": 0.9502313733100891,
    "ligand_iptm": 0.9502313733100891,
    "protein_iptm": 0.0,
    "complex_plddt": 0.9133387804031372,
    "complex_iplddt": 0.8623365163803101,
    "complex_pde": 0.44939765334129333,
    "complex_ipde": 0.6923295259475708,
    "chains_ptm": {
        "0": 0.9533334970474243,
        "1": 0.845360279083252
    },
    "pair_chains_iptm": {
        "0": {
            "0": 0.9533334970474243,
            "1": 0.6086052656173706
        },
        "1": {
            "0": 0.9502313733100891,
            "1": 0.845360279083252
        }
    }
}