{
    "affinity_pred_value": 0.5274608135223389,
    "affinity_probability_binary": 0.2002403736114502,
    "affinity_pred_value1": 0.687913715839386,
    "affinity_probability_binary1": 0.15525969862937927,
    "affinity_pred_value2": 0.367007851600647,
    "affinity_probability_binary2": 0.24522104859352112
}