{
    "confidence_score": 0.7499257922172546,
    "ptm": 0.9022774696350098,
    "iptm": 0.8676955699920654,
    "ligand_iptm": 0.8676955699920654,
    "protein_iptm": 0.0,
    "complex_plddt": 0.7204833030700684,
    "complex_iplddt": 0.6134644150733948,
    "complex_pde": 0.5458476543426514,
    "complex_ipde": 1.6638566255569458,
    "chains_ptm": {
        "0": 0.9076384902000427,
        "1": 0.8275396823883057
    },
    "pair_chains_iptm": {
        "0": {
            "0": 0.9076384902000427,
            "1": 0.37788647413253784
        },
        "1": {
            "0": 0.8676955699920654,
            "1": 0.8275396823883057
        }
    }
}