{
    "affinity_pred_value": 0.5814690589904785,
    "affinity_probability_binary": 0.34243911504745483,
    "affinity_pred_value1": 0.7538493871688843,
    "affinity_probability_binary1": 0.20758412778377533,
    "affinity_pred_value2": 0.409088671207428,
    "affinity_probability_binary2": 0.47729408740997314
}