{
    "confidence_score": 0.9302115440368652,
    "ptm": 0.9553051590919495,
    "iptm": 0.9735534191131592,
    "ligand_iptm": 0.9735534191131592,
    "protein_iptm": 0.0,
    "complex_plddt": 0.9193760752677917,
    "complex_iplddt": 0.8850700855255127,
    "complex_pde": 0.4189414083957672,
    "complex_ipde": 0.6066246628761292,
    "chains_ptm": {
        "0": 0.952762246131897,
        "1": 0.8808496594429016
    },
    "pair_chains_iptm": {
        "0": {
            "0": 0.952762246131897,
            "1": 0.5782759785652161
        },
        "1": {
            "0": 0.9735534191131592,
            "1": 0.8808496594429016
        }
    }
}