{
    "affinity_pred_value": -1.729802131652832,
    "affinity_probability_binary": 0.8988462686538696,
    "affinity_pred_value1": -1.8771754503250122,
    "affinity_probability_binary1": 0.9598889946937561,
    "affinity_pred_value2": -1.5824289321899414,
    "affinity_probability_binary2": 0.8378036022186279
}