{
    "confidence_score": 0.939448356628418,
    "ptm": 0.931370735168457,
    "iptm": 0.9865540266036987,
    "ligand_iptm": 0.9865540266036987,
    "protein_iptm": 0.0,
    "complex_plddt": 0.9276719093322754,
    "complex_iplddt": 0.9321902990341187,
    "complex_pde": 0.48157358169555664,
    "complex_ipde": 0.38538044691085815,
    "chains_ptm": {
        "0": 0.9269090294837952,
        "1": 0.9799975156784058
    },
    "pair_chains_iptm": {
        "0": {
            "0": 0.9269090294837952,
            "1": 0.7819610834121704
        },
        "1": {
            "0": 0.9865540266036987,
            "1": 0.9799975156784058
        }
    }
}