{
    "affinity_pred_value": -0.7171578407287598,
    "affinity_probability_binary": 0.29999127984046936,
    "affinity_pred_value1": -0.8267636299133301,
    "affinity_probability_binary1": 0.32842984795570374,
    "affinity_pred_value2": -0.6075521111488342,
    "affinity_probability_binary2": 0.271552711725235
}