{
    "confidence_score": 0.8320716023445129,
    "ptm": 0.7633116841316223,
    "iptm": 0.9019460678100586,
    "ligand_iptm": 0.9019460678100586,
    "protein_iptm": 0.0,
    "complex_plddt": 0.8146029710769653,
    "complex_iplddt": 0.7538838386535645,
    "complex_pde": 0.7893080711364746,
    "complex_ipde": 2.2882983684539795,
    "chains_ptm": {
        "0": 0.7351053357124329,
        "1": 0.8296273350715637
    },
    "pair_chains_iptm": {
        "0": {
            "0": 0.7351053357124329,
            "1": 0.34373676776885986
        },
        "1": {
            "0": 0.9019460678100586,
            "1": 0.8296273350715637
        }
    }
}