{
    "affinity_pred_value": 0.7241248488426208,
    "affinity_probability_binary": 0.3675701320171356,
    "affinity_pred_value1": 0.6174257397651672,
    "affinity_probability_binary1": 0.34955841302871704,
    "affinity_pred_value2": 0.8308239579200745,
    "affinity_probability_binary2": 0.3855818510055542
}