{
    "confidence_score": 0.9321126341819763,
    "ptm": 0.9511743783950806,
    "iptm": 0.9695631861686707,
    "ligand_iptm": 0.9695631861686707,
    "protein_iptm": 0.0,
    "complex_plddt": 0.922749936580658,
    "complex_iplddt": 0.8795468807220459,
    "complex_pde": 0.44602149724960327,
    "complex_ipde": 0.7129755020141602,
    "chains_ptm": {
        "0": 0.9484354257583618,
        "1": 0.836856484413147
    },
    "pair_chains_iptm": {
        "0": {
            "0": 0.9484354257583618,
            "1": 0.5029007196426392
        },
        "1": {
            "0": 0.9695631861686707,
            "1": 0.836856484413147
        }
    }
}