{
    "affinity_pred_value": -1.328284740447998,
    "affinity_probability_binary": 0.9121032357215881,
    "affinity_pred_value1": -1.3894376754760742,
    "affinity_probability_binary1": 0.90399169921875,
    "affinity_pred_value2": -1.2671316862106323,
    "affinity_probability_binary2": 0.9202147722244263
}