{
    "confidence_score": 0.9520586133003235,
    "ptm": 0.9520246386528015,
    "iptm": 0.978367805480957,
    "ligand_iptm": 0.978367805480957,
    "protein_iptm": 0.0,
    "complex_plddt": 0.9454813599586487,
    "complex_iplddt": 0.9221742749214172,
    "complex_pde": 0.41767263412475586,
    "complex_ipde": 0.5590395331382751,
    "chains_ptm": {
        "0": 0.9485184550285339,
        "1": 0.8786731958389282
    },
    "pair_chains_iptm": {
        "0": {
            "0": 0.9485184550285339,
            "1": 0.5638554692268372
        },
        "1": {
            "0": 0.978367805480957,
            "1": 0.8786731958389282
        }
    }
}