{
    "affinity_pred_value": -0.4965580403804779,
    "affinity_probability_binary": 0.4324568510055542,
    "affinity_pred_value1": -0.8222582340240479,
    "affinity_probability_binary1": 0.5548849701881409,
    "affinity_pred_value2": -0.17085784673690796,
    "affinity_probability_binary2": 0.3100287616252899
}