{
    "confidence_score": 0.7194439768791199,
    "ptm": 0.8839166760444641,
    "iptm": 0.7919251918792725,
    "ligand_iptm": 0.7919251918792725,
    "protein_iptm": 0.0,
    "complex_plddt": 0.7013236880302429,
    "complex_iplddt": 0.5571885108947754,
    "complex_pde": 0.6990077495574951,
    "complex_ipde": 2.278844118118286,
    "chains_ptm": {
        "0": 0.9062300324440002,
        "1": 0.7417240142822266
    },
    "pair_chains_iptm": {
        "0": {
            "0": 0.9062300324440002,
            "1": 0.33516961336135864
        },
        "1": {
            "0": 0.7919251918792725,
            "1": 0.7417240142822266
        }
    }
}