{
    "affinity_pred_value": -1.3816004991531372,
    "affinity_probability_binary": 0.9570517539978027,
    "affinity_pred_value1": -1.4513630867004395,
    "affinity_probability_binary1": 0.9425013661384583,
    "affinity_pred_value2": -1.311837911605835,
    "affinity_probability_binary2": 0.9716021418571472
}