{
    "confidence_score": 0.947644054889679,
    "ptm": 0.9623255133628845,
    "iptm": 0.9859504699707031,
    "ligand_iptm": 0.9859504699707031,
    "protein_iptm": 0.0,
    "complex_plddt": 0.9380673766136169,
    "complex_iplddt": 0.920404851436615,
    "complex_pde": 0.3649936318397522,
    "complex_ipde": 0.4566938281059265,
    "chains_ptm": {
        "0": 0.9589048624038696,
        "1": 0.9156919717788696
    },
    "pair_chains_iptm": {
        "0": {
            "0": 0.9589048624038696,
            "1": 0.6635048389434814
        },
        "1": {
            "0": 0.9859504699707031,
            "1": 0.9156919717788696
        }
    }
}