{
    "affinity_pred_value": 0.5427781343460083,
    "affinity_probability_binary": 0.32519251108169556,
    "affinity_pred_value1": 0.5153690576553345,
    "affinity_probability_binary1": 0.3288918733596802,
    "affinity_pred_value2": 0.5701872706413269,
    "affinity_probability_binary2": 0.32149314880371094
}