{
    "confidence_score": 0.7187033295631409,
    "ptm": 0.8564786314964294,
    "iptm": 0.8056792616844177,
    "ligand_iptm": 0.8056792616844177,
    "protein_iptm": 0.0,
    "complex_plddt": 0.6969593167304993,
    "complex_iplddt": 0.5061763525009155,
    "complex_pde": 0.7441595196723938,
    "complex_ipde": 2.5866575241088867,
    "chains_ptm": {
        "0": 0.8669381141662598,
        "1": 0.7920402884483337
    },
    "pair_chains_iptm": {
        "0": {
            "0": 0.8669381141662598,
            "1": 0.3162105083465576
        },
        "1": {
            "0": 0.8056792616844177,
            "1": 0.7920402884483337
        }
    }
}