{
    "affinity_pred_value": 0.5439929366111755,
    "affinity_probability_binary": 0.08420947194099426,
    "affinity_pred_value1": 0.4060443639755249,
    "affinity_probability_binary1": 0.10564005374908447,
    "affinity_pred_value2": 0.6819415092468262,
    "affinity_probability_binary2": 0.06277889758348465
}