{
    "confidence_score": 0.7108758091926575,
    "ptm": 0.8271580338478088,
    "iptm": 0.7584652304649353,
    "ligand_iptm": 0.7584652304649353,
    "protein_iptm": 0.0,
    "complex_plddt": 0.6989784240722656,
    "complex_iplddt": 0.5455242991447449,
    "complex_pde": 0.8278332948684692,
    "complex_ipde": 2.9062485694885254,
    "chains_ptm": {
        "0": 0.8420034050941467,
        "1": 0.8752531409263611
    },
    "pair_chains_iptm": {
        "0": {
            "0": 0.8420034050941467,
            "1": 0.2949450612068176
        },
        "1": {
            "0": 0.7584652304649353,
            "1": 0.8752531409263611
        }
    }
}