{
    "affinity_pred_value": 0.3874549865722656,
    "affinity_probability_binary": 0.7153400778770447,
    "affinity_pred_value1": 0.7129627466201782,
    "affinity_probability_binary1": 0.751677393913269,
    "affinity_pred_value2": 0.06194719672203064,
    "affinity_probability_binary2": 0.6790027618408203
}