{
    "confidence_score": 0.9330573081970215,
    "ptm": 0.9502860903739929,
    "iptm": 0.9600213170051575,
    "ligand_iptm": 0.9600213170051575,
    "protein_iptm": 0.0,
    "complex_plddt": 0.9263163208961487,
    "complex_iplddt": 0.8908073306083679,
    "complex_pde": 0.4488196074962616,
    "complex_ipde": 0.6854041218757629,
    "chains_ptm": {
        "0": 0.9484632611274719,
        "1": 0.8832093477249146
    },
    "pair_chains_iptm": {
        "0": {
            "0": 0.9484632611274719,
            "1": 0.6317018866539001
        },
        "1": {
            "0": 0.9600213170051575,
            "1": 0.8832093477249146
        }
    }
}