{
    "affinity_pred_value": 0.1281207948923111,
    "affinity_probability_binary": 0.28131914138793945,
    "affinity_pred_value1": 0.1116827130317688,
    "affinity_probability_binary1": 0.29461362957954407,
    "affinity_pred_value2": 0.1445588767528534,
    "affinity_probability_binary2": 0.2680246829986572
}