{
    "confidence_score": 0.7147911190986633,
    "ptm": 0.8821182250976562,
    "iptm": 0.8682299852371216,
    "ligand_iptm": 0.8682299852371216,
    "protein_iptm": 0.0,
    "complex_plddt": 0.67643141746521,
    "complex_iplddt": 0.515655517578125,
    "complex_pde": 0.6234467625617981,
    "complex_ipde": 1.6535197496414185,
    "chains_ptm": {
        "0": 0.8850168585777283,
        "1": 0.841725766658783
    },
    "pair_chains_iptm": {
        "0": {
            "0": 0.8850168585777283,
            "1": 0.5082287788391113
        },
        "1": {
            "0": 0.8682299852371216,
            "1": 0.841725766658783
        }
    }
}