{
    "affinity_pred_value": -1.2368535995483398,
    "affinity_probability_binary": 0.5284088253974915,
    "affinity_pred_value1": -1.1835787296295166,
    "affinity_probability_binary1": 0.46984532475471497,
    "affinity_pred_value2": -1.290128469467163,
    "affinity_probability_binary2": 0.5869722962379456
}