{
    "confidence_score": 0.8850602507591248,
    "ptm": 0.9128820300102234,
    "iptm": 0.9157575368881226,
    "ligand_iptm": 0.9157575368881226,
    "protein_iptm": 0.0,
    "complex_plddt": 0.8773858547210693,
    "complex_iplddt": 0.7724156975746155,
    "complex_pde": 0.6159965395927429,
    "complex_ipde": 1.2509225606918335,
    "chains_ptm": {
        "0": 0.9126836657524109,
        "1": 0.8351512551307678
    },
    "pair_chains_iptm": {
        "0": {
            "0": 0.9126836657524109,
            "1": 0.6235425472259521
        },
        "1": {
            "0": 0.9157575368881226,
            "1": 0.8351512551307678
        }
    }
}