{
    "affinity_pred_value": -0.18834930658340454,
    "affinity_probability_binary": 0.4385579824447632,
    "affinity_pred_value1": -0.3338961601257324,
    "affinity_probability_binary1": 0.6432997584342957,
    "affinity_pred_value2": -0.04280245676636696,
    "affinity_probability_binary2": 0.2338162213563919
}