{
    "confidence_score": 0.7360298037528992,
    "ptm": 0.9029030799865723,
    "iptm": 0.9247520565986633,
    "ligand_iptm": 0.9247520565986633,
    "protein_iptm": 0.0,
    "complex_plddt": 0.6888492107391357,
    "complex_iplddt": 0.5267626047134399,
    "complex_pde": 0.477652370929718,
    "complex_ipde": 1.1046735048294067,
    "chains_ptm": {
        "0": 0.8998246788978577,
        "1": 0.9257966876029968
    },
    "pair_chains_iptm": {
        "0": {
            "0": 0.8998246788978577,
            "1": 0.5478748679161072
        },
        "1": {
            "0": 0.9247520565986633,
            "1": 0.9257966876029968
        }
    }
}