{
    "affinity_pred_value": -0.5623141527175903,
    "affinity_probability_binary": 0.8868096470832825,
    "affinity_pred_value1": -0.9417740106582642,
    "affinity_probability_binary1": 0.8872328400611877,
    "affinity_pred_value2": -0.1828543245792389,
    "affinity_probability_binary2": 0.8863864541053772
}