{
    "confidence_score": 0.9409118890762329,
    "ptm": 0.964327871799469,
    "iptm": 0.9831467866897583,
    "ligand_iptm": 0.9831467866897583,
    "protein_iptm": 0.0,
    "complex_plddt": 0.9303531050682068,
    "complex_iplddt": 0.8982571363449097,
    "complex_pde": 0.3691195547580719,
    "complex_ipde": 0.47889870405197144,
    "chains_ptm": {
        "0": 0.9614109396934509,
        "1": 0.8183275461196899
    },
    "pair_chains_iptm": {
        "0": {
            "0": 0.9614109396934509,
            "1": 0.5906748175621033
        },
        "1": {
            "0": 0.9831467866897583,
            "1": 0.8183275461196899
        }
    }
}