{
    "affinity_pred_value": -0.31746166944503784,
    "affinity_probability_binary": 0.2956494987010956,
    "affinity_pred_value1": 0.16189250349998474,
    "affinity_probability_binary1": 0.31150904297828674,
    "affinity_pred_value2": -0.796815812587738,
    "affinity_probability_binary2": 0.2797899544239044
}