{
    "confidence_score": 0.7547723650932312,
    "ptm": 0.8878399133682251,
    "iptm": 0.8685711622238159,
    "ligand_iptm": 0.8685711622238159,
    "protein_iptm": 0.0,
    "complex_plddt": 0.7263226509094238,
    "complex_iplddt": 0.5724905133247375,
    "complex_pde": 0.6060883402824402,
    "complex_ipde": 1.8295601606369019,
    "chains_ptm": {
        "0": 0.8959094285964966,
        "1": 0.912617027759552
    },
    "pair_chains_iptm": {
        "0": {
            "0": 0.8959094285964966,
            "1": 0.4948357343673706
        },
        "1": {
            "0": 0.8685711622238159,
            "1": 0.912617027759552
        }
    }
}