{
    "affinity_pred_value": -0.7970221638679504,
    "affinity_probability_binary": 0.8644871115684509,
    "affinity_pred_value1": -0.8949304819107056,
    "affinity_probability_binary1": 0.9211484789848328,
    "affinity_pred_value2": -0.6991138458251953,
    "affinity_probability_binary2": 0.8078257441520691
}