{
    "confidence_score": 0.9085138440132141,
    "ptm": 0.8971831202507019,
    "iptm": 0.9627246856689453,
    "ligand_iptm": 0.9627246856689453,
    "protein_iptm": 0.0,
    "complex_plddt": 0.8949611186981201,
    "complex_iplddt": 0.8948692679405212,
    "complex_pde": 0.4344802498817444,
    "complex_ipde": 0.5631992220878601,
    "chains_ptm": {
        "0": 0.8916051387786865,
        "1": 0.881998598575592
    },
    "pair_chains_iptm": {
        "0": {
            "0": 0.8916051387786865,
            "1": 0.4440075755119324
        },
        "1": {
            "0": 0.9627246856689453,
            "1": 0.881998598575592
        }
    }
}