{
    "affinity_pred_value": 0.19294555485248566,
    "affinity_probability_binary": 0.6215623617172241,
    "affinity_pred_value1": 0.3486642837524414,
    "affinity_probability_binary1": 0.6054741144180298,
    "affinity_pred_value2": 0.03722682222723961,
    "affinity_probability_binary2": 0.6376506090164185
}