{
    "confidence_score": 0.9352450370788574,
    "ptm": 0.9322249889373779,
    "iptm": 0.9623937010765076,
    "ligand_iptm": 0.9623937010765076,
    "protein_iptm": 0.0,
    "complex_plddt": 0.9284578561782837,
    "complex_iplddt": 0.879813015460968,
    "complex_pde": 0.4823119342327118,
    "complex_ipde": 0.6994343996047974,
    "chains_ptm": {
        "0": 0.9271260499954224,
        "1": 0.842693567276001
    },
    "pair_chains_iptm": {
        "0": {
            "0": 0.9271260499954224,
            "1": 0.5630257725715637
        },
        "1": {
            "0": 0.9623937010765076,
            "1": 0.842693567276001
        }
    }
}