{
    "affinity_pred_value": 0.22513967752456665,
    "affinity_probability_binary": 0.3865835964679718,
    "affinity_pred_value1": 0.499075710773468,
    "affinity_probability_binary1": 0.4008290469646454,
    "affinity_pred_value2": -0.04879636690020561,
    "affinity_probability_binary2": 0.3723381459712982
}