{
    "confidence_score": 0.7703486680984497,
    "ptm": 0.776911199092865,
    "iptm": 0.8817794919013977,
    "ligand_iptm": 0.8817794919013977,
    "protein_iptm": 0.0,
    "complex_plddt": 0.7424909472465515,
    "complex_iplddt": 0.5614699721336365,
    "complex_pde": 0.7320482730865479,
    "complex_ipde": 1.9885625839233398,
    "chains_ptm": {
        "0": 0.7535368800163269,
        "1": 0.8344362378120422
    },
    "pair_chains_iptm": {
        "0": {
            "0": 0.7535368800163269,
            "1": 0.4507594704627991
        },
        "1": {
            "0": 0.8817794919013977,
            "1": 0.8344362378120422
        }
    }
}