{
    "affinity_pred_value": 0.3187536299228668,
    "affinity_probability_binary": 0.18188509345054626,
    "affinity_pred_value1": 0.5592131614685059,
    "affinity_probability_binary1": 0.14395326375961304,
    "affinity_pred_value2": 0.07829408347606659,
    "affinity_probability_binary2": 0.21981693804264069
}