{
    "confidence_score": 0.7577703595161438,
    "ptm": 0.9161953926086426,
    "iptm": 0.8866590261459351,
    "ligand_iptm": 0.8866590261459351,
    "protein_iptm": 0.0,
    "complex_plddt": 0.7255481481552124,
    "complex_iplddt": 0.6297650933265686,
    "complex_pde": 0.507628321647644,
    "complex_ipde": 1.5318303108215332,
    "chains_ptm": {
        "0": 0.9229741096496582,
        "1": 0.833164632320404
    },
    "pair_chains_iptm": {
        "0": {
            "0": 0.9229741096496582,
            "1": 0.4516409933567047
        },
        "1": {
            "0": 0.8866590261459351,
            "1": 0.833164632320404
        }
    }
}