{
    "affinity_pred_value": -0.9008448123931885,
    "affinity_probability_binary": 0.32396817207336426,
    "affinity_pred_value1": -0.6895917654037476,
    "affinity_probability_binary1": 0.39234238862991333,
    "affinity_pred_value2": -1.1120978593826294,
    "affinity_probability_binary2": 0.2555939257144928
}