{
    "confidence_score": 0.7332680821418762,
    "ptm": 0.8977429866790771,
    "iptm": 0.9121829271316528,
    "ligand_iptm": 0.9121829271316528,
    "protein_iptm": 0.0,
    "complex_plddt": 0.6885393261909485,
    "complex_iplddt": 0.5437047481536865,
    "complex_pde": 0.5295092463493347,
    "complex_ipde": 1.0516759157180786,
    "chains_ptm": {
        "0": 0.8975361585617065,
        "1": 0.9014137387275696
    },
    "pair_chains_iptm": {
        "0": {
            "0": 0.8975361585617065,
            "1": 0.5782615542411804
        },
        "1": {
            "0": 0.9121829271316528,
            "1": 0.9014137387275696
        }
    }
}