{
    "affinity_pred_value": -1.5050653219223022,
    "affinity_probability_binary": 0.9613531231880188,
    "affinity_pred_value1": -1.9590016603469849,
    "affinity_probability_binary1": 0.9703561663627625,
    "affinity_pred_value2": -1.0511289834976196,
    "affinity_probability_binary2": 0.9523500800132751
}