{
    "confidence_score": 0.9387605786323547,
    "ptm": 0.955742359161377,
    "iptm": 0.9847175478935242,
    "ligand_iptm": 0.9847175478935242,
    "protein_iptm": 0.0,
    "complex_plddt": 0.9272713661193848,
    "complex_iplddt": 0.9136089086532593,
    "complex_pde": 0.3841412663459778,
    "complex_ipde": 0.47930672764778137,
    "chains_ptm": {
        "0": 0.9511527419090271,
        "1": 0.8465088605880737
    },
    "pair_chains_iptm": {
        "0": {
            "0": 0.9511527419090271,
            "1": 0.6206035614013672
        },
        "1": {
            "0": 0.9847175478935242,
            "1": 0.8465088605880737
        }
    }
}