{
    "affinity_pred_value": 0.5329097509384155,
    "affinity_probability_binary": 0.12714733183383942,
    "affinity_pred_value1": 0.4798423647880554,
    "affinity_probability_binary1": 0.1334613710641861,
    "affinity_pred_value2": 0.5859771966934204,
    "affinity_probability_binary2": 0.12083330005407333
}