{
    "confidence_score": 0.7135935425758362,
    "ptm": 0.872050404548645,
    "iptm": 0.8858774304389954,
    "ligand_iptm": 0.8858774304389954,
    "protein_iptm": 0.0,
    "complex_plddt": 0.6705225706100464,
    "complex_iplddt": 0.5291778445243835,
    "complex_pde": 0.6117960810661316,
    "complex_ipde": 1.5665351152420044,
    "chains_ptm": {
        "0": 0.869718074798584,
        "1": 0.9328838586807251
    },
    "pair_chains_iptm": {
        "0": {
            "0": 0.869718074798584,
            "1": 0.5591990351676941
        },
        "1": {
            "0": 0.8858774304389954,
            "1": 0.9328838586807251
        }
    }
}