{
    "affinity_pred_value": -0.3547652065753937,
    "affinity_probability_binary": 0.25198131799697876,
    "affinity_pred_value1": -0.11163855344057083,
    "affinity_probability_binary1": 0.2609676420688629,
    "affinity_pred_value2": -0.5978918671607971,
    "affinity_probability_binary2": 0.242995023727417
}