{
    "confidence_score": 0.7534813284873962,
    "ptm": 0.925249457359314,
    "iptm": 0.91692715883255,
    "ligand_iptm": 0.91692715883255,
    "protein_iptm": 0.0,
    "complex_plddt": 0.7126198410987854,
    "complex_iplddt": 0.6411237716674805,
    "complex_pde": 0.49052542448043823,
    "complex_ipde": 1.2384064197540283,
    "chains_ptm": {
        "0": 0.9275760650634766,
        "1": 0.8437525033950806
    },
    "pair_chains_iptm": {
        "0": {
            "0": 0.9275760650634766,
            "1": 0.4895976781845093
        },
        "1": {
            "0": 0.91692715883255,
            "1": 0.8437525033950806
        }
    }
}