{
    "affinity_pred_value": -0.3115047514438629,
    "affinity_probability_binary": 0.8145861625671387,
    "affinity_pred_value1": -0.3555273413658142,
    "affinity_probability_binary1": 0.8522441983222961,
    "affinity_pred_value2": -0.2674821615219116,
    "affinity_probability_binary2": 0.776928186416626
}