{
    "confidence_score": 0.9311728477478027,
    "ptm": 0.9251371026039124,
    "iptm": 0.9808709025382996,
    "ligand_iptm": 0.9808709025382996,
    "protein_iptm": 0.0,
    "complex_plddt": 0.9187483191490173,
    "complex_iplddt": 0.9097320437431335,
    "complex_pde": 0.49207165837287903,
    "complex_ipde": 0.5065097808837891,
    "chains_ptm": {
        "0": 0.9192103147506714,
        "1": 0.9763741493225098
    },
    "pair_chains_iptm": {
        "0": {
            "0": 0.9192103147506714,
            "1": 0.7272949814796448
        },
        "1": {
            "0": 0.9808709025382996,
            "1": 0.9763741493225098
        }
    }
}