{
    "affinity_pred_value": -1.2611193656921387,
    "affinity_probability_binary": 0.7068425416946411,
    "affinity_pred_value1": -1.5507148504257202,
    "affinity_probability_binary1": 0.7438575029373169,
    "affinity_pred_value2": -0.9715238213539124,
    "affinity_probability_binary2": 0.6698275804519653
}