{
    "confidence_score": 0.9352671504020691,
    "ptm": 0.9354700446128845,
    "iptm": 0.9669991731643677,
    "ligand_iptm": 0.9669991731643677,
    "protein_iptm": 0.0,
    "complex_plddt": 0.927334189414978,
    "complex_iplddt": 0.9030463695526123,
    "complex_pde": 0.45829319953918457,
    "complex_ipde": 0.572871744632721,
    "chains_ptm": {
        "0": 0.9314448833465576,
        "1": 0.916429877281189
    },
    "pair_chains_iptm": {
        "0": {
            "0": 0.9314448833465576,
            "1": 0.6394115090370178
        },
        "1": {
            "0": 0.9669991731643677,
            "1": 0.916429877281189
        }
    }
}