{
    "affinity_pred_value": 0.16744285821914673,
    "affinity_probability_binary": 0.2959163784980774,
    "affinity_pred_value1": 0.3231355547904968,
    "affinity_probability_binary1": 0.21814179420471191,
    "affinity_pred_value2": 0.011750172823667526,
    "affinity_probability_binary2": 0.37369099259376526
}