{
    "confidence_score": 0.7107581496238708,
    "ptm": 0.7465599775314331,
    "iptm": 0.7679704427719116,
    "ligand_iptm": 0.7679704427719116,
    "protein_iptm": 0.0,
    "complex_plddt": 0.6964550614356995,
    "complex_iplddt": 0.548088788986206,
    "complex_pde": 1.1546909809112549,
    "complex_ipde": 3.8296661376953125,
    "chains_ptm": {
        "0": 0.7455554604530334,
        "1": 0.8939434289932251
    },
    "pair_chains_iptm": {
        "0": {
            "0": 0.7455554604530334,
            "1": 0.3248172700405121
        },
        "1": {
            "0": 0.7679704427719116,
            "1": 0.8939434289932251
        }
    }
}