{
    "affinity_pred_value": -1.06814706325531,
    "affinity_probability_binary": 0.8353431224822998,
    "affinity_pred_value1": -1.4217497110366821,
    "affinity_probability_binary1": 0.9477033019065857,
    "affinity_pred_value2": -0.714544415473938,
    "affinity_probability_binary2": 0.7229829430580139
}