{
    "confidence_score": 0.9338639378547668,
    "ptm": 0.9321680068969727,
    "iptm": 0.9713689088821411,
    "ligand_iptm": 0.9713689088821411,
    "protein_iptm": 0.0,
    "complex_plddt": 0.9244877099990845,
    "complex_iplddt": 0.8954265713691711,
    "complex_pde": 0.4747042953968048,
    "complex_ipde": 0.5483571290969849,
    "chains_ptm": {
        "0": 0.9286971688270569,
        "1": 0.9235705137252808
    },
    "pair_chains_iptm": {
        "0": {
            "0": 0.9286971688270569,
            "1": 0.6281691193580627
        },
        "1": {
            "0": 0.9713689088821411,
            "1": 0.9235705137252808
        }
    }
}