{
    "affinity_pred_value": 1.0016862154006958,
    "affinity_probability_binary": 0.07238604873418808,
    "affinity_pred_value1": 1.264100432395935,
    "affinity_probability_binary1": 0.08212707936763763,
    "affinity_pred_value2": 0.7392719984054565,
    "affinity_probability_binary2": 0.06264501810073853
}