{
    "confidence_score": 0.7415550947189331,
    "ptm": 0.721890926361084,
    "iptm": 0.714637279510498,
    "ligand_iptm": 0.714637279510498,
    "protein_iptm": 0.0,
    "complex_plddt": 0.7482845187187195,
    "complex_iplddt": 0.6330727934837341,
    "complex_pde": 1.2401299476623535,
    "complex_ipde": 4.221286773681641,
    "chains_ptm": {
        "0": 0.7250311374664307,
        "1": 0.8788405656814575
    },
    "pair_chains_iptm": {
        "0": {
            "0": 0.7250311374664307,
            "1": 0.29882916808128357
        },
        "1": {
            "0": 0.714637279510498,
            "1": 0.8788405656814575
        }
    }
}