{
    "affinity_pred_value": -1.4093117713928223,
    "affinity_probability_binary": 0.9659976363182068,
    "affinity_pred_value1": -1.739855408668518,
    "affinity_probability_binary1": 0.973678708076477,
    "affinity_pred_value2": -1.078768014907837,
    "affinity_probability_binary2": 0.9583165645599365
}