{
    "confidence_score": 0.918221652507782,
    "ptm": 0.9023120999336243,
    "iptm": 0.9827021956443787,
    "ligand_iptm": 0.9827021956443787,
    "protein_iptm": 0.0,
    "complex_plddt": 0.9021015763282776,
    "complex_iplddt": 0.9143484830856323,
    "complex_pde": 0.41954630613327026,
    "complex_ipde": 0.5156381726264954,
    "chains_ptm": {
        "0": 0.8897748589515686,
        "1": 0.8616620898246765
    },
    "pair_chains_iptm": {
        "0": {
            "0": 0.8897748589515686,
            "1": 0.5781479477882385
        },
        "1": {
            "0": 0.9827021956443787,
            "1": 0.8616620898246765
        }
    }
}