{
    "affinity_pred_value": 0.1495693325996399,
    "affinity_probability_binary": 0.2793159782886505,
    "affinity_pred_value1": 0.1561940610408783,
    "affinity_probability_binary1": 0.3249359428882599,
    "affinity_pred_value2": 0.1429446041584015,
    "affinity_probability_binary2": 0.23369601368904114
}