{
    "confidence_score": 0.6843096017837524,
    "ptm": 0.7946799993515015,
    "iptm": 0.8106786012649536,
    "ligand_iptm": 0.8106786012649536,
    "protein_iptm": 0.0,
    "complex_plddt": 0.6527173519134521,
    "complex_iplddt": 0.4303858280181885,
    "complex_pde": 0.8545936346054077,
    "complex_ipde": 2.4674477577209473,
    "chains_ptm": {
        "0": 0.792695939540863,
        "1": 0.8266047835350037
    },
    "pair_chains_iptm": {
        "0": {
            "0": 0.792695939540863,
            "1": 0.37587934732437134
        },
        "1": {
            "0": 0.8106786012649536,
            "1": 0.8266047835350037
        }
    }
}