{
    "affinity_pred_value": -0.8452402353286743,
    "affinity_probability_binary": 0.6479204893112183,
    "affinity_pred_value1": -0.633749783039093,
    "affinity_probability_binary1": 0.7233825922012329,
    "affinity_pred_value2": -1.0567307472229004,
    "affinity_probability_binary2": 0.5724583864212036
}