{
    "confidence_score": 0.6832045316696167,
    "ptm": 0.845274031162262,
    "iptm": 0.7827215194702148,
    "ligand_iptm": 0.7827215194702148,
    "protein_iptm": 0.0,
    "complex_plddt": 0.6583252549171448,
    "complex_iplddt": 0.46266815066337585,
    "complex_pde": 0.8433800339698792,
    "complex_ipde": 2.6688778400421143,
    "chains_ptm": {
        "0": 0.8613603115081787,
        "1": 0.8998552560806274
    },
    "pair_chains_iptm": {
        "0": {
            "0": 0.8613603115081787,
            "1": 0.41860663890838623
        },
        "1": {
            "0": 0.7827215194702148,
            "1": 0.8998552560806274
        }
    }
}