{
    "affinity_pred_value": -0.3925119936466217,
    "affinity_probability_binary": 0.5402084589004517,
    "affinity_pred_value1": 0.022650964558124542,
    "affinity_probability_binary1": 0.6261041164398193,
    "affinity_pred_value2": -0.8076749444007874,
    "affinity_probability_binary2": 0.454312801361084
}