{
    "confidence_score": 0.7057570815086365,
    "ptm": 0.9014396667480469,
    "iptm": 0.781481146812439,
    "ligand_iptm": 0.781481146812439,
    "protein_iptm": 0.0,
    "complex_plddt": 0.6868259906768799,
    "complex_iplddt": 0.4972345232963562,
    "complex_pde": 0.6983267664909363,
    "complex_ipde": 2.517394781112671,
    "chains_ptm": {
        "0": 0.9236497282981873,
        "1": 0.8999418616294861
    },
    "pair_chains_iptm": {
        "0": {
            "0": 0.9236497282981873,
            "1": 0.41058194637298584
        },
        "1": {
            "0": 0.781481146812439,
            "1": 0.8999418616294861
        }
    }
}