{
    "affinity_pred_value": -0.23812982439994812,
    "affinity_probability_binary": 0.6125093698501587,
    "affinity_pred_value1": 0.4963582754135132,
    "affinity_probability_binary1": 0.7939895391464233,
    "affinity_pred_value2": -0.9726179242134094,
    "affinity_probability_binary2": 0.43102923035621643
}