{
    "confidence_score": 0.6784138083457947,
    "ptm": 0.8956989645957947,
    "iptm": 0.819030225276947,
    "ligand_iptm": 0.819030225276947,
    "protein_iptm": 0.0,
    "complex_plddt": 0.6432596445083618,
    "complex_iplddt": 0.40021780133247375,
    "complex_pde": 0.641772449016571,
    "complex_ipde": 2.064648151397705,
    "chains_ptm": {
        "0": 0.9162905812263489,
        "1": 0.9056383371353149
    },
    "pair_chains_iptm": {
        "0": {
            "0": 0.9162905812263489,
            "1": 0.49861204624176025
        },
        "1": {
            "0": 0.819030225276947,
            "1": 0.9056383371353149
        }
    }
}