{
    "affinity_pred_value": -0.29671064019203186,
    "affinity_probability_binary": 0.26550182700157166,
    "affinity_pred_value1": -0.05270656198263168,
    "affinity_probability_binary1": 0.14582590758800507,
    "affinity_pred_value2": -0.5407147407531738,
    "affinity_probability_binary2": 0.38517776131629944
}