{
    "confidence_score": 0.7544276714324951,
    "ptm": 0.9260165691375732,
    "iptm": 0.8817131519317627,
    "ligand_iptm": 0.8817131519317627,
    "protein_iptm": 0.0,
    "complex_plddt": 0.7226063013076782,
    "complex_iplddt": 0.5701130628585815,
    "complex_pde": 0.5130179524421692,
    "complex_ipde": 1.4426578283309937,
    "chains_ptm": {
        "0": 0.9355134963989258,
        "1": 0.7667537331581116
    },
    "pair_chains_iptm": {
        "0": {
            "0": 0.9355134963989258,
            "1": 0.4412267208099365
        },
        "1": {
            "0": 0.8817131519317627,
            "1": 0.7667537331581116
        }
    }
}