{
    "affinity_pred_value": 0.134538933634758,
    "affinity_probability_binary": 0.32492828369140625,
    "affinity_pred_value1": -0.029014628380537033,
    "affinity_probability_binary1": 0.4299098253250122,
    "affinity_pred_value2": 0.29809248447418213,
    "affinity_probability_binary2": 0.21994677186012268
}