{
    "confidence_score": 0.7638983130455017,
    "ptm": 0.760100781917572,
    "iptm": 0.8973378539085388,
    "ligand_iptm": 0.8973378539085388,
    "protein_iptm": 0.0,
    "complex_plddt": 0.7305384278297424,
    "complex_iplddt": 0.5184695720672607,
    "complex_pde": 0.7194449305534363,
    "complex_ipde": 1.7950439453125,
    "chains_ptm": {
        "0": 0.7383085489273071,
        "1": 0.9097902178764343
    },
    "pair_chains_iptm": {
        "0": {
            "0": 0.7383085489273071,
            "1": 0.4861338138580322
        },
        "1": {
            "0": 0.8973378539085388,
            "1": 0.9097902178764343
        }
    }
}