{
    "affinity_pred_value": 0.20326873660087585,
    "affinity_probability_binary": 0.2301548421382904,
    "affinity_pred_value1": 0.14902929961681366,
    "affinity_probability_binary1": 0.22413115203380585,
    "affinity_pred_value2": 0.25750815868377686,
    "affinity_probability_binary2": 0.23617853224277496
}