{
    "confidence_score": 0.7466511726379395,
    "ptm": 0.9111685156822205,
    "iptm": 0.8970586061477661,
    "ligand_iptm": 0.8970586061477661,
    "protein_iptm": 0.0,
    "complex_plddt": 0.7090492844581604,
    "complex_iplddt": 0.5997563004493713,
    "complex_pde": 0.5356860756874084,
    "complex_ipde": 1.3642507791519165,
    "chains_ptm": {
        "0": 0.9153971076011658,
        "1": 0.8821309208869934
    },
    "pair_chains_iptm": {
        "0": {
            "0": 0.9153971076011658,
            "1": 0.6803520917892456
        },
        "1": {
            "0": 0.8970586061477661,
            "1": 0.8821309208869934
        }
    }
}