{
    "affinity_pred_value": 0.03485044836997986,
    "affinity_probability_binary": 0.20319917798042297,
    "affinity_pred_value1": 0.6011398434638977,
    "affinity_probability_binary1": 0.15697671473026276,
    "affinity_pred_value2": -0.531438946723938,
    "affinity_probability_binary2": 0.249421626329422
}