{
    "confidence_score": 0.7531489729881287,
    "ptm": 0.892689049243927,
    "iptm": 0.8774240612983704,
    "ligand_iptm": 0.8774240612983704,
    "protein_iptm": 0.0,
    "complex_plddt": 0.7220802307128906,
    "complex_iplddt": 0.5717054009437561,
    "complex_pde": 0.5661377310752869,
    "complex_ipde": 1.7318401336669922,
    "chains_ptm": {
        "0": 0.8961892127990723,
        "1": 0.8304572105407715
    },
    "pair_chains_iptm": {
        "0": {
            "0": 0.8961892127990723,
            "1": 0.4182613790035248
        },
        "1": {
            "0": 0.8774240612983704,
            "1": 0.8304572105407715
        }
    }
}