{
    "affinity_pred_value": 1.7094899415969849,
    "affinity_probability_binary": 0.2317606657743454,
    "affinity_pred_value1": 1.7196305990219116,
    "affinity_probability_binary1": 0.22126668691635132,
    "affinity_pred_value2": 1.699349284172058,
    "affinity_probability_binary2": 0.24225464463233948
}