{
    "confidence_score": 0.9287498593330383,
    "ptm": 0.940172016620636,
    "iptm": 0.9267931580543518,
    "ligand_iptm": 0.9267931580543518,
    "protein_iptm": 0.0,
    "complex_plddt": 0.92923903465271,
    "complex_iplddt": 0.8816113471984863,
    "complex_pde": 0.489009827375412,
    "complex_ipde": 0.8578388094902039,
    "chains_ptm": {
        "0": 0.9413674473762512,
        "1": 0.8855472207069397
    },
    "pair_chains_iptm": {
        "0": {
            "0": 0.9413674473762512,
            "1": 0.4580741226673126
        },
        "1": {
            "0": 0.9267931580543518,
            "1": 0.8855472207069397
        }
    }
}