{
    "affinity_pred_value": -0.13069075345993042,
    "affinity_probability_binary": 0.17557832598686218,
    "affinity_pred_value1": 0.5375787615776062,
    "affinity_probability_binary1": 0.17584021389484406,
    "affinity_pred_value2": -0.798960268497467,
    "affinity_probability_binary2": 0.1753164529800415
}