{
    "confidence_score": 0.7251983880996704,
    "ptm": 0.8743304014205933,
    "iptm": 0.7873590588569641,
    "ligand_iptm": 0.7873590588569641,
    "protein_iptm": 0.0,
    "complex_plddt": 0.7096582055091858,
    "complex_iplddt": 0.6287794709205627,
    "complex_pde": 0.7615914344787598,
    "complex_ipde": 2.5143020153045654,
    "chains_ptm": {
        "0": 0.8952680230140686,
        "1": 0.837238073348999
    },
    "pair_chains_iptm": {
        "0": {
            "0": 0.8952680230140686,
            "1": 0.3186095952987671
        },
        "1": {
            "0": 0.7873590588569641,
            "1": 0.837238073348999
        }
    }
}