{
    "affinity_pred_value": 0.4288225471973419,
    "affinity_probability_binary": 0.4428471326828003,
    "affinity_pred_value1": -0.003180675208568573,
    "affinity_probability_binary1": 0.4707230031490326,
    "affinity_pred_value2": 0.860825777053833,
    "affinity_probability_binary2": 0.4149712920188904
}