{
    "confidence_score": 0.9436941146850586,
    "ptm": 0.9509856700897217,
    "iptm": 0.9709590673446655,
    "ligand_iptm": 0.9709590673446655,
    "protein_iptm": 0.0,
    "complex_plddt": 0.9368779063224792,
    "complex_iplddt": 0.8971825838088989,
    "complex_pde": 0.4377712309360504,
    "complex_ipde": 0.6759633421897888,
    "chains_ptm": {
        "0": 0.947526216506958,
        "1": 0.8908957839012146
    },
    "pair_chains_iptm": {
        "0": {
            "0": 0.947526216506958,
            "1": 0.6081691980361938
        },
        "1": {
            "0": 0.9709590673446655,
            "1": 0.8908957839012146
        }
    }
}