{
    "affinity_pred_value": -1.5435798168182373,
    "affinity_probability_binary": 0.9248895049095154,
    "affinity_pred_value1": -2.1428942680358887,
    "affinity_probability_binary1": 0.9893890023231506,
    "affinity_pred_value2": -0.9442652463912964,
    "affinity_probability_binary2": 0.8603900074958801
}