{
    "confidence_score": 0.9495505690574646,
    "ptm": 0.9521965384483337,
    "iptm": 0.9767389893531799,
    "ligand_iptm": 0.9767389893531799,
    "protein_iptm": 0.0,
    "complex_plddt": 0.9427534341812134,
    "complex_iplddt": 0.9191800355911255,
    "complex_pde": 0.40968480706214905,
    "complex_ipde": 0.5651522278785706,
    "chains_ptm": {
        "0": 0.9486455917358398,
        "1": 0.9172211289405823
    },
    "pair_chains_iptm": {
        "0": {
            "0": 0.9486455917358398,
            "1": 0.5982785820960999
        },
        "1": {
            "0": 0.9767389893531799,
            "1": 0.9172211289405823
        }
    }
}