{
    "affinity_pred_value": -0.07575921714305878,
    "affinity_probability_binary": 0.20821358263492584,
    "affinity_pred_value1": 0.10987862944602966,
    "affinity_probability_binary1": 0.1700786054134369,
    "affinity_pred_value2": -0.2613970637321472,
    "affinity_probability_binary2": 0.2463485598564148
}