{
    "confidence_score": 0.6809234619140625,
    "ptm": 0.7768994569778442,
    "iptm": 0.8067684769630432,
    "ligand_iptm": 0.8067684769630432,
    "protein_iptm": 0.0,
    "complex_plddt": 0.6494622230529785,
    "complex_iplddt": 0.4129040539264679,
    "complex_pde": 0.7983946204185486,
    "complex_ipde": 1.9951870441436768,
    "chains_ptm": {
        "0": 0.7723077535629272,
        "1": 0.8460081815719604
    },
    "pair_chains_iptm": {
        "0": {
            "0": 0.7723077535629272,
            "1": 0.34697332978248596
        },
        "1": {
            "0": 0.8067684769630432,
            "1": 0.8460081815719604
        }
    }
}