{
    "affinity_pred_value": -1.2236168384552002,
    "affinity_probability_binary": 0.4337742030620575,
    "affinity_pred_value1": -1.128212332725525,
    "affinity_probability_binary1": 0.39023128151893616,
    "affinity_pred_value2": -1.319021463394165,
    "affinity_probability_binary2": 0.47731712460517883
}