{
    "confidence_score": 0.6745179891586304,
    "ptm": 0.8712761998176575,
    "iptm": 0.8894367218017578,
    "ligand_iptm": 0.8894367218017578,
    "protein_iptm": 0.0,
    "complex_plddt": 0.6207882761955261,
    "complex_iplddt": 0.4375551640987396,
    "complex_pde": 0.6209759712219238,
    "complex_ipde": 1.4411498308181763,
    "chains_ptm": {
        "0": 0.8685703873634338,
        "1": 0.8853684067726135
    },
    "pair_chains_iptm": {
        "0": {
            "0": 0.8685703873634338,
            "1": 0.5593203902244568
        },
        "1": {
            "0": 0.8894367218017578,
            "1": 0.8853684067726135
        }
    }
}