{
    "affinity_pred_value": 0.5412169694900513,
    "affinity_probability_binary": 0.27461016178131104,
    "affinity_pred_value1": 0.9470160007476807,
    "affinity_probability_binary1": 0.2684096395969391,
    "affinity_pred_value2": 0.1354178786277771,
    "affinity_probability_binary2": 0.2808106541633606
}