{
    "confidence_score": 0.7668326497077942,
    "ptm": 0.8775743246078491,
    "iptm": 0.9210608005523682,
    "ligand_iptm": 0.9210608005523682,
    "protein_iptm": 0.0,
    "complex_plddt": 0.7282755970954895,
    "complex_iplddt": 0.7135698795318604,
    "complex_pde": 0.6059911847114563,
    "complex_ipde": 1.4155817031860352,
    "chains_ptm": {
        "0": 0.8734146356582642,
        "1": 0.8512614965438843
    },
    "pair_chains_iptm": {
        "0": {
            "0": 0.8734146356582642,
            "1": 0.43437060713768005
        },
        "1": {
            "0": 0.9210608005523682,
            "1": 0.8512614965438843
        }
    }
}