{
    "affinity_pred_value": 0.08470427989959717,
    "affinity_probability_binary": 0.34070760011672974,
    "affinity_pred_value1": 0.6254304647445679,
    "affinity_probability_binary1": 0.41726139187812805,
    "affinity_pred_value2": -0.45602190494537354,
    "affinity_probability_binary2": 0.26415377855300903
}