{
    "confidence_score": 0.7417816519737244,
    "ptm": 0.9365020990371704,
    "iptm": 0.9129502177238464,
    "ligand_iptm": 0.9129502177238464,
    "protein_iptm": 0.0,
    "complex_plddt": 0.6989895105361938,
    "complex_iplddt": 0.5849084258079529,
    "complex_pde": 0.4522576630115509,
    "complex_ipde": 1.066950798034668,
    "chains_ptm": {
        "0": 0.9421698451042175,
        "1": 0.843647301197052
    },
    "pair_chains_iptm": {
        "0": {
            "0": 0.9421698451042175,
            "1": 0.5087681412696838
        },
        "1": {
            "0": 0.9129502177238464,
            "1": 0.843647301197052
        }
    }
}