{
    "affinity_pred_value": 0.12823833525180817,
    "affinity_probability_binary": 0.2598578929901123,
    "affinity_pred_value1": 0.051371678709983826,
    "affinity_probability_binary1": 0.2998081147670746,
    "affinity_pred_value2": 0.2051049917936325,
    "affinity_probability_binary2": 0.21990768611431122
}