{
    "confidence_score": 0.7028738856315613,
    "ptm": 0.7253414392471313,
    "iptm": 0.7810778021812439,
    "ligand_iptm": 0.7810778021812439,
    "protein_iptm": 0.0,
    "complex_plddt": 0.6833228468894958,
    "complex_iplddt": 0.3557189404964447,
    "complex_pde": 0.9065296053886414,
    "complex_ipde": 2.8756251335144043,
    "chains_ptm": {
        "0": 0.7208991050720215,
        "1": 0.8395766615867615
    },
    "pair_chains_iptm": {
        "0": {
            "0": 0.7208991050720215,
            "1": 0.2839798629283905
        },
        "1": {
            "0": 0.7810778021812439,
            "1": 0.8395766615867615
        }
    }
}