{
    "affinity_pred_value": -0.6567549109458923,
    "affinity_probability_binary": 0.5865688323974609,
    "affinity_pred_value1": -0.2658851444721222,
    "affinity_probability_binary1": 0.5829461812973022,
    "affinity_pred_value2": -1.0476247072219849,
    "affinity_probability_binary2": 0.5901915431022644
}