{
    "confidence_score": 0.7465803027153015,
    "ptm": 0.7326564192771912,
    "iptm": 0.7984343767166138,
    "ligand_iptm": 0.7984343767166138,
    "protein_iptm": 0.0,
    "complex_plddt": 0.7336167693138123,
    "complex_iplddt": 0.44215476512908936,
    "complex_pde": 0.8853114247322083,
    "complex_ipde": 2.9041740894317627,
    "chains_ptm": {
        "0": 0.7211028337478638,
        "1": 0.909243106842041
    },
    "pair_chains_iptm": {
        "0": {
            "0": 0.7211028337478638,
            "1": 0.3327968120574951
        },
        "1": {
            "0": 0.7984343767166138,
            "1": 0.909243106842041
        }
    }
}