{
    "affinity_pred_value": 0.39834627509117126,
    "affinity_probability_binary": 0.199580579996109,
    "affinity_pred_value1": 0.3890796899795532,
    "affinity_probability_binary1": 0.14466407895088196,
    "affinity_pred_value2": 0.4076128602027893,
    "affinity_probability_binary2": 0.25449708104133606
}