{
    "confidence_score": 0.8418508768081665,
    "ptm": 0.7890868186950684,
    "iptm": 0.9547349810600281,
    "ligand_iptm": 0.9547349810600281,
    "protein_iptm": 0.0,
    "complex_plddt": 0.8136298656463623,
    "complex_iplddt": 0.8087145090103149,
    "complex_pde": 0.5743465423583984,
    "complex_ipde": 1.4759531021118164,
    "chains_ptm": {
        "0": 0.766234815120697,
        "1": 0.8917322754859924
    },
    "pair_chains_iptm": {
        "0": {
            "0": 0.766234815120697,
            "1": 0.3899059593677521
        },
        "1": {
            "0": 0.9547349810600281,
            "1": 0.8917322754859924
        }
    }
}