{
    "affinity_pred_value": 0.35091251134872437,
    "affinity_probability_binary": 0.4397188127040863,
    "affinity_pred_value1": -0.08962983638048172,
    "affinity_probability_binary1": 0.4974590539932251,
    "affinity_pred_value2": 0.7914548516273499,
    "affinity_probability_binary2": 0.3819785714149475
}