{
    "confidence_score": 0.9291920065879822,
    "ptm": 0.9399051070213318,
    "iptm": 0.956182599067688,
    "ligand_iptm": 0.956182599067688,
    "protein_iptm": 0.0,
    "complex_plddt": 0.9224443435668945,
    "complex_iplddt": 0.8814932107925415,
    "complex_pde": 0.4597703814506531,
    "complex_ipde": 0.7247202396392822,
    "chains_ptm": {
        "0": 0.9370356798171997,
        "1": 0.8691325783729553
    },
    "pair_chains_iptm": {
        "0": {
            "0": 0.9370356798171997,
            "1": 0.5773133635520935
        },
        "1": {
            "0": 0.956182599067688,
            "1": 0.8691325783729553
        }
    }
}