{
    "affinity_pred_value": 0.6149941086769104,
    "affinity_probability_binary": 0.35728156566619873,
    "affinity_pred_value1": 0.3031228482723236,
    "affinity_probability_binary1": 0.3357076048851013,
    "affinity_pred_value2": 0.9268653988838196,
    "affinity_probability_binary2": 0.37885549664497375
}