{
    "confidence_score": 0.9350617527961731,
    "ptm": 0.9532963037490845,
    "iptm": 0.9704182147979736,
    "ligand_iptm": 0.9704182147979736,
    "protein_iptm": 0.0,
    "complex_plddt": 0.9262226223945618,
    "complex_iplddt": 0.8905453085899353,
    "complex_pde": 0.4251723885536194,
    "complex_ipde": 0.6525660157203674,
    "chains_ptm": {
        "0": 0.9504566788673401,
        "1": 0.8681688904762268
    },
    "pair_chains_iptm": {
        "0": {
            "0": 0.9504566788673401,
            "1": 0.5751840472221375
        },
        "1": {
            "0": 0.9704182147979736,
            "1": 0.8681688904762268
        }
    }
}