{
    "affinity_pred_value": -0.697259247303009,
    "affinity_probability_binary": 0.7230329513549805,
    "affinity_pred_value1": -1.0236551761627197,
    "affinity_probability_binary1": 0.7231782078742981,
    "affinity_pred_value2": -0.37086331844329834,
    "affinity_probability_binary2": 0.7228876352310181
}