{
    "confidence_score": 0.940490186214447,
    "ptm": 0.9329690933227539,
    "iptm": 0.9779499769210815,
    "ligand_iptm": 0.9779499769210815,
    "protein_iptm": 0.0,
    "complex_plddt": 0.9311251640319824,
    "complex_iplddt": 0.9051815271377563,
    "complex_pde": 0.4659397006034851,
    "complex_ipde": 0.56624835729599,
    "chains_ptm": {
        "0": 0.927364706993103,
        "1": 0.8688178658485413
    },
    "pair_chains_iptm": {
        "0": {
            "0": 0.927364706993103,
            "1": 0.632891833782196
        },
        "1": {
            "0": 0.9779499769210815,
            "1": 0.8688178658485413
        }
    }
}