{
    "affinity_pred_value": -0.15429939329624176,
    "affinity_probability_binary": 0.740181028842926,
    "affinity_pred_value1": -0.525612473487854,
    "affinity_probability_binary1": 0.8087553381919861,
    "affinity_pred_value2": 0.21701368689537048,
    "affinity_probability_binary2": 0.671606719493866
}