{
    "confidence_score": 0.9441931843757629,
    "ptm": 0.9431917667388916,
    "iptm": 0.9539222121238708,
    "ligand_iptm": 0.9539222121238708,
    "protein_iptm": 0.0,
    "complex_plddt": 0.9417609572410583,
    "complex_iplddt": 0.935061514377594,
    "complex_pde": 0.4624099135398865,
    "complex_ipde": 0.6360440254211426,
    "chains_ptm": {
        "0": 0.9423697590827942,
        "1": 0.911350429058075
    },
    "pair_chains_iptm": {
        "0": {
            "0": 0.9423697590827942,
            "1": 0.55316561460495
        },
        "1": {
            "0": 0.9539222121238708,
            "1": 0.911350429058075
        }
    }
}