{
    "affinity_pred_value": -0.7870043516159058,
    "affinity_probability_binary": 0.21737299859523773,
    "affinity_pred_value1": -0.6064210534095764,
    "affinity_probability_binary1": 0.21035052835941315,
    "affinity_pred_value2": -0.9675876498222351,
    "affinity_probability_binary2": 0.22439546883106232
}