{
    "confidence_score": 0.8201624155044556,
    "ptm": 0.7588002681732178,
    "iptm": 0.8807719349861145,
    "ligand_iptm": 0.8807719349861145,
    "protein_iptm": 0.0,
    "complex_plddt": 0.8050100207328796,
    "complex_iplddt": 0.7415750622749329,
    "complex_pde": 0.8910935521125793,
    "complex_ipde": 2.9370105266571045,
    "chains_ptm": {
        "0": 0.7353681921958923,
        "1": 0.8630005717277527
    },
    "pair_chains_iptm": {
        "0": {
            "0": 0.7353681921958923,
            "1": 0.32691624760627747
        },
        "1": {
            "0": 0.8807719349861145,
            "1": 0.8630005717277527
        }
    }
}