{
    "affinity_pred_value": 0.1756756603717804,
    "affinity_probability_binary": 0.1276141107082367,
    "affinity_pred_value1": -0.1011568158864975,
    "affinity_probability_binary1": 0.17342348396778107,
    "affinity_pred_value2": 0.4525081217288971,
    "affinity_probability_binary2": 0.08180472254753113
}