{
    "confidence_score": 0.6702914237976074,
    "ptm": 0.7717357277870178,
    "iptm": 0.6841506958007812,
    "ligand_iptm": 0.6841506958007812,
    "protein_iptm": 0.0,
    "complex_plddt": 0.666826605796814,
    "complex_iplddt": 0.43296435475349426,
    "complex_pde": 1.08949613571167,
    "complex_ipde": 3.7271244525909424,
    "chains_ptm": {
        "0": 0.7908298969268799,
        "1": 0.8458395600318909
    },
    "pair_chains_iptm": {
        "0": {
            "0": 0.7908298969268799,
            "1": 0.32026007771492004
        },
        "1": {
            "0": 0.6841506958007812,
            "1": 0.8458395600318909
        }
    }
}