{
    "affinity_pred_value": -0.8932380676269531,
    "affinity_probability_binary": 0.9021197557449341,
    "affinity_pred_value1": -1.0027668476104736,
    "affinity_probability_binary1": 0.9391432404518127,
    "affinity_pred_value2": -0.7837093472480774,
    "affinity_probability_binary2": 0.8650962114334106
}