{
    "confidence_score": 0.9576412439346313,
    "ptm": 0.9586106538772583,
    "iptm": 0.9761738777160645,
    "ligand_iptm": 0.9761738777160645,
    "protein_iptm": 0.0,
    "complex_plddt": 0.9530079960823059,
    "complex_iplddt": 0.9150302410125732,
    "complex_pde": 0.39247459173202515,
    "complex_ipde": 0.5357002019882202,
    "chains_ptm": {
        "0": 0.9562065601348877,
        "1": 0.8747397661209106
    },
    "pair_chains_iptm": {
        "0": {
            "0": 0.9562065601348877,
            "1": 0.5214760899543762
        },
        "1": {
            "0": 0.9761738777160645,
            "1": 0.8747397661209106
        }
    }
}