{
    "affinity_pred_value": -0.9142390489578247,
    "affinity_probability_binary": 0.6034765243530273,
    "affinity_pred_value1": -0.4465089440345764,
    "affinity_probability_binary1": 0.48842018842697144,
    "affinity_pred_value2": -1.3819692134857178,
    "affinity_probability_binary2": 0.718532919883728
}