{
    "confidence_score": 0.8093116879463196,
    "ptm": 0.9390215277671814,
    "iptm": 0.9586024284362793,
    "ligand_iptm": 0.9586024284362793,
    "protein_iptm": 0.0,
    "complex_plddt": 0.7719890475273132,
    "complex_iplddt": 0.6574245691299438,
    "complex_pde": 0.36890390515327454,
    "complex_ipde": 0.5586528182029724,
    "chains_ptm": {
        "0": 0.9381380081176758,
        "1": 0.9016153812408447
    },
    "pair_chains_iptm": {
        "0": {
            "0": 0.9381380081176758,
            "1": 0.5774426460266113
        },
        "1": {
            "0": 0.9586024284362793,
            "1": 0.9016153812408447
        }
    }
}