{
    "affinity_pred_value": -0.8504071235656738,
    "affinity_probability_binary": 0.1666218489408493,
    "affinity_pred_value1": -0.7918900847434998,
    "affinity_probability_binary1": 0.15721434354782104,
    "affinity_pred_value2": -0.9089241027832031,
    "affinity_probability_binary2": 0.17602935433387756
}