{
    "confidence_score": 0.7193939089775085,
    "ptm": 0.897382378578186,
    "iptm": 0.8382502794265747,
    "ligand_iptm": 0.8382502794265747,
    "protein_iptm": 0.0,
    "complex_plddt": 0.6896798610687256,
    "complex_iplddt": 0.5267981290817261,
    "complex_pde": 0.5788304805755615,
    "complex_ipde": 1.8081403970718384,
    "chains_ptm": {
        "0": 0.9099773168563843,
        "1": 0.8525827527046204
    },
    "pair_chains_iptm": {
        "0": {
            "0": 0.9099773168563843,
            "1": 0.4224928617477417
        },
        "1": {
            "0": 0.8382502794265747,
            "1": 0.8525827527046204
        }
    }
}