{
    "affinity_pred_value": -0.329477995634079,
    "affinity_probability_binary": 0.25641101598739624,
    "affinity_pred_value1": 0.08459804952144623,
    "affinity_probability_binary1": 0.19471612572669983,
    "affinity_pred_value2": -0.7435540556907654,
    "affinity_probability_binary2": 0.31810593605041504
}