{
    "confidence_score": 0.6528927087783813,
    "ptm": 0.8913843035697937,
    "iptm": 0.8792847990989685,
    "ligand_iptm": 0.8792847990989685,
    "protein_iptm": 0.0,
    "complex_plddt": 0.596294641494751,
    "complex_iplddt": 0.33680397272109985,
    "complex_pde": 0.5915894508361816,
    "complex_ipde": 1.4662730693817139,
    "chains_ptm": {
        "0": 0.8990239500999451,
        "1": 0.9428626298904419
    },
    "pair_chains_iptm": {
        "0": {
            "0": 0.8990239500999451,
            "1": 0.5626997947692871
        },
        "1": {
            "0": 0.8792847990989685,
            "1": 0.9428626298904419
        }
    }
}