{
    "affinity_pred_value": -0.2625621557235718,
    "affinity_probability_binary": 0.4777944087982178,
    "affinity_pred_value1": 0.15686175227165222,
    "affinity_probability_binary1": 0.4730338454246521,
    "affinity_pred_value2": -0.6819860339164734,
    "affinity_probability_binary2": 0.48255497217178345
}