{
    "confidence_score": 0.749809205532074,
    "ptm": 0.9311208128929138,
    "iptm": 0.8994807600975037,
    "ligand_iptm": 0.8994807600975037,
    "protein_iptm": 0.0,
    "complex_plddt": 0.7123912572860718,
    "complex_iplddt": 0.546465277671814,
    "complex_pde": 0.47048768401145935,
    "complex_ipde": 1.2021756172180176,
    "chains_ptm": {
        "0": 0.9383582472801208,
        "1": 0.797266960144043
    },
    "pair_chains_iptm": {
        "0": {
            "0": 0.9383582472801208,
            "1": 0.5288629531860352
        },
        "1": {
            "0": 0.8994807600975037,
            "1": 0.797266960144043
        }
    }
}