{
    "affinity_pred_value": 0.5434997081756592,
    "affinity_probability_binary": 0.39010876417160034,
    "affinity_pred_value1": 0.630651593208313,
    "affinity_probability_binary1": 0.3311093747615814,
    "affinity_pred_value2": 0.45634782314300537,
    "affinity_probability_binary2": 0.44910818338394165
}