{
    "confidence_score": 0.9155808687210083,
    "ptm": 0.9520174860954285,
    "iptm": 0.9353758096694946,
    "ligand_iptm": 0.9353758096694946,
    "protein_iptm": 0.0,
    "complex_plddt": 0.9106320738792419,
    "complex_iplddt": 0.8505404591560364,
    "complex_pde": 0.44011789560317993,
    "complex_ipde": 0.7042290568351746,
    "chains_ptm": {
        "0": 0.955281674861908,
        "1": 0.8689779043197632
    },
    "pair_chains_iptm": {
        "0": {
            "0": 0.955281674861908,
            "1": 0.6395953893661499
        },
        "1": {
            "0": 0.9353758096694946,
            "1": 0.8689779043197632
        }
    }
}