{
    "affinity_pred_value": -0.07915627956390381,
    "affinity_probability_binary": 0.741083025932312,
    "affinity_pred_value1": 0.20033878087997437,
    "affinity_probability_binary1": 0.7325764298439026,
    "affinity_pred_value2": -0.358651340007782,
    "affinity_probability_binary2": 0.7495896220207214
}