{
    "confidence_score": 0.9209278225898743,
    "ptm": 0.91078782081604,
    "iptm": 0.9756123423576355,
    "ligand_iptm": 0.9756123423576355,
    "protein_iptm": 0.0,
    "complex_plddt": 0.9072566628456116,
    "complex_iplddt": 0.8940703272819519,
    "complex_pde": 0.4054938852787018,
    "complex_ipde": 0.5440236330032349,
    "chains_ptm": {
        "0": 0.8997036218643188,
        "1": 0.890620768070221
    },
    "pair_chains_iptm": {
        "0": {
            "0": 0.8997036218643188,
            "1": 0.6426548361778259
        },
        "1": {
            "0": 0.9756123423576355,
            "1": 0.890620768070221
        }
    }
}