{
    "affinity_pred_value": 0.28411656618118286,
    "affinity_probability_binary": 0.4167042374610901,
    "affinity_pred_value1": -0.7055222988128662,
    "affinity_probability_binary1": 0.457122266292572,
    "affinity_pred_value2": 1.273755431175232,
    "affinity_probability_binary2": 0.37628617882728577
}