{
    "confidence_score": 0.9286218881607056,
    "ptm": 0.9375607371330261,
    "iptm": 0.9687638282775879,
    "ligand_iptm": 0.9687638282775879,
    "protein_iptm": 0.0,
    "complex_plddt": 0.9185864329338074,
    "complex_iplddt": 0.8825726509094238,
    "complex_pde": 0.44879093766212463,
    "complex_ipde": 0.5846940279006958,
    "chains_ptm": {
        "0": 0.9330461025238037,
        "1": 0.8644241094589233
    },
    "pair_chains_iptm": {
        "0": {
            "0": 0.9330461025238037,
            "1": 0.5110785365104675
        },
        "1": {
            "0": 0.9687638282775879,
            "1": 0.8644241094589233
        }
    }
}