{
    "affinity_pred_value": -1.8003484010696411,
    "affinity_probability_binary": 0.9763652086257935,
    "affinity_pred_value1": -2.1311588287353516,
    "affinity_probability_binary1": 0.9774327278137207,
    "affinity_pred_value2": -1.4695379734039307,
    "affinity_probability_binary2": 0.9752976298332214
}