{
    "confidence_score": 0.9469472765922546,
    "ptm": 0.9600683450698853,
    "iptm": 0.9847473502159119,
    "ligand_iptm": 0.9847473502159119,
    "protein_iptm": 0.0,
    "complex_plddt": 0.9374973177909851,
    "complex_iplddt": 0.9204022884368896,
    "complex_pde": 0.3855012059211731,
    "complex_ipde": 0.4958735704421997,
    "chains_ptm": {
        "0": 0.9566419720649719,
        "1": 0.8896626830101013
    },
    "pair_chains_iptm": {
        "0": {
            "0": 0.9566419720649719,
            "1": 0.583548367023468
        },
        "1": {
            "0": 0.9847473502159119,
            "1": 0.8896626830101013
        }
    }
}