{
    "affinity_pred_value": -1.4768896102905273,
    "affinity_probability_binary": 0.9630954265594482,
    "affinity_pred_value1": -1.9261937141418457,
    "affinity_probability_binary1": 0.9696971774101257,
    "affinity_pred_value2": -1.027585506439209,
    "affinity_probability_binary2": 0.956493616104126
}