{
    "confidence_score": 0.9496461749076843,
    "ptm": 0.9539316892623901,
    "iptm": 0.9861581325531006,
    "ligand_iptm": 0.9861581325531006,
    "protein_iptm": 0.0,
    "complex_plddt": 0.9405182003974915,
    "complex_iplddt": 0.9289755821228027,
    "complex_pde": 0.38582971692085266,
    "complex_ipde": 0.46994760632514954,
    "chains_ptm": {
        "0": 0.9489293098449707,
        "1": 0.903264045715332
    },
    "pair_chains_iptm": {
        "0": {
            "0": 0.9489293098449707,
            "1": 0.638655424118042
        },
        "1": {
            "0": 0.9861581325531006,
            "1": 0.903264045715332
        }
    }
}