{
    "affinity_pred_value": -0.11981084942817688,
    "affinity_probability_binary": 0.4630460739135742,
    "affinity_pred_value1": -0.039759546518325806,
    "affinity_probability_binary1": 0.5144658088684082,
    "affinity_pred_value2": -0.19986215233802795,
    "affinity_probability_binary2": 0.41162630915641785
}