{
    "confidence_score": 0.7167057991027832,
    "ptm": 0.8808280229568481,
    "iptm": 0.9407418370246887,
    "ligand_iptm": 0.9407418370246887,
    "protein_iptm": 0.0,
    "complex_plddt": 0.660696804523468,
    "complex_iplddt": 0.43753325939178467,
    "complex_pde": 0.4849558174610138,
    "complex_ipde": 0.9088491797447205,
    "chains_ptm": {
        "0": 0.8749213218688965,
        "1": 0.9350900053977966
    },
    "pair_chains_iptm": {
        "0": {
            "0": 0.8749213218688965,
            "1": 0.5341662764549255
        },
        "1": {
            "0": 0.9407418370246887,
            "1": 0.9350900053977966
        }
    }
}