{
    "affinity_pred_value": -1.1390366554260254,
    "affinity_probability_binary": 0.7315163612365723,
    "affinity_pred_value1": -1.4822418689727783,
    "affinity_probability_binary1": 0.8328536152839661,
    "affinity_pred_value2": -0.7958313822746277,
    "affinity_probability_binary2": 0.6301791667938232
}