{
    "confidence_score": 0.9218980669975281,
    "ptm": 0.9458386301994324,
    "iptm": 0.9605916738510132,
    "ligand_iptm": 0.9605916738510132,
    "protein_iptm": 0.0,
    "complex_plddt": 0.9122246503829956,
    "complex_iplddt": 0.8567636609077454,
    "complex_pde": 0.44822147488594055,
    "complex_ipde": 0.621854841709137,
    "chains_ptm": {
        "0": 0.9442062377929688,
        "1": 0.8808804750442505
    },
    "pair_chains_iptm": {
        "0": {
            "0": 0.9442062377929688,
            "1": 0.5468958020210266
        },
        "1": {
            "0": 0.9605916738510132,
            "1": 0.8808804750442505
        }
    }
}