{
    "affinity_pred_value": 0.30528539419174194,
    "affinity_probability_binary": 0.7621163129806519,
    "affinity_pred_value1": 0.5758985280990601,
    "affinity_probability_binary1": 0.7835555672645569,
    "affinity_pred_value2": 0.034672271460294724,
    "affinity_probability_binary2": 0.7406771183013916
}