{
    "confidence_score": 0.9357091784477234,
    "ptm": 0.9497008919715881,
    "iptm": 0.9701974391937256,
    "ligand_iptm": 0.9701974391937256,
    "protein_iptm": 0.0,
    "complex_plddt": 0.9270870685577393,
    "complex_iplddt": 0.8815334439277649,
    "complex_pde": 0.42773371934890747,
    "complex_ipde": 0.5994469523429871,
    "chains_ptm": {
        "0": 0.9460293054580688,
        "1": 0.8947278261184692
    },
    "pair_chains_iptm": {
        "0": {
            "0": 0.9460293054580688,
            "1": 0.6572232842445374
        },
        "1": {
            "0": 0.9701974391937256,
            "1": 0.8947278261184692
        }
    }
}