{
    "affinity_pred_value": 0.06274355202913284,
    "affinity_probability_binary": 0.3101996183395386,
    "affinity_pred_value1": 0.09408140182495117,
    "affinity_probability_binary1": 0.3374413251876831,
    "affinity_pred_value2": 0.031405702233314514,
    "affinity_probability_binary2": 0.28295788168907166
}