{
    "confidence_score": 0.6944294571876526,
    "ptm": 0.891029417514801,
    "iptm": 0.7467136979103088,
    "ligand_iptm": 0.7467136979103088,
    "protein_iptm": 0.0,
    "complex_plddt": 0.6813583970069885,
    "complex_iplddt": 0.5104668736457825,
    "complex_pde": 0.7472529411315918,
    "complex_ipde": 3.0018563270568848,
    "chains_ptm": {
        "0": 0.9191767573356628,
        "1": 0.8573355078697205
    },
    "pair_chains_iptm": {
        "0": {
            "0": 0.9191767573356628,
            "1": 0.382468581199646
        },
        "1": {
            "0": 0.7467136979103088,
            "1": 0.8573355078697205
        }
    }
}