{
    "affinity_pred_value": 0.787389874458313,
    "affinity_probability_binary": 0.566506028175354,
    "affinity_pred_value1": 0.5723491311073303,
    "affinity_probability_binary1": 0.7283389568328857,
    "affinity_pred_value2": 1.0024306774139404,
    "affinity_probability_binary2": 0.40467309951782227
}