{
    "confidence_score": 0.9430896043777466,
    "ptm": 0.9375792741775513,
    "iptm": 0.9634497165679932,
    "ligand_iptm": 0.9634497165679932,
    "protein_iptm": 0.0,
    "complex_plddt": 0.9379995465278625,
    "complex_iplddt": 0.9084827303886414,
    "complex_pde": 0.4726845622062683,
    "complex_ipde": 0.6395461559295654,
    "chains_ptm": {
        "0": 0.9349371194839478,
        "1": 0.8911949396133423
    },
    "pair_chains_iptm": {
        "0": {
            "0": 0.9349371194839478,
            "1": 0.5641862154006958
        },
        "1": {
            "0": 0.9634497165679932,
            "1": 0.8911949396133423
        }
    }
}