{
    "affinity_pred_value": -0.7131156921386719,
    "affinity_probability_binary": 0.31600672006607056,
    "affinity_pred_value1": -0.7356960773468018,
    "affinity_probability_binary1": 0.3014208674430847,
    "affinity_pred_value2": -0.6905353665351868,
    "affinity_probability_binary2": 0.330592542886734
}