{
    "confidence_score": 0.8009735345840454,
    "ptm": 0.7918951511383057,
    "iptm": 0.9344998002052307,
    "ligand_iptm": 0.9344998002052307,
    "protein_iptm": 0.0,
    "complex_plddt": 0.7675918936729431,
    "complex_iplddt": 0.5864031314849854,
    "complex_pde": 0.6051980257034302,
    "complex_ipde": 1.5554865598678589,
    "chains_ptm": {
        "0": 0.760832667350769,
        "1": 0.9256110787391663
    },
    "pair_chains_iptm": {
        "0": {
            "0": 0.760832667350769,
            "1": 0.49237892031669617
        },
        "1": {
            "0": 0.9344998002052307,
            "1": 0.9256110787391663
        }
    }
}