{
    "affinity_pred_value": 0.41747692227363586,
    "affinity_probability_binary": 0.33498725295066833,
    "affinity_pred_value1": 0.44187498092651367,
    "affinity_probability_binary1": 0.41551828384399414,
    "affinity_pred_value2": 0.39307886362075806,
    "affinity_probability_binary2": 0.25445622205734253
}