{
    "confidence_score": 0.6694096922874451,
    "ptm": 0.9181647300720215,
    "iptm": 0.8682610988616943,
    "ligand_iptm": 0.8682610988616943,
    "protein_iptm": 0.0,
    "complex_plddt": 0.6196967959403992,
    "complex_iplddt": 0.4260812997817993,
    "complex_pde": 0.5609797239303589,
    "complex_ipde": 1.5958075523376465,
    "chains_ptm": {
        "0": 0.9304119348526001,
        "1": 0.8437954187393188
    },
    "pair_chains_iptm": {
        "0": {
            "0": 0.9304119348526001,
            "1": 0.584121584892273
        },
        "1": {
            "0": 0.8682610988616943,
            "1": 0.8437954187393188
        }
    }
}