{
    "affinity_pred_value": -0.9235279560089111,
    "affinity_probability_binary": 0.5472879409790039,
    "affinity_pred_value1": -0.8876346349716187,
    "affinity_probability_binary1": 0.6216949820518494,
    "affinity_pred_value2": -0.9594212770462036,
    "affinity_probability_binary2": 0.47288087010383606
}