{
    "confidence_score": 0.7320788502693176,
    "ptm": 0.9057581424713135,
    "iptm": 0.8450608849525452,
    "ligand_iptm": 0.8450608849525452,
    "protein_iptm": 0.0,
    "complex_plddt": 0.7038333415985107,
    "complex_iplddt": 0.5542368292808533,
    "complex_pde": 0.5573527216911316,
    "complex_ipde": 1.646337866783142,
    "chains_ptm": {
        "0": 0.9194737076759338,
        "1": 0.8704579472541809
    },
    "pair_chains_iptm": {
        "0": {
            "0": 0.9194737076759338,
            "1": 0.5008569955825806
        },
        "1": {
            "0": 0.8450608849525452,
            "1": 0.8704579472541809
        }
    }
}