{
    "affinity_pred_value": 0.6353120803833008,
    "affinity_probability_binary": 0.24780923128128052,
    "affinity_pred_value1": 0.6248372793197632,
    "affinity_probability_binary1": 0.23177950084209442,
    "affinity_pred_value2": 0.6457868218421936,
    "affinity_probability_binary2": 0.2638389766216278
}