{
    "confidence_score": 0.7432734370231628,
    "ptm": 0.8796373009681702,
    "iptm": 0.8265860676765442,
    "ligand_iptm": 0.8265860676765442,
    "protein_iptm": 0.0,
    "complex_plddt": 0.7224453091621399,
    "complex_iplddt": 0.6422366499900818,
    "complex_pde": 0.6926397085189819,
    "complex_ipde": 2.345393180847168,
    "chains_ptm": {
        "0": 0.8885119557380676,
        "1": 0.8026669025421143
    },
    "pair_chains_iptm": {
        "0": {
            "0": 0.8885119557380676,
            "1": 0.3419729769229889
        },
        "1": {
            "0": 0.8265860676765442,
            "1": 0.8026669025421143
        }
    }
}