{
    "affinity_pred_value": 0.687237560749054,
    "affinity_probability_binary": 0.30122849345207214,
    "affinity_pred_value1": 0.7240602374076843,
    "affinity_probability_binary1": 0.30413419008255005,
    "affinity_pred_value2": 0.6504148840904236,
    "affinity_probability_binary2": 0.29832279682159424
}