{
    "confidence_score": 0.6893271803855896,
    "ptm": 0.8848785758018494,
    "iptm": 0.8426743149757385,
    "ligand_iptm": 0.8426743149757385,
    "protein_iptm": 0.0,
    "complex_plddt": 0.6509904265403748,
    "complex_iplddt": 0.43183794617652893,
    "complex_pde": 0.6725426912307739,
    "complex_ipde": 2.1159543991088867,
    "chains_ptm": {
        "0": 0.8944587111473083,
        "1": 0.7907286286354065
    },
    "pair_chains_iptm": {
        "0": {
            "0": 0.8944587111473083,
            "1": 0.3481742739677429
        },
        "1": {
            "0": 0.8426743149757385,
            "1": 0.7907286286354065
        }
    }
}