{
    "affinity_pred_value": -0.028306826949119568,
    "affinity_probability_binary": 0.2902890145778656,
    "affinity_pred_value1": -0.20250803232192993,
    "affinity_probability_binary1": 0.2569507658481598,
    "affinity_pred_value2": 0.1458943784236908,
    "affinity_probability_binary2": 0.3236272633075714
}