{
    "confidence_score": 0.9452039003372192,
    "ptm": 0.9410127401351929,
    "iptm": 0.9662004709243774,
    "ligand_iptm": 0.9662004709243774,
    "protein_iptm": 0.0,
    "complex_plddt": 0.9399546980857849,
    "complex_iplddt": 0.911144495010376,
    "complex_pde": 0.4713455140590668,
    "complex_ipde": 0.7268578410148621,
    "chains_ptm": {
        "0": 0.9366181492805481,
        "1": 0.8652064204216003
    },
    "pair_chains_iptm": {
        "0": {
            "0": 0.9366181492805481,
            "1": 0.5574474930763245
        },
        "1": {
            "0": 0.9662004709243774,
            "1": 0.8652064204216003
        }
    }
}