{
    "affinity_pred_value": 0.9434380531311035,
    "affinity_probability_binary": 0.28044453263282776,
    "affinity_pred_value1": 1.1671003103256226,
    "affinity_probability_binary1": 0.3840469717979431,
    "affinity_pred_value2": 0.7197757363319397,
    "affinity_probability_binary2": 0.1768420934677124
}