{
    "confidence_score": 0.8376855850219727,
    "ptm": 0.7860116958618164,
    "iptm": 0.9528591632843018,
    "ligand_iptm": 0.9528591632843018,
    "protein_iptm": 0.0,
    "complex_plddt": 0.8088921308517456,
    "complex_iplddt": 0.7497937679290771,
    "complex_pde": 0.5459898710250854,
    "complex_ipde": 1.4451603889465332,
    "chains_ptm": {
        "0": 0.7682362198829651,
        "1": 0.8728729486465454
    },
    "pair_chains_iptm": {
        "0": {
            "0": 0.7682362198829651,
            "1": 0.3560348451137543
        },
        "1": {
            "0": 0.9528591632843018,
            "1": 0.8728729486465454
        }
    }
}