{
    "affinity_pred_value": 1.2631714344024658,
    "affinity_probability_binary": 0.136098712682724,
    "affinity_pred_value1": 1.1071120500564575,
    "affinity_probability_binary1": 0.13573293387889862,
    "affinity_pred_value2": 1.4192306995391846,
    "affinity_probability_binary2": 0.13646447658538818
}