{
    "confidence_score": 0.7874294519424438,
    "ptm": 0.7445003986358643,
    "iptm": 0.8768655061721802,
    "ligand_iptm": 0.8768655061721802,
    "protein_iptm": 0.0,
    "complex_plddt": 0.7650704383850098,
    "complex_iplddt": 0.6164215207099915,
    "complex_pde": 0.8183549046516418,
    "complex_ipde": 2.4358537197113037,
    "chains_ptm": {
        "0": 0.7258054614067078,
        "1": 0.8951610326766968
    },
    "pair_chains_iptm": {
        "0": {
            "0": 0.7258054614067078,
            "1": 0.3559929430484772
        },
        "1": {
            "0": 0.8768655061721802,
            "1": 0.8951610326766968
        }
    }
}