{
    "affinity_pred_value": 0.005740851163864136,
    "affinity_probability_binary": 0.3839717507362366,
    "affinity_pred_value1": -0.510992705821991,
    "affinity_probability_binary1": 0.2744380533695221,
    "affinity_pred_value2": 0.5224744081497192,
    "affinity_probability_binary2": 0.49350547790527344
}