{
    "confidence_score": 0.9521375894546509,
    "ptm": 0.9526597261428833,
    "iptm": 0.9699508547782898,
    "ligand_iptm": 0.9699508547782898,
    "protein_iptm": 0.0,
    "complex_plddt": 0.9476842880249023,
    "complex_iplddt": 0.9156028032302856,
    "complex_pde": 0.42008641362190247,
    "complex_ipde": 0.6333736777305603,
    "chains_ptm": {
        "0": 0.9501579403877258,
        "1": 0.8167257905006409
    },
    "pair_chains_iptm": {
        "0": {
            "0": 0.9501579403877258,
            "1": 0.6522659063339233
        },
        "1": {
            "0": 0.9699508547782898,
            "1": 0.8167257905006409
        }
    }
}