{
    "affinity_pred_value": 0.8056409955024719,
    "affinity_probability_binary": 0.2894233167171478,
    "affinity_pred_value1": 1.3167446851730347,
    "affinity_probability_binary1": 0.2642107307910919,
    "affinity_pred_value2": 0.2945372760295868,
    "affinity_probability_binary2": 0.31463590264320374
}