{
    "confidence_score": 0.8555325865745544,
    "ptm": 0.8155531287193298,
    "iptm": 0.9613298773765564,
    "ligand_iptm": 0.9613298773765564,
    "protein_iptm": 0.0,
    "complex_plddt": 0.829083263874054,
    "complex_iplddt": 0.8248990774154663,
    "complex_pde": 0.4612082242965698,
    "complex_ipde": 1.1425846815109253,
    "chains_ptm": {
        "0": 0.795499861240387,
        "1": 0.8924437165260315
    },
    "pair_chains_iptm": {
        "0": {
            "0": 0.795499861240387,
            "1": 0.492463082075119
        },
        "1": {
            "0": 0.9613298773765564,
            "1": 0.8924437165260315
        }
    }
}