{
    "affinity_pred_value": 0.07406562566757202,
    "affinity_probability_binary": 0.365572452545166,
    "affinity_pred_value1": 0.21005645394325256,
    "affinity_probability_binary1": 0.3178325295448303,
    "affinity_pred_value2": -0.06192519888281822,
    "affinity_probability_binary2": 0.4133123755455017
}