{
    "confidence_score": 0.9481406211853027,
    "ptm": 0.9556288123130798,
    "iptm": 0.969573438167572,
    "ligand_iptm": 0.969573438167572,
    "protein_iptm": 0.0,
    "complex_plddt": 0.9427824020385742,
    "complex_iplddt": 0.9153574705123901,
    "complex_pde": 0.4083760976791382,
    "complex_ipde": 0.5515175461769104,
    "chains_ptm": {
        "0": 0.9535101056098938,
        "1": 0.8746500611305237
    },
    "pair_chains_iptm": {
        "0": {
            "0": 0.9535101056098938,
            "1": 0.6044125556945801
        },
        "1": {
            "0": 0.969573438167572,
            "1": 0.8746500611305237
        }
    }
}