{
    "affinity_pred_value": -0.053908318281173706,
    "affinity_probability_binary": 0.685297966003418,
    "affinity_pred_value1": -0.45089101791381836,
    "affinity_probability_binary1": 0.742635190486908,
    "affinity_pred_value2": 0.34307438135147095,
    "affinity_probability_binary2": 0.6279608011245728
}