{
    "confidence_score": 0.9240520596504211,
    "ptm": 0.9506808519363403,
    "iptm": 0.9575238823890686,
    "ligand_iptm": 0.9575238823890686,
    "protein_iptm": 0.0,
    "complex_plddt": 0.9156840443611145,
    "complex_iplddt": 0.8662145733833313,
    "complex_pde": 0.4485218822956085,
    "complex_ipde": 0.6521672606468201,
    "chains_ptm": {
        "0": 0.9494311809539795,
        "1": 0.8722288012504578
    },
    "pair_chains_iptm": {
        "0": {
            "0": 0.9494311809539795,
            "1": 0.6444967985153198
        },
        "1": {
            "0": 0.9575238823890686,
            "1": 0.8722288012504578
        }
    }
}