{
    "affinity_pred_value": 1.196333646774292,
    "affinity_probability_binary": 0.4630482792854309,
    "affinity_pred_value1": 1.4894533157348633,
    "affinity_probability_binary1": 0.4610935151576996,
    "affinity_pred_value2": 0.9032139778137207,
    "affinity_probability_binary2": 0.46500301361083984
}