{
    "confidence_score": 0.9275623559951782,
    "ptm": 0.9492791891098022,
    "iptm": 0.9601194858551025,
    "ligand_iptm": 0.9601194858551025,
    "protein_iptm": 0.0,
    "complex_plddt": 0.91942298412323,
    "complex_iplddt": 0.8684701919555664,
    "complex_pde": 0.46683865785598755,
    "complex_ipde": 0.7588223814964294,
    "chains_ptm": {
        "0": 0.9477107524871826,
        "1": 0.7986283898353577
    },
    "pair_chains_iptm": {
        "0": {
            "0": 0.9477107524871826,
            "1": 0.463854044675827
        },
        "1": {
            "0": 0.9601194858551025,
            "1": 0.7986283898353577
        }
    }
}