{
    "affinity_pred_value": -0.2214331328868866,
    "affinity_probability_binary": 0.32354265451431274,
    "affinity_pred_value1": 0.31237924098968506,
    "affinity_probability_binary1": 0.2441006302833557,
    "affinity_pred_value2": -0.7552455067634583,
    "affinity_probability_binary2": 0.40298470854759216
}