{
    "confidence_score": 0.7817410826683044,
    "ptm": 0.7517855763435364,
    "iptm": 0.8714514374732971,
    "ligand_iptm": 0.8714514374732971,
    "protein_iptm": 0.0,
    "complex_plddt": 0.7593135237693787,
    "complex_iplddt": 0.5719199180603027,
    "complex_pde": 0.7885051965713501,
    "complex_ipde": 2.119771718978882,
    "chains_ptm": {
        "0": 0.7293985486030579,
        "1": 0.7888551950454712
    },
    "pair_chains_iptm": {
        "0": {
            "0": 0.7293985486030579,
            "1": 0.35751253366470337
        },
        "1": {
            "0": 0.8714514374732971,
            "1": 0.7888551950454712
        }
    }
}