{
    "affinity_pred_value": -1.0745588541030884,
    "affinity_probability_binary": 0.932235062122345,
    "affinity_pred_value1": -1.3491241931915283,
    "affinity_probability_binary1": 0.9829697608947754,
    "affinity_pred_value2": -0.7999935746192932,
    "affinity_probability_binary2": 0.8815003633499146
}