{
    "confidence_score": 0.9470927119255066,
    "ptm": 0.9518492817878723,
    "iptm": 0.9664676785469055,
    "ligand_iptm": 0.9664676785469055,
    "protein_iptm": 0.0,
    "complex_plddt": 0.9422490000724792,
    "complex_iplddt": 0.901075541973114,
    "complex_pde": 0.43161943554878235,
    "complex_ipde": 0.6484116315841675,
    "chains_ptm": {
        "0": 0.9498586058616638,
        "1": 0.8026859164237976
    },
    "pair_chains_iptm": {
        "0": {
            "0": 0.9498586058616638,
            "1": 0.5011264681816101
        },
        "1": {
            "0": 0.9664676785469055,
            "1": 0.8026859164237976
        }
    }
}