{
    "affinity_pred_value": -0.5200591087341309,
    "affinity_probability_binary": 0.43134480714797974,
    "affinity_pred_value1": -0.8909867405891418,
    "affinity_probability_binary1": 0.3089536130428314,
    "affinity_pred_value2": -0.1491314172744751,
    "affinity_probability_binary2": 0.5537359714508057
}