{
    "confidence_score": 0.9426913261413574,
    "ptm": 0.962221622467041,
    "iptm": 0.9653958082199097,
    "ligand_iptm": 0.9653958082199097,
    "protein_iptm": 0.0,
    "complex_plddt": 0.9370152354240417,
    "complex_iplddt": 0.8816424012184143,
    "complex_pde": 0.39541664719581604,
    "complex_ipde": 0.5835952758789062,
    "chains_ptm": {
        "0": 0.9617488384246826,
        "1": 0.8619987368583679
    },
    "pair_chains_iptm": {
        "0": {
            "0": 0.9617488384246826,
            "1": 0.5375375151634216
        },
        "1": {
            "0": 0.9653958082199097,
            "1": 0.8619987368583679
        }
    }
}