{
    "affinity_pred_value": -1.117250680923462,
    "affinity_probability_binary": 0.49684783816337585,
    "affinity_pred_value1": -1.6221503019332886,
    "affinity_probability_binary1": 0.6192977428436279,
    "affinity_pred_value2": -0.61235111951828,
    "affinity_probability_binary2": 0.3743979334831238
}