{
    "confidence_score": 0.7181960940361023,
    "ptm": 0.8983530402183533,
    "iptm": 0.9072379469871521,
    "ligand_iptm": 0.9072379469871521,
    "protein_iptm": 0.0,
    "complex_plddt": 0.6709356307983398,
    "complex_iplddt": 0.47459834814071655,
    "complex_pde": 0.5059897303581238,
    "complex_ipde": 1.059626579284668,
    "chains_ptm": {
        "0": 0.8981291055679321,
        "1": 0.8965522646903992
    },
    "pair_chains_iptm": {
        "0": {
            "0": 0.8981291055679321,
            "1": 0.5486124157905579
        },
        "1": {
            "0": 0.9072379469871521,
            "1": 0.8965522646903992
        }
    }
}