{
    "affinity_pred_value": -0.4000040590763092,
    "affinity_probability_binary": 0.4458281397819519,
    "affinity_pred_value1": -0.4100522994995117,
    "affinity_probability_binary1": 0.6484190821647644,
    "affinity_pred_value2": -0.3899558186531067,
    "affinity_probability_binary2": 0.24323716759681702
}