{
    "confidence_score": 0.6911202073097229,
    "ptm": 0.8730081915855408,
    "iptm": 0.8565242886543274,
    "ligand_iptm": 0.8565242886543274,
    "protein_iptm": 0.0,
    "complex_plddt": 0.6497691869735718,
    "complex_iplddt": 0.4503174424171448,
    "complex_pde": 0.7102869153022766,
    "complex_ipde": 2.0780138969421387,
    "chains_ptm": {
        "0": 0.876384437084198,
        "1": 0.8909090161323547
    },
    "pair_chains_iptm": {
        "0": {
            "0": 0.876384437084198,
            "1": 0.4468899369239807
        },
        "1": {
            "0": 0.8565242886543274,
            "1": 0.8909090161323547
        }
    }
}