{
    "affinity_pred_value": 0.0736926943063736,
    "affinity_probability_binary": 0.4005042612552643,
    "affinity_pred_value1": -0.17506930232048035,
    "affinity_probability_binary1": 0.47010940313339233,
    "affinity_pred_value2": 0.32245469093322754,
    "affinity_probability_binary2": 0.33089911937713623
}