{
    "confidence_score": 0.9317089319229126,
    "ptm": 0.937626302242279,
    "iptm": 0.9676969051361084,
    "ligand_iptm": 0.9676969051361084,
    "protein_iptm": 0.0,
    "complex_plddt": 0.922711968421936,
    "complex_iplddt": 0.8983107805252075,
    "complex_pde": 0.4579343795776367,
    "complex_ipde": 0.5859074592590332,
    "chains_ptm": {
        "0": 0.9335643649101257,
        "1": 0.8280611634254456
    },
    "pair_chains_iptm": {
        "0": {
            "0": 0.9335643649101257,
            "1": 0.510413408279419
        },
        "1": {
            "0": 0.9676969051361084,
            "1": 0.8280611634254456
        }
    }
}