{
    "affinity_pred_value": 0.5146980285644531,
    "affinity_probability_binary": 0.22402004897594452,
    "affinity_pred_value1": 0.5139050483703613,
    "affinity_probability_binary1": 0.24006152153015137,
    "affinity_pred_value2": 0.5154910087585449,
    "affinity_probability_binary2": 0.20797857642173767
}