{
    "confidence_score": 0.8100289702415466,
    "ptm": 0.7698026895523071,
    "iptm": 0.912707507610321,
    "ligand_iptm": 0.912707507610321,
    "protein_iptm": 0.0,
    "complex_plddt": 0.7843592762947083,
    "complex_iplddt": 0.6722227931022644,
    "complex_pde": 0.7007508873939514,
    "complex_ipde": 2.1697278022766113,
    "chains_ptm": {
        "0": 0.7474198937416077,
        "1": 0.8448478579521179
    },
    "pair_chains_iptm": {
        "0": {
            "0": 0.7474198937416077,
            "1": 0.3665837347507477
        },
        "1": {
            "0": 0.912707507610321,
            "1": 0.8448478579521179
        }
    }
}