{
    "affinity_pred_value": -0.34694167971611023,
    "affinity_probability_binary": 0.09773047268390656,
    "affinity_pred_value1": -0.29171308875083923,
    "affinity_probability_binary1": 0.06906566768884659,
    "affinity_pred_value2": -0.4021702706813812,
    "affinity_probability_binary2": 0.12639528512954712
}