{
    "confidence_score": 0.7204256653785706,
    "ptm": 0.8098508715629578,
    "iptm": 0.8615124225616455,
    "ligand_iptm": 0.8615124225616455,
    "protein_iptm": 0.0,
    "complex_plddt": 0.6851539611816406,
    "complex_iplddt": 0.4941888451576233,
    "complex_pde": 0.8372136950492859,
    "complex_ipde": 2.406693935394287,
    "chains_ptm": {
        "0": 0.800088107585907,
        "1": 0.8219286799430847
    },
    "pair_chains_iptm": {
        "0": {
            "0": 0.800088107585907,
            "1": 0.4100863039493561
        },
        "1": {
            "0": 0.8615124225616455,
            "1": 0.8219286799430847
        }
    }
}