{
    "affinity_pred_value": 1.2687785625457764,
    "affinity_probability_binary": 0.10992760956287384,
    "affinity_pred_value1": 1.7317365407943726,
    "affinity_probability_binary1": 0.09804418683052063,
    "affinity_pred_value2": 0.805820643901825,
    "affinity_probability_binary2": 0.12181103974580765
}