{
    "confidence_score": 0.6682443618774414,
    "ptm": 0.8568748235702515,
    "iptm": 0.777508020401001,
    "ligand_iptm": 0.777508020401001,
    "protein_iptm": 0.0,
    "complex_plddt": 0.6409284472465515,
    "complex_iplddt": 0.3697872757911682,
    "complex_pde": 0.6440404057502747,
    "complex_ipde": 2.170017957687378,
    "chains_ptm": {
        "0": 0.8744947910308838,
        "1": 0.8166986107826233
    },
    "pair_chains_iptm": {
        "0": {
            "0": 0.8744947910308838,
            "1": 0.40167587995529175
        },
        "1": {
            "0": 0.777508020401001,
            "1": 0.8166986107826233
        }
    }
}