{
    "affinity_pred_value": -0.6499791145324707,
    "affinity_probability_binary": 0.45490705966949463,
    "affinity_pred_value1": -0.5609710216522217,
    "affinity_probability_binary1": 0.45182594656944275,
    "affinity_pred_value2": -0.738987147808075,
    "affinity_probability_binary2": 0.4579882025718689
}