{
    "confidence_score": 0.748668372631073,
    "ptm": 0.8450657725334167,
    "iptm": 0.8615743517875671,
    "ligand_iptm": 0.8615743517875671,
    "protein_iptm": 0.0,
    "complex_plddt": 0.7204418778419495,
    "complex_iplddt": 0.5576609969139099,
    "complex_pde": 0.7398579120635986,
    "complex_ipde": 2.023695230484009,
    "chains_ptm": {
        "0": 0.8440295457839966,
        "1": 0.7796330451965332
    },
    "pair_chains_iptm": {
        "0": {
            "0": 0.8440295457839966,
            "1": 0.3401464819908142
        },
        "1": {
            "0": 0.8615743517875671,
            "1": 0.7796330451965332
        }
    }
}