{
    "affinity_pred_value": -1.2485370635986328,
    "affinity_probability_binary": 0.6036511659622192,
    "affinity_pred_value1": -1.383641242980957,
    "affinity_probability_binary1": 0.7647472620010376,
    "affinity_pred_value2": -1.1134330034255981,
    "affinity_probability_binary2": 0.4425550401210785
}