{
    "confidence_score": 0.7138624787330627,
    "ptm": 0.8135691285133362,
    "iptm": 0.7785910964012146,
    "ligand_iptm": 0.7785910964012146,
    "protein_iptm": 0.0,
    "complex_plddt": 0.6976802945137024,
    "complex_iplddt": 0.49774229526519775,
    "complex_pde": 0.9327186346054077,
    "complex_ipde": 3.2957987785339355,
    "chains_ptm": {
        "0": 0.8225590586662292,
        "1": 0.8315055966377258
    },
    "pair_chains_iptm": {
        "0": {
            "0": 0.8225590586662292,
            "1": 0.3218510150909424
        },
        "1": {
            "0": 0.7785910964012146,
            "1": 0.8315055966377258
        }
    }
}