{
    "affinity_pred_value": -1.4164092540740967,
    "affinity_probability_binary": 0.8412849307060242,
    "affinity_pred_value1": -1.7907177209854126,
    "affinity_probability_binary1": 0.9291499257087708,
    "affinity_pred_value2": -1.0421006679534912,
    "affinity_probability_binary2": 0.7534199357032776
}