{
    "confidence_score": 0.9311997294425964,
    "ptm": 0.9424788951873779,
    "iptm": 0.9723699688911438,
    "ligand_iptm": 0.9723699688911438,
    "protein_iptm": 0.0,
    "complex_plddt": 0.920907199382782,
    "complex_iplddt": 0.8863043785095215,
    "complex_pde": 0.43541035056114197,
    "complex_ipde": 0.5035606622695923,
    "chains_ptm": {
        "0": 0.9395533204078674,
        "1": 0.9181517362594604
    },
    "pair_chains_iptm": {
        "0": {
            "0": 0.9395533204078674,
            "1": 0.6406165361404419
        },
        "1": {
            "0": 0.9723699688911438,
            "1": 0.9181517362594604
        }
    }
}