{
    "affinity_pred_value": -0.26327019929885864,
    "affinity_probability_binary": 0.6648437976837158,
    "affinity_pred_value1": -0.324204683303833,
    "affinity_probability_binary1": 0.5793709754943848,
    "affinity_pred_value2": -0.20233574509620667,
    "affinity_probability_binary2": 0.7503165602684021
}