{
    "confidence_score": 0.9252446293830872,
    "ptm": 0.9505272507667542,
    "iptm": 0.9645203948020935,
    "ligand_iptm": 0.9645203948020935,
    "protein_iptm": 0.0,
    "complex_plddt": 0.9154256582260132,
    "complex_iplddt": 0.8727548718452454,
    "complex_pde": 0.4400799572467804,
    "complex_ipde": 0.6439791917800903,
    "chains_ptm": {
        "0": 0.9477748870849609,
        "1": 0.9016065001487732
    },
    "pair_chains_iptm": {
        "0": {
            "0": 0.9477748870849609,
            "1": 0.7027847766876221
        },
        "1": {
            "0": 0.9645203948020935,
            "1": 0.9016065001487732
        }
    }
}