{
    "affinity_pred_value": 0.0905759334564209,
    "affinity_probability_binary": 0.4085662364959717,
    "affinity_pred_value1": 0.026004411280155182,
    "affinity_probability_binary1": 0.3936336636543274,
    "affinity_pred_value2": 0.15514744818210602,
    "affinity_probability_binary2": 0.4234987795352936
}