{
    "confidence_score": 0.7410039901733398,
    "ptm": 0.887513279914856,
    "iptm": 0.8644052147865295,
    "ligand_iptm": 0.8644052147865295,
    "protein_iptm": 0.0,
    "complex_plddt": 0.7101536989212036,
    "complex_iplddt": 0.6578513383865356,
    "complex_pde": 0.6391308903694153,
    "complex_ipde": 1.8017910718917847,
    "chains_ptm": {
        "0": 0.8921298384666443,
        "1": 0.8712612390518188
    },
    "pair_chains_iptm": {
        "0": {
            "0": 0.8921298384666443,
            "1": 0.442048043012619
        },
        "1": {
            "0": 0.8644052147865295,
            "1": 0.8712612390518188
        }
    }
}