{
    "affinity_pred_value": -0.9751743674278259,
    "affinity_probability_binary": 0.4244210422039032,
    "affinity_pred_value1": -0.676291823387146,
    "affinity_probability_binary1": 0.2749062180519104,
    "affinity_pred_value2": -1.2740569114685059,
    "affinity_probability_binary2": 0.573935866355896
}