{
    "confidence_score": 0.6759217977523804,
    "ptm": 0.8515699505805969,
    "iptm": 0.7571361064910889,
    "ligand_iptm": 0.7571361064910889,
    "protein_iptm": 0.0,
    "complex_plddt": 0.6556181907653809,
    "complex_iplddt": 0.4629313051700592,
    "complex_pde": 0.8519436717033386,
    "complex_ipde": 3.052410840988159,
    "chains_ptm": {
        "0": 0.8843359351158142,
        "1": 0.852259635925293
    },
    "pair_chains_iptm": {
        "0": {
            "0": 0.8843359351158142,
            "1": 0.36723601818084717
        },
        "1": {
            "0": 0.7571361064910889,
            "1": 0.852259635925293
        }
    }
}