{
    "affinity_pred_value": 0.023050226271152496,
    "affinity_probability_binary": 0.4168573021888733,
    "affinity_pred_value1": -0.13693703711032867,
    "affinity_probability_binary1": 0.41194772720336914,
    "affinity_pred_value2": 0.18303748965263367,
    "affinity_probability_binary2": 0.42176690697669983
}