{
    "confidence_score": 0.7544724345207214,
    "ptm": 0.9268361330032349,
    "iptm": 0.8835625052452087,
    "ligand_iptm": 0.8835625052452087,
    "protein_iptm": 0.0,
    "complex_plddt": 0.7221999168395996,
    "complex_iplddt": 0.6385742425918579,
    "complex_pde": 0.48169204592704773,
    "complex_ipde": 1.3229628801345825,
    "chains_ptm": {
        "0": 0.9335890412330627,
        "1": 0.8792800307273865
    },
    "pair_chains_iptm": {
        "0": {
            "0": 0.9335890412330627,
            "1": 0.46700456738471985
        },
        "1": {
            "0": 0.8835625052452087,
            "1": 0.8792800307273865
        }
    }
}