{
    "affinity_pred_value": -0.411491334438324,
    "affinity_probability_binary": 0.7926095128059387,
    "affinity_pred_value1": -1.126289963722229,
    "affinity_probability_binary1": 0.927191972732544,
    "affinity_pred_value2": 0.30330726504325867,
    "affinity_probability_binary2": 0.6580270528793335
}