{
    "confidence_score": 0.9462963342666626,
    "ptm": 0.955376148223877,
    "iptm": 0.9837934374809265,
    "ligand_iptm": 0.9837934374809265,
    "protein_iptm": 0.0,
    "complex_plddt": 0.9369220733642578,
    "complex_iplddt": 0.9254062175750732,
    "complex_pde": 0.39819616079330444,
    "complex_ipde": 0.43469303846359253,
    "chains_ptm": {
        "0": 0.9529739022254944,
        "1": 0.9289368987083435
    },
    "pair_chains_iptm": {
        "0": {
            "0": 0.9529739022254944,
            "1": 0.6844446063041687
        },
        "1": {
            "0": 0.9837934374809265,
            "1": 0.9289368987083435
        }
    }
}