{
    "affinity_pred_value": 0.9320229291915894,
    "affinity_probability_binary": 0.15912003815174103,
    "affinity_pred_value1": 1.355241060256958,
    "affinity_probability_binary1": 0.12976877391338348,
    "affinity_pred_value2": 0.5088048577308655,
    "affinity_probability_binary2": 0.18847130239009857
}