{
    "confidence_score": 0.7519704699516296,
    "ptm": 0.836153507232666,
    "iptm": 0.8495685458183289,
    "ligand_iptm": 0.8495685458183289,
    "protein_iptm": 0.0,
    "complex_plddt": 0.7275709509849548,
    "complex_iplddt": 0.6962327361106873,
    "complex_pde": 0.7879876494407654,
    "complex_ipde": 2.5406806468963623,
    "chains_ptm": {
        "0": 0.8352406620979309,
        "1": 0.8999217748641968
    },
    "pair_chains_iptm": {
        "0": {
            "0": 0.8352406620979309,
            "1": 0.37588101625442505
        },
        "1": {
            "0": 0.8495685458183289,
            "1": 0.8999217748641968
        }
    }
}