{
    "affinity_pred_value": 0.17106157541275024,
    "affinity_probability_binary": 0.21781104803085327,
    "affinity_pred_value1": 0.4986235499382019,
    "affinity_probability_binary1": 0.11053238809108734,
    "affinity_pred_value2": -0.15650039911270142,
    "affinity_probability_binary2": 0.3250897228717804
}