{
    "confidence_score": 0.7851072549819946,
    "ptm": 0.8890501260757446,
    "iptm": 0.947857677936554,
    "ligand_iptm": 0.947857677936554,
    "protein_iptm": 0.0,
    "complex_plddt": 0.7444196343421936,
    "complex_iplddt": 0.7309300303459167,
    "complex_pde": 0.5291880965232849,
    "complex_ipde": 1.2594352960586548,
    "chains_ptm": {
        "0": 0.8816702365875244,
        "1": 0.8478291630744934
    },
    "pair_chains_iptm": {
        "0": {
            "0": 0.8816702365875244,
            "1": 0.47663211822509766
        },
        "1": {
            "0": 0.947857677936554,
            "1": 0.8478291630744934
        }
    }
}