{
    "affinity_pred_value": -0.641417920589447,
    "affinity_probability_binary": 0.42311158776283264,
    "affinity_pred_value1": -1.196638584136963,
    "affinity_probability_binary1": 0.5484771728515625,
    "affinity_pred_value2": -0.08619724214076996,
    "affinity_probability_binary2": 0.2977460026741028
}