{
    "confidence_score": 0.7087699174880981,
    "ptm": 0.8864431381225586,
    "iptm": 0.881950318813324,
    "ligand_iptm": 0.881950318813324,
    "protein_iptm": 0.0,
    "complex_plddt": 0.6654747724533081,
    "complex_iplddt": 0.5018318891525269,
    "complex_pde": 0.5077261328697205,
    "complex_ipde": 1.2118847370147705,
    "chains_ptm": {
        "0": 0.8890309929847717,
        "1": 0.9127413630485535
    },
    "pair_chains_iptm": {
        "0": {
            "0": 0.8890309929847717,
            "1": 0.592235803604126
        },
        "1": {
            "0": 0.881950318813324,
            "1": 0.9127413630485535
        }
    }
}