{
    "affinity_pred_value": 0.29483965039253235,
    "affinity_probability_binary": 0.6699656248092651,
    "affinity_pred_value1": 0.35950714349746704,
    "affinity_probability_binary1": 0.7015372514724731,
    "affinity_pred_value2": 0.23017215728759766,
    "affinity_probability_binary2": 0.6383940577507019
}