{
    "confidence_score": 0.9406075477600098,
    "ptm": 0.9565155506134033,
    "iptm": 0.9740006327629089,
    "ligand_iptm": 0.9740006327629089,
    "protein_iptm": 0.0,
    "complex_plddt": 0.9322592616081238,
    "complex_iplddt": 0.8955549597740173,
    "complex_pde": 0.4051225781440735,
    "complex_ipde": 0.5860421061515808,
    "chains_ptm": {
        "0": 0.9537565112113953,
        "1": 0.871167778968811
    },
    "pair_chains_iptm": {
        "0": {
            "0": 0.9537565112113953,
            "1": 0.6267150640487671
        },
        "1": {
            "0": 0.9740006327629089,
            "1": 0.871167778968811
        }
    }
}