{
    "affinity_pred_value": -1.598304033279419,
    "affinity_probability_binary": 0.20119428634643555,
    "affinity_pred_value1": -1.7020174264907837,
    "affinity_probability_binary1": 0.0486455112695694,
    "affinity_pred_value2": -1.4945905208587646,
    "affinity_probability_binary2": 0.3537430465221405
}