{
    "confidence_score": 0.6810797452926636,
    "ptm": 0.9013409614562988,
    "iptm": 0.857733964920044,
    "ligand_iptm": 0.857733964920044,
    "protein_iptm": 0.0,
    "complex_plddt": 0.6369161605834961,
    "complex_iplddt": 0.33289122581481934,
    "complex_pde": 0.7545035481452942,
    "complex_ipde": 2.350080966949463,
    "chains_ptm": {
        "0": 0.9400579333305359,
        "1": 0.7983289957046509
    },
    "pair_chains_iptm": {
        "0": {
            "0": 0.9400579333305359,
            "1": 0.5629896521568298
        },
        "1": {
            "0": 0.857733964920044,
            "1": 0.7983289957046509
        }
    }
}