{
    "affinity_pred_value": -0.6329318284988403,
    "affinity_probability_binary": 0.8776159882545471,
    "affinity_pred_value1": -0.6731775999069214,
    "affinity_probability_binary1": 0.8915751576423645,
    "affinity_pred_value2": -0.592686116695404,
    "affinity_probability_binary2": 0.8636568188667297
}