{
    "confidence_score": 0.9298100471496582,
    "ptm": 0.9415397047996521,
    "iptm": 0.9584386348724365,
    "ligand_iptm": 0.9584386348724365,
    "protein_iptm": 0.0,
    "complex_plddt": 0.9226529002189636,
    "complex_iplddt": 0.8843097686767578,
    "complex_pde": 0.4606027901172638,
    "complex_ipde": 0.6683189272880554,
    "chains_ptm": {
        "0": 0.9385748505592346,
        "1": 0.9020025134086609
    },
    "pair_chains_iptm": {
        "0": {
            "0": 0.9385748505592346,
            "1": 0.7088629007339478
        },
        "1": {
            "0": 0.9584386348724365,
            "1": 0.9020025134086609
        }
    }
}