{
    "affinity_pred_value": 0.9724507331848145,
    "affinity_probability_binary": 0.12573842704296112,
    "affinity_pred_value1": 1.1315020322799683,
    "affinity_probability_binary1": 0.05327858403325081,
    "affinity_pred_value2": 0.8133993744850159,
    "affinity_probability_binary2": 0.19819827377796173
}