{
    "confidence_score": 0.7085584402084351,
    "ptm": 0.8973141312599182,
    "iptm": 0.7133327126502991,
    "ligand_iptm": 0.7133327126502991,
    "protein_iptm": 0.0,
    "complex_plddt": 0.7073648571968079,
    "complex_iplddt": 0.5384582281112671,
    "complex_pde": 0.7474324703216553,
    "complex_ipde": 3.6667308807373047,
    "chains_ptm": {
        "0": 0.927494466304779,
        "1": 0.8911744356155396
    },
    "pair_chains_iptm": {
        "0": {
            "0": 0.927494466304779,
            "1": 0.2806875705718994
        },
        "1": {
            "0": 0.7133327126502991,
            "1": 0.8911744356155396
        }
    }
}