{
    "affinity_pred_value": -0.49504077434539795,
    "affinity_probability_binary": 0.633141040802002,
    "affinity_pred_value1": -0.9705495834350586,
    "affinity_probability_binary1": 0.7467232346534729,
    "affinity_pred_value2": -0.01953195407986641,
    "affinity_probability_binary2": 0.5195587873458862
}