{
    "confidence_score": 0.9119536280632019,
    "ptm": 0.9045215249061584,
    "iptm": 0.9797481894493103,
    "ligand_iptm": 0.9797481894493103,
    "protein_iptm": 0.0,
    "complex_plddt": 0.8950049877166748,
    "complex_iplddt": 0.8887824416160583,
    "complex_pde": 0.41748589277267456,
    "complex_ipde": 0.5621419548988342,
    "chains_ptm": {
        "0": 0.8945978283882141,
        "1": 0.9153783917427063
    },
    "pair_chains_iptm": {
        "0": {
            "0": 0.8945978283882141,
            "1": 0.7182574272155762
        },
        "1": {
            "0": 0.9797481894493103,
            "1": 0.9153783917427063
        }
    }
}