{
    "affinity_pred_value": -1.7528600692749023,
    "affinity_probability_binary": 0.9083936214447021,
    "affinity_pred_value1": -1.9400725364685059,
    "affinity_probability_binary1": 0.970680832862854,
    "affinity_pred_value2": -1.5656476020812988,
    "affinity_probability_binary2": 0.8461064100265503
}