{
    "confidence_score": 0.9267274737358093,
    "ptm": 0.944955050945282,
    "iptm": 0.9888179302215576,
    "ligand_iptm": 0.9888179302215576,
    "protein_iptm": 0.0,
    "complex_plddt": 0.9112048745155334,
    "complex_iplddt": 0.8998998999595642,
    "complex_pde": 0.4192194938659668,
    "complex_ipde": 0.3672439157962799,
    "chains_ptm": {
        "0": 0.9414635896682739,
        "1": 0.9822700023651123
    },
    "pair_chains_iptm": {
        "0": {
            "0": 0.9414635896682739,
            "1": 0.8094723224639893
        },
        "1": {
            "0": 0.9888179302215576,
            "1": 0.9822700023651123
        }
    }
}