{
    "affinity_pred_value": 0.19333083927631378,
    "affinity_probability_binary": 0.17483744025230408,
    "affinity_pred_value1": 0.08659994602203369,
    "affinity_probability_binary1": 0.16439752280712128,
    "affinity_pred_value2": 0.30006173253059387,
    "affinity_probability_binary2": 0.18527737259864807
}