{
    "confidence_score": 0.7025929689407349,
    "ptm": 0.8639012575149536,
    "iptm": 0.8238768577575684,
    "ligand_iptm": 0.8238768577575684,
    "protein_iptm": 0.0,
    "complex_plddt": 0.6722719669342041,
    "complex_iplddt": 0.5149732828140259,
    "complex_pde": 0.729887843132019,
    "complex_ipde": 2.401029348373413,
    "chains_ptm": {
        "0": 0.871612548828125,
        "1": 0.8039006590843201
    },
    "pair_chains_iptm": {
        "0": {
            "0": 0.871612548828125,
            "1": 0.3487011194229126
        },
        "1": {
            "0": 0.8238768577575684,
            "1": 0.8039006590843201
        }
    }
}