{
    "affinity_pred_value": 0.15693633258342743,
    "affinity_probability_binary": 0.42513591051101685,
    "affinity_pred_value1": 0.040264613926410675,
    "affinity_probability_binary1": 0.41447845101356506,
    "affinity_pred_value2": 0.2736080586910248,
    "affinity_probability_binary2": 0.435793399810791
}