{
    "confidence_score": 0.7209253311157227,
    "ptm": 0.8146868944168091,
    "iptm": 0.7839213013648987,
    "ligand_iptm": 0.7839213013648987,
    "protein_iptm": 0.0,
    "complex_plddt": 0.7051763534545898,
    "complex_iplddt": 0.6816238760948181,
    "complex_pde": 0.8940002918243408,
    "complex_ipde": 3.144531488418579,
    "chains_ptm": {
        "0": 0.8221967816352844,
        "1": 0.7877559065818787
    },
    "pair_chains_iptm": {
        "0": {
            "0": 0.8221967816352844,
            "1": 0.3249819874763489
        },
        "1": {
            "0": 0.7839213013648987,
            "1": 0.7877559065818787
        }
    }
}