{
    "affinity_pred_value": -0.5244885087013245,
    "affinity_probability_binary": 0.49426326155662537,
    "affinity_pred_value1": -0.48516541719436646,
    "affinity_probability_binary1": 0.6231771111488342,
    "affinity_pred_value2": -0.5638116002082825,
    "affinity_probability_binary2": 0.3653494119644165
}