{
    "confidence_score": 0.8086878061294556,
    "ptm": 0.7697644829750061,
    "iptm": 0.9140083193778992,
    "ligand_iptm": 0.9140083193778992,
    "protein_iptm": 0.0,
    "complex_plddt": 0.7823576331138611,
    "complex_iplddt": 0.627216100692749,
    "complex_pde": 0.7927545309066772,
    "complex_ipde": 2.3263964653015137,
    "chains_ptm": {
        "0": 0.7402205467224121,
        "1": 0.8603887557983398
    },
    "pair_chains_iptm": {
        "0": {
            "0": 0.7402205467224121,
            "1": 0.39776667952537537
        },
        "1": {
            "0": 0.9140083193778992,
            "1": 0.8603887557983398
        }
    }
}