{
    "affinity_pred_value": -0.49861547350883484,
    "affinity_probability_binary": 0.556769847869873,
    "affinity_pred_value1": -0.5749748945236206,
    "affinity_probability_binary1": 0.6676012277603149,
    "affinity_pred_value2": -0.4222560524940491,
    "affinity_probability_binary2": 0.44593849778175354
}