{
    "confidence_score": 0.6723355650901794,
    "ptm": 0.8699051737785339,
    "iptm": 0.927021861076355,
    "ligand_iptm": 0.927021861076355,
    "protein_iptm": 0.0,
    "complex_plddt": 0.6086639761924744,
    "complex_iplddt": 0.43112972378730774,
    "complex_pde": 0.5510702133178711,
    "complex_ipde": 1.02685546875,
    "chains_ptm": {
        "0": 0.858924150466919,
        "1": 0.9151278734207153
    },
    "pair_chains_iptm": {
        "0": {
            "0": 0.858924150466919,
            "1": 0.5501831769943237
        },
        "1": {
            "0": 0.927021861076355,
            "1": 0.9151278734207153
        }
    }
}