{
    "affinity_pred_value": 0.20103976130485535,
    "affinity_probability_binary": 0.20850110054016113,
    "affinity_pred_value1": 0.3847459852695465,
    "affinity_probability_binary1": 0.21224907040596008,
    "affinity_pred_value2": 0.01733352616429329,
    "affinity_probability_binary2": 0.20475313067436218
}