{
    "confidence_score": 0.7100942730903625,
    "ptm": 0.9232990741729736,
    "iptm": 0.9119390249252319,
    "ligand_iptm": 0.9119390249252319,
    "protein_iptm": 0.0,
    "complex_plddt": 0.6596331000328064,
    "complex_iplddt": 0.4883563220500946,
    "complex_pde": 0.4427489638328552,
    "complex_ipde": 0.9146179556846619,
    "chains_ptm": {
        "0": 0.9258780479431152,
        "1": 0.9257063865661621
    },
    "pair_chains_iptm": {
        "0": {
            "0": 0.9258780479431152,
            "1": 0.6184220910072327
        },
        "1": {
            "0": 0.9119390249252319,
            "1": 0.9257063865661621
        }
    }
}