{
    "affinity_pred_value": 0.32371753454208374,
    "affinity_probability_binary": 0.34362754225730896,
    "affinity_pred_value1": 0.2376875877380371,
    "affinity_probability_binary1": 0.27959591150283813,
    "affinity_pred_value2": 0.40974748134613037,
    "affinity_probability_binary2": 0.4076591730117798
}