{
    "confidence_score": 0.7619103193283081,
    "ptm": 0.8344811797142029,
    "iptm": 0.8893253803253174,
    "ligand_iptm": 0.8893253803253174,
    "protein_iptm": 0.0,
    "complex_plddt": 0.7300565242767334,
    "complex_iplddt": 0.6561551690101624,
    "complex_pde": 0.7189464569091797,
    "complex_ipde": 2.0231990814208984,
    "chains_ptm": {
        "0": 0.8269466161727905,
        "1": 0.8627144694328308
    },
    "pair_chains_iptm": {
        "0": {
            "0": 0.8269466161727905,
            "1": 0.36939048767089844
        },
        "1": {
            "0": 0.8893253803253174,
            "1": 0.8627144694328308
        }
    }
}