{
    "affinity_pred_value": 1.037445068359375,
    "affinity_probability_binary": 0.2653456926345825,
    "affinity_pred_value1": 1.8421692848205566,
    "affinity_probability_binary1": 0.257019966840744,
    "affinity_pred_value2": 0.23272079229354858,
    "affinity_probability_binary2": 0.27367138862609863
}