{
    "confidence_score": 0.754227876663208,
    "ptm": 0.90694659948349,
    "iptm": 0.8945468068122864,
    "ligand_iptm": 0.8945468068122864,
    "protein_iptm": 0.0,
    "complex_plddt": 0.7191481590270996,
    "complex_iplddt": 0.660541832447052,
    "complex_pde": 0.5643994212150574,
    "complex_ipde": 1.7490084171295166,
    "chains_ptm": {
        "0": 0.9095218181610107,
        "1": 0.8609337210655212
    },
    "pair_chains_iptm": {
        "0": {
            "0": 0.9095218181610107,
            "1": 0.45904073119163513
        },
        "1": {
            "0": 0.8945468068122864,
            "1": 0.8609337210655212
        }
    }
}