{
    "affinity_pred_value": -0.6583082675933838,
    "affinity_probability_binary": 0.4470940828323364,
    "affinity_pred_value1": -0.5617022514343262,
    "affinity_probability_binary1": 0.4365676939487457,
    "affinity_pred_value2": -0.7549143433570862,
    "affinity_probability_binary2": 0.4576204717159271
}