{
    "confidence_score": 0.7146081328392029,
    "ptm": 0.882689356803894,
    "iptm": 0.8255577683448792,
    "ligand_iptm": 0.8255577683448792,
    "protein_iptm": 0.0,
    "complex_plddt": 0.6868706941604614,
    "complex_iplddt": 0.532457709312439,
    "complex_pde": 0.6759028434753418,
    "complex_ipde": 1.997428059577942,
    "chains_ptm": {
        "0": 0.8972495198249817,
        "1": 0.7688488960266113
    },
    "pair_chains_iptm": {
        "0": {
            "0": 0.8972495198249817,
            "1": 0.336301326751709
        },
        "1": {
            "0": 0.8255577683448792,
            "1": 0.7688488960266113
        }
    }
}