{
    "affinity_pred_value": 0.5877541899681091,
    "affinity_probability_binary": 0.10917510092258453,
    "affinity_pred_value1": 1.0458043813705444,
    "affinity_probability_binary1": 0.14836613833904266,
    "affinity_pred_value2": 0.12970402836799622,
    "affinity_probability_binary2": 0.0699840635061264
}