{
    "confidence_score": 0.7447676062583923,
    "ptm": 0.8291854858398438,
    "iptm": 0.8683949708938599,
    "ligand_iptm": 0.8683949708938599,
    "protein_iptm": 0.0,
    "complex_plddt": 0.7138606905937195,
    "complex_iplddt": 0.5968372821807861,
    "complex_pde": 0.6947042942047119,
    "complex_ipde": 2.0344483852386475,
    "chains_ptm": {
        "0": 0.824865996837616,
        "1": 0.9181566834449768
    },
    "pair_chains_iptm": {
        "0": {
            "0": 0.824865996837616,
            "1": 0.43457698822021484
        },
        "1": {
            "0": 0.8683949708938599,
            "1": 0.9181566834449768
        }
    }
}