{
    "affinity_pred_value": 0.28176671266555786,
    "affinity_probability_binary": 0.295181542634964,
    "affinity_pred_value1": 0.3464379906654358,
    "affinity_probability_binary1": 0.37966254353523254,
    "affinity_pred_value2": 0.21709543466567993,
    "affinity_probability_binary2": 0.21070055663585663
}