{
    "confidence_score": 0.7487878799438477,
    "ptm": 0.8820164203643799,
    "iptm": 0.8927887678146362,
    "ligand_iptm": 0.8927887678146362,
    "protein_iptm": 0.0,
    "complex_plddt": 0.7127876281738281,
    "complex_iplddt": 0.543075680732727,
    "complex_pde": 0.6176530718803406,
    "complex_ipde": 1.7484180927276611,
    "chains_ptm": {
        "0": 0.8843919038772583,
        "1": 0.8979033827781677
    },
    "pair_chains_iptm": {
        "0": {
            "0": 0.8843919038772583,
            "1": 0.486608624458313
        },
        "1": {
            "0": 0.8927887678146362,
            "1": 0.8979033827781677
        }
    }
}