{
    "affinity_pred_value": 0.5386797189712524,
    "affinity_probability_binary": 0.3620459735393524,
    "affinity_pred_value1": 0.5583473443984985,
    "affinity_probability_binary1": 0.3039785325527191,
    "affinity_pred_value2": 0.5190120935440063,
    "affinity_probability_binary2": 0.4201134145259857
}