{
    "confidence_score": 0.9474851489067078,
    "ptm": 0.9496335983276367,
    "iptm": 0.9708554744720459,
    "ligand_iptm": 0.9708554744720459,
    "protein_iptm": 0.0,
    "complex_plddt": 0.9416425824165344,
    "complex_iplddt": 0.9148950576782227,
    "complex_pde": 0.43615320324897766,
    "complex_ipde": 0.6482592821121216,
    "chains_ptm": {
        "0": 0.9466533660888672,
        "1": 0.8662669062614441
    },
    "pair_chains_iptm": {
        "0": {
            "0": 0.9466533660888672,
            "1": 0.5332487225532532
        },
        "1": {
            "0": 0.9708554744720459,
            "1": 0.8662669062614441
        }
    }
}