{
    "affinity_pred_value": -0.31037431955337524,
    "affinity_probability_binary": 0.739463210105896,
    "affinity_pred_value1": -0.37530484795570374,
    "affinity_probability_binary1": 0.7671297192573547,
    "affinity_pred_value2": -0.24544379115104675,
    "affinity_probability_binary2": 0.7117967009544373
}