{
    "confidence_score": 0.9042510986328125,
    "ptm": 0.9100333452224731,
    "iptm": 0.9761460423469543,
    "ligand_iptm": 0.9761460423469543,
    "protein_iptm": 0.0,
    "complex_plddt": 0.8862773776054382,
    "complex_iplddt": 0.8920251727104187,
    "complex_pde": 0.42019718885421753,
    "complex_ipde": 0.555734395980835,
    "chains_ptm": {
        "0": 0.8987892270088196,
        "1": 0.868195652961731
    },
    "pair_chains_iptm": {
        "0": {
            "0": 0.8987892270088196,
            "1": 0.5995060205459595
        },
        "1": {
            "0": 0.9761460423469543,
            "1": 0.868195652961731
        }
    }
}