{
    "affinity_pred_value": 1.184693455696106,
    "affinity_probability_binary": 0.20223736763000488,
    "affinity_pred_value1": 1.6527878046035767,
    "affinity_probability_binary1": 0.12159071862697601,
    "affinity_pred_value2": 0.7165990471839905,
    "affinity_probability_binary2": 0.28288400173187256
}