{
    "confidence_score": 0.7499397397041321,
    "ptm": 0.9423060417175293,
    "iptm": 0.9115877151489258,
    "ligand_iptm": 0.9115877151489258,
    "protein_iptm": 0.0,
    "complex_plddt": 0.7095277309417725,
    "complex_iplddt": 0.686372697353363,
    "complex_pde": 0.41274508833885193,
    "complex_ipde": 1.1612011194229126,
    "chains_ptm": {
        "0": 0.947238028049469,
        "1": 0.8516556024551392
    },
    "pair_chains_iptm": {
        "0": {
            "0": 0.947238028049469,
            "1": 0.43430835008621216
        },
        "1": {
            "0": 0.9115877151489258,
            "1": 0.8516556024551392
        }
    }
}