{
    "affinity_pred_value": 0.21832877397537231,
    "affinity_probability_binary": 0.15580254793167114,
    "affinity_pred_value1": 0.2649644613265991,
    "affinity_probability_binary1": 0.07989312708377838,
    "affinity_pred_value2": 0.1716931015253067,
    "affinity_probability_binary2": 0.2317119836807251
}