{
    "confidence_score": 0.7545978426933289,
    "ptm": 0.9246577024459839,
    "iptm": 0.8758242130279541,
    "ligand_iptm": 0.8758242130279541,
    "protein_iptm": 0.0,
    "complex_plddt": 0.7242912650108337,
    "complex_iplddt": 0.6479517221450806,
    "complex_pde": 0.50453782081604,
    "complex_ipde": 1.7047748565673828,
    "chains_ptm": {
        "0": 0.9323521852493286,
        "1": 0.8822458982467651
    },
    "pair_chains_iptm": {
        "0": {
            "0": 0.9323521852493286,
            "1": 0.45499297976493835
        },
        "1": {
            "0": 0.8758242130279541,
            "1": 0.8822458982467651
        }
    }
}