{
    "affinity_pred_value": 0.7257025241851807,
    "affinity_probability_binary": 0.11949563026428223,
    "affinity_pred_value1": 1.6946908235549927,
    "affinity_probability_binary1": 0.1032995656132698,
    "affinity_pred_value2": -0.24328571557998657,
    "affinity_probability_binary2": 0.13569170236587524
}