{
    "confidence_score": 0.7661508321762085,
    "ptm": 0.8501812219619751,
    "iptm": 0.8711926341056824,
    "ligand_iptm": 0.8711926341056824,
    "protein_iptm": 0.0,
    "complex_plddt": 0.7398903369903564,
    "complex_iplddt": 0.6703352928161621,
    "complex_pde": 0.6228476166725159,
    "complex_ipde": 1.8345381021499634,
    "chains_ptm": {
        "0": 0.8499884009361267,
        "1": 0.8850034475326538
    },
    "pair_chains_iptm": {
        "0": {
            "0": 0.8499884009361267,
            "1": 0.40354666113853455
        },
        "1": {
            "0": 0.8711926341056824,
            "1": 0.8850034475326538
        }
    }
}