{
    "affinity_pred_value": -0.9462105631828308,
    "affinity_probability_binary": 0.9614995718002319,
    "affinity_pred_value1": -1.3863862752914429,
    "affinity_probability_binary1": 0.9829329252243042,
    "affinity_pred_value2": -0.5060348510742188,
    "affinity_probability_binary2": 0.9400662779808044
}