{
    "confidence_score": 0.9433576464653015,
    "ptm": 0.9451284408569336,
    "iptm": 0.9724758267402649,
    "ligand_iptm": 0.9724758267402649,
    "protein_iptm": 0.0,
    "complex_plddt": 0.9360780715942383,
    "complex_iplddt": 0.9054421186447144,
    "complex_pde": 0.43993961811065674,
    "complex_ipde": 0.619559109210968,
    "chains_ptm": {
        "0": 0.9411751627922058,
        "1": 0.8978400230407715
    },
    "pair_chains_iptm": {
        "0": {
            "0": 0.9411751627922058,
            "1": 0.5588008165359497
        },
        "1": {
            "0": 0.9724758267402649,
            "1": 0.8978400230407715
        }
    }
}