{
    "affinity_pred_value": 0.39503103494644165,
    "affinity_probability_binary": 0.15261371433734894,
    "affinity_pred_value1": 0.2661069929599762,
    "affinity_probability_binary1": 0.17333140969276428,
    "affinity_pred_value2": 0.5239550471305847,
    "affinity_probability_binary2": 0.1318960189819336
}