{
    "confidence_score": 0.7859975099563599,
    "ptm": 0.7388087511062622,
    "iptm": 0.8294671177864075,
    "ligand_iptm": 0.8294671177864075,
    "protein_iptm": 0.0,
    "complex_plddt": 0.7751300930976868,
    "complex_iplddt": 0.5839581489562988,
    "complex_pde": 0.8473525643348694,
    "complex_ipde": 3.010314464569092,
    "chains_ptm": {
        "0": 0.7248924374580383,
        "1": 0.804169237613678
    },
    "pair_chains_iptm": {
        "0": {
            "0": 0.7248924374580383,
            "1": 0.2594827711582184
        },
        "1": {
            "0": 0.8294671177864075,
            "1": 0.804169237613678
        }
    }
}