{
    "affinity_pred_value": 1.1910721063613892,
    "affinity_probability_binary": 0.21056503057479858,
    "affinity_pred_value1": 1.6694791316986084,
    "affinity_probability_binary1": 0.13716541230678558,
    "affinity_pred_value2": 0.7126651406288147,
    "affinity_probability_binary2": 0.2839646339416504
}