{
    "confidence_score": 0.8458995819091797,
    "ptm": 0.8092734217643738,
    "iptm": 0.9631109833717346,
    "ligand_iptm": 0.9631109833717346,
    "protein_iptm": 0.0,
    "complex_plddt": 0.8165966868400574,
    "complex_iplddt": 0.8122274875640869,
    "complex_pde": 0.4621064066886902,
    "complex_ipde": 1.063848853111267,
    "chains_ptm": {
        "0": 0.7899178266525269,
        "1": 0.860474169254303
    },
    "pair_chains_iptm": {
        "0": {
            "0": 0.7899178266525269,
            "1": 0.40440478920936584
        },
        "1": {
            "0": 0.9631109833717346,
            "1": 0.860474169254303
        }
    }
}