{
    "affinity_pred_value": -0.9442348480224609,
    "affinity_probability_binary": 0.34195417165756226,
    "affinity_pred_value1": -1.1700893640518188,
    "affinity_probability_binary1": 0.205062597990036,
    "affinity_pred_value2": -0.7183803915977478,
    "affinity_probability_binary2": 0.4788457751274109
}