{
    "confidence_score": 0.6816696524620056,
    "ptm": 0.8309944272041321,
    "iptm": 0.792945146560669,
    "ligand_iptm": 0.792945146560669,
    "protein_iptm": 0.0,
    "complex_plddt": 0.6538507342338562,
    "complex_iplddt": 0.47294601798057556,
    "complex_pde": 0.9234195351600647,
    "complex_ipde": 2.902313470840454,
    "chains_ptm": {
        "0": 0.8423192501068115,
        "1": 0.8757056593894958
    },
    "pair_chains_iptm": {
        "0": {
            "0": 0.8423192501068115,
            "1": 0.4229159653186798
        },
        "1": {
            "0": 0.792945146560669,
            "1": 0.8757056593894958
        }
    }
}