{
    "affinity_pred_value": 0.2831520140171051,
    "affinity_probability_binary": 0.44774556159973145,
    "affinity_pred_value1": -0.024385876953601837,
    "affinity_probability_binary1": 0.44502782821655273,
    "affinity_pred_value2": 0.5906898975372314,
    "affinity_probability_binary2": 0.45046326518058777
}