{
    "confidence_score": 0.7720662951469421,
    "ptm": 0.8683890700340271,
    "iptm": 0.9073340892791748,
    "ligand_iptm": 0.9073340892791748,
    "protein_iptm": 0.0,
    "complex_plddt": 0.7382493019104004,
    "complex_iplddt": 0.6819277405738831,
    "complex_pde": 0.5517399907112122,
    "complex_ipde": 1.4878557920455933,
    "chains_ptm": {
        "0": 0.8678231239318848,
        "1": 0.8613858222961426
    },
    "pair_chains_iptm": {
        "0": {
            "0": 0.8678231239318848,
            "1": 0.403454065322876
        },
        "1": {
            "0": 0.9073340892791748,
            "1": 0.8613858222961426
        }
    }
}