{
    "affinity_pred_value": 0.7245175838470459,
    "affinity_probability_binary": 0.3039919137954712,
    "affinity_pred_value1": 1.0129368305206299,
    "affinity_probability_binary1": 0.22431987524032593,
    "affinity_pred_value2": 0.4360983967781067,
    "affinity_probability_binary2": 0.38366395235061646
}