{
    "confidence_score": 0.7059001922607422,
    "ptm": 0.8209500908851624,
    "iptm": 0.7894405126571655,
    "ligand_iptm": 0.7894405126571655,
    "protein_iptm": 0.0,
    "complex_plddt": 0.685015082359314,
    "complex_iplddt": 0.5612506866455078,
    "complex_pde": 0.8669591546058655,
    "complex_ipde": 3.0167288780212402,
    "chains_ptm": {
        "0": 0.8280524015426636,
        "1": 0.9210477471351624
    },
    "pair_chains_iptm": {
        "0": {
            "0": 0.8280524015426636,
            "1": 0.3960025906562805
        },
        "1": {
            "0": 0.7894405126571655,
            "1": 0.9210477471351624
        }
    }
}