{
    "affinity_pred_value": 0.44894009828567505,
    "affinity_probability_binary": 0.18006645143032074,
    "affinity_pred_value1": 0.582158088684082,
    "affinity_probability_binary1": 0.11969359964132309,
    "affinity_pred_value2": 0.3157220780849457,
    "affinity_probability_binary2": 0.240439310669899
}