{
    "confidence_score": 0.7983587980270386,
    "ptm": 0.8699963092803955,
    "iptm": 0.9481847286224365,
    "ligand_iptm": 0.9481847286224365,
    "protein_iptm": 0.0,
    "complex_plddt": 0.7609022855758667,
    "complex_iplddt": 0.7694769501686096,
    "complex_pde": 0.4521500766277313,
    "complex_ipde": 1.087849497795105,
    "chains_ptm": {
        "0": 0.860303521156311,
        "1": 0.887121856212616
    },
    "pair_chains_iptm": {
        "0": {
            "0": 0.860303521156311,
            "1": 0.4568285346031189
        },
        "1": {
            "0": 0.9481847286224365,
            "1": 0.887121856212616
        }
    }
}