{
    "affinity_pred_value": 0.4757070541381836,
    "affinity_probability_binary": 0.3242679834365845,
    "affinity_pred_value1": 0.6441009044647217,
    "affinity_probability_binary1": 0.3168719410896301,
    "affinity_pred_value2": 0.3073132038116455,
    "affinity_probability_binary2": 0.3316640555858612
}