{
    "confidence_score": 0.7456192970275879,
    "ptm": 0.8472223877906799,
    "iptm": 0.7913371920585632,
    "ligand_iptm": 0.7913371920585632,
    "protein_iptm": 0.0,
    "complex_plddt": 0.7341898083686829,
    "complex_iplddt": 0.5711928009986877,
    "complex_pde": 0.8035866022109985,
    "complex_ipde": 2.851741313934326,
    "chains_ptm": {
        "0": 0.8567984104156494,
        "1": 0.8349519968032837
    },
    "pair_chains_iptm": {
        "0": {
            "0": 0.8567984104156494,
            "1": 0.3063369691371918
        },
        "1": {
            "0": 0.7913371920585632,
            "1": 0.8349519968032837
        }
    }
}