{
    "affinity_pred_value": -0.08757731318473816,
    "affinity_probability_binary": 0.4399205148220062,
    "affinity_pred_value1": 0.5097323656082153,
    "affinity_probability_binary1": 0.5386068820953369,
    "affinity_pred_value2": -0.6848869919776917,
    "affinity_probability_binary2": 0.34123414754867554
}