{
    "confidence_score": 0.6466684341430664,
    "ptm": 0.7654746174812317,
    "iptm": 0.5951711535453796,
    "ligand_iptm": 0.5951711535453796,
    "protein_iptm": 0.0,
    "complex_plddt": 0.6595427393913269,
    "complex_iplddt": 0.2910771667957306,
    "complex_pde": 1.0153759717941284,
    "complex_ipde": 3.942936897277832,
    "chains_ptm": {
        "0": 0.8094134330749512,
        "1": 0.6866458058357239
    },
    "pair_chains_iptm": {
        "0": {
            "0": 0.8094134330749512,
            "1": 0.16646850109100342
        },
        "1": {
            "0": 0.5951711535453796,
            "1": 0.6866458058357239
        }
    }
}