{
    "affinity_pred_value": -1.1546064615249634,
    "affinity_probability_binary": 0.9402909278869629,
    "affinity_pred_value1": -1.4352127313613892,
    "affinity_probability_binary1": 0.9369733333587646,
    "affinity_pred_value2": -0.8740001916885376,
    "affinity_probability_binary2": 0.9436085224151611
}