{
    "confidence_score": 0.9479854702949524,
    "ptm": 0.9642125964164734,
    "iptm": 0.9871566295623779,
    "ligand_iptm": 0.9871566295623779,
    "protein_iptm": 0.0,
    "complex_plddt": 0.9381926655769348,
    "complex_iplddt": 0.9252172708511353,
    "complex_pde": 0.3506569564342499,
    "complex_ipde": 0.4320701062679291,
    "chains_ptm": {
        "0": 0.9605523943901062,
        "1": 0.8810430765151978
    },
    "pair_chains_iptm": {
        "0": {
            "0": 0.9605523943901062,
            "1": 0.615452766418457
        },
        "1": {
            "0": 0.9871566295623779,
            "1": 0.8810430765151978
        }
    }
}