{
    "affinity_pred_value": 0.6463370323181152,
    "affinity_probability_binary": 0.3956066370010376,
    "affinity_pred_value1": 0.42034876346588135,
    "affinity_probability_binary1": 0.4259485602378845,
    "affinity_pred_value2": 0.8723253607749939,
    "affinity_probability_binary2": 0.3652646839618683
}