{
    "confidence_score": 0.8212810754776001,
    "ptm": 0.7393065690994263,
    "iptm": 0.9134624004364014,
    "ligand_iptm": 0.9134624004364014,
    "protein_iptm": 0.0,
    "complex_plddt": 0.7982357740402222,
    "complex_iplddt": 0.7192564606666565,
    "complex_pde": 0.8559668064117432,
    "complex_ipde": 2.462404727935791,
    "chains_ptm": {
        "0": 0.7154996395111084,
        "1": 0.8866324424743652
    },
    "pair_chains_iptm": {
        "0": {
            "0": 0.7154996395111084,
            "1": 0.39697694778442383
        },
        "1": {
            "0": 0.9134624004364014,
            "1": 0.8866324424743652
        }
    }
}