{
    "affinity_pred_value": -0.5961378216743469,
    "affinity_probability_binary": 0.7062339782714844,
    "affinity_pred_value1": -1.1043678522109985,
    "affinity_probability_binary1": 0.7937080264091492,
    "affinity_pred_value2": -0.0879078209400177,
    "affinity_probability_binary2": 0.6187599897384644
}