{
    "confidence_score": 0.9496908187866211,
    "ptm": 0.9472914338111877,
    "iptm": 0.9796704053878784,
    "ligand_iptm": 0.9796704053878784,
    "protein_iptm": 0.0,
    "complex_plddt": 0.9421959519386292,
    "complex_iplddt": 0.9295596480369568,
    "complex_pde": 0.410441130399704,
    "complex_ipde": 0.47006410360336304,
    "chains_ptm": {
        "0": 0.9431871175765991,
        "1": 0.9011147618293762
    },
    "pair_chains_iptm": {
        "0": {
            "0": 0.9431871175765991,
            "1": 0.6329123377799988
        },
        "1": {
            "0": 0.9796704053878784,
            "1": 0.9011147618293762
        }
    }
}