{
    "affinity_pred_value": 0.34009653329849243,
    "affinity_probability_binary": 0.6378498673439026,
    "affinity_pred_value1": 0.2672084867954254,
    "affinity_probability_binary1": 0.6079451441764832,
    "affinity_pred_value2": 0.41298454999923706,
    "affinity_probability_binary2": 0.667754590511322
}