{
    "confidence_score": 0.9196091890335083,
    "ptm": 0.9208564758300781,
    "iptm": 0.9390279650688171,
    "ligand_iptm": 0.9390279650688171,
    "protein_iptm": 0.0,
    "complex_plddt": 0.9147545099258423,
    "complex_iplddt": 0.8568995594978333,
    "complex_pde": 0.5243754386901855,
    "complex_ipde": 0.7843407988548279,
    "chains_ptm": {
        "0": 0.9178242683410645,
        "1": 0.8528839349746704
    },
    "pair_chains_iptm": {
        "0": {
            "0": 0.9178242683410645,
            "1": 0.6228370070457458
        },
        "1": {
            "0": 0.9390279650688171,
            "1": 0.8528839349746704
        }
    }
}