{
    "affinity_pred_value": -0.702397882938385,
    "affinity_probability_binary": 0.7285847663879395,
    "affinity_pred_value1": -1.1482763290405273,
    "affinity_probability_binary1": 0.8571428656578064,
    "affinity_pred_value2": -0.2565194070339203,
    "affinity_probability_binary2": 0.6000267267227173
}