{
    "confidence_score": 0.9386326670646667,
    "ptm": 0.9396746754646301,
    "iptm": 0.9768477082252502,
    "ligand_iptm": 0.9768477082252502,
    "protein_iptm": 0.0,
    "complex_plddt": 0.9290789365768433,
    "complex_iplddt": 0.8957177400588989,
    "complex_pde": 0.44421622157096863,
    "complex_ipde": 0.582392692565918,
    "chains_ptm": {
        "0": 0.9347708821296692,
        "1": 0.9066396355628967
    },
    "pair_chains_iptm": {
        "0": {
            "0": 0.9347708821296692,
            "1": 0.7015812993049622
        },
        "1": {
            "0": 0.9768477082252502,
            "1": 0.9066396355628967
        }
    }
}