{
    "affinity_pred_value": -0.2412434071302414,
    "affinity_probability_binary": 0.3766091465950012,
    "affinity_pred_value1": -0.42996746301651,
    "affinity_probability_binary1": 0.4253920912742615,
    "affinity_pred_value2": -0.05251935496926308,
    "affinity_probability_binary2": 0.32782620191574097
}