{
    "confidence_score": 0.7803696990013123,
    "ptm": 0.8204012513160706,
    "iptm": 0.8317367434501648,
    "ligand_iptm": 0.8317367434501648,
    "protein_iptm": 0.0,
    "complex_plddt": 0.7675279378890991,
    "complex_iplddt": 0.7507677674293518,
    "complex_pde": 0.6895074248313904,
    "complex_ipde": 2.3274452686309814,
    "chains_ptm": {
        "0": 0.8198187947273254,
        "1": 0.7933983206748962
    },
    "pair_chains_iptm": {
        "0": {
            "0": 0.8198187947273254,
            "1": 0.2801154553890228
        },
        "1": {
            "0": 0.8317367434501648,
            "1": 0.7933983206748962
        }
    }
}