{
    "affinity_pred_value": 0.43055933713912964,
    "affinity_probability_binary": 0.3744830787181854,
    "affinity_pred_value1": 0.538451075553894,
    "affinity_probability_binary1": 0.52074134349823,
    "affinity_pred_value2": 0.32266759872436523,
    "affinity_probability_binary2": 0.22822482883930206
}