{
    "confidence_score": 0.8386212587356567,
    "ptm": 0.7943379878997803,
    "iptm": 0.9137019515037537,
    "ligand_iptm": 0.9137019515037537,
    "protein_iptm": 0.0,
    "complex_plddt": 0.8198511004447937,
    "complex_iplddt": 0.6911839842796326,
    "complex_pde": 0.5535752773284912,
    "complex_ipde": 1.5526301860809326,
    "chains_ptm": {
        "0": 0.7756423950195312,
        "1": 0.8270571827888489
    },
    "pair_chains_iptm": {
        "0": {
            "0": 0.7756423950195312,
            "1": 0.3194893002510071
        },
        "1": {
            "0": 0.9137019515037537,
            "1": 0.8270571827888489
        }
    }
}