{
    "affinity_pred_value": 0.5654163956642151,
    "affinity_probability_binary": 0.20087632536888123,
    "affinity_pred_value1": 0.1048034131526947,
    "affinity_probability_binary1": 0.12790536880493164,
    "affinity_pred_value2": 1.026029348373413,
    "affinity_probability_binary2": 0.2738472819328308
}