{
    "confidence_score": 0.7292966842651367,
    "ptm": 0.7990546226501465,
    "iptm": 0.8140274286270142,
    "ligand_iptm": 0.8140274286270142,
    "protein_iptm": 0.0,
    "complex_plddt": 0.708113968372345,
    "complex_iplddt": 0.6705667972564697,
    "complex_pde": 1.0165536403656006,
    "complex_ipde": 3.02492356300354,
    "chains_ptm": {
        "0": 0.7967996597290039,
        "1": 0.8543827533721924
    },
    "pair_chains_iptm": {
        "0": {
            "0": 0.7967996597290039,
            "1": 0.31955036520957947
        },
        "1": {
            "0": 0.8140274286270142,
            "1": 0.8543827533721924
        }
    }
}