{
    "affinity_pred_value": 0.2984745502471924,
    "affinity_probability_binary": 0.12132138013839722,
    "affinity_pred_value1": 0.009616557508707047,
    "affinity_probability_binary1": 0.16473019123077393,
    "affinity_pred_value2": 0.587332546710968,
    "affinity_probability_binary2": 0.0779125764966011
}