{
    "confidence_score": 0.7094065546989441,
    "ptm": 0.8814480900764465,
    "iptm": 0.7824680805206299,
    "ligand_iptm": 0.7824680805206299,
    "protein_iptm": 0.0,
    "complex_plddt": 0.6911411285400391,
    "complex_iplddt": 0.4964185655117035,
    "complex_pde": 0.7666653394699097,
    "complex_ipde": 2.6791739463806152,
    "chains_ptm": {
        "0": 0.9027705192565918,
        "1": 0.847034752368927
    },
    "pair_chains_iptm": {
        "0": {
            "0": 0.9027705192565918,
            "1": 0.3531583845615387
        },
        "1": {
            "0": 0.7824680805206299,
            "1": 0.847034752368927
        }
    }
}