{
    "affinity_pred_value": -0.5158154964447021,
    "affinity_probability_binary": 0.4290235638618469,
    "affinity_pred_value1": -0.46373140811920166,
    "affinity_probability_binary1": 0.5552075505256653,
    "affinity_pred_value2": -0.5678996443748474,
    "affinity_probability_binary2": 0.3028395473957062
}