{
    "confidence_score": 0.7166405916213989,
    "ptm": 0.8787086009979248,
    "iptm": 0.8701146245002747,
    "ligand_iptm": 0.8701146245002747,
    "protein_iptm": 0.0,
    "complex_plddt": 0.6782720685005188,
    "complex_iplddt": 0.48884356021881104,
    "complex_pde": 0.5349063873291016,
    "complex_ipde": 1.2415214776992798,
    "chains_ptm": {
        "0": 0.8813968300819397,
        "1": 0.8872722387313843
    },
    "pair_chains_iptm": {
        "0": {
            "0": 0.8813968300819397,
            "1": 0.483992338180542
        },
        "1": {
            "0": 0.8701146245002747,
            "1": 0.8872722387313843
        }
    }
}