{
    "affinity_pred_value": -1.0024285316467285,
    "affinity_probability_binary": 0.5420902967453003,
    "affinity_pred_value1": -0.8798668384552002,
    "affinity_probability_binary1": 0.4698415696620941,
    "affinity_pred_value2": -1.1249901056289673,
    "affinity_probability_binary2": 0.6143390536308289
}