{
    "confidence_score": 0.7124765515327454,
    "ptm": 0.9107652306556702,
    "iptm": 0.864322304725647,
    "ligand_iptm": 0.864322304725647,
    "protein_iptm": 0.0,
    "complex_plddt": 0.6745150685310364,
    "complex_iplddt": 0.47948071360588074,
    "complex_pde": 0.6747620701789856,
    "complex_ipde": 2.0828001499176025,
    "chains_ptm": {
        "0": 0.9242495894432068,
        "1": 0.9205690026283264
    },
    "pair_chains_iptm": {
        "0": {
            "0": 0.9242495894432068,
            "1": 0.5452879071235657
        },
        "1": {
            "0": 0.864322304725647,
            "1": 0.9205690026283264
        }
    }
}