{
    "affinity_pred_value": 0.6016057133674622,
    "affinity_probability_binary": 0.13633137941360474,
    "affinity_pred_value1": 0.35740843415260315,
    "affinity_probability_binary1": 0.1925201714038849,
    "affinity_pred_value2": 0.8458029627799988,
    "affinity_probability_binary2": 0.08014259487390518
}