{
    "confidence_score": 0.7604598999023438,
    "ptm": 0.8982928395271301,
    "iptm": 0.907492458820343,
    "ligand_iptm": 0.907492458820343,
    "protein_iptm": 0.0,
    "complex_plddt": 0.7237017750740051,
    "complex_iplddt": 0.5528210997581482,
    "complex_pde": 0.5160150527954102,
    "complex_ipde": 1.330508828163147,
    "chains_ptm": {
        "0": 0.8975101113319397,
        "1": 0.8856858015060425
    },
    "pair_chains_iptm": {
        "0": {
            "0": 0.8975101113319397,
            "1": 0.5010033249855042
        },
        "1": {
            "0": 0.907492458820343,
            "1": 0.8856858015060425
        }
    }
}