{
    "affinity_pred_value": -0.496542751789093,
    "affinity_probability_binary": 0.6463543176651001,
    "affinity_pred_value1": -0.6508039236068726,
    "affinity_probability_binary1": 0.5837262272834778,
    "affinity_pred_value2": -0.3422815799713135,
    "affinity_probability_binary2": 0.7089824676513672
}