{
    "confidence_score": 0.9206581115722656,
    "ptm": 0.9455547332763672,
    "iptm": 0.9553250670433044,
    "ligand_iptm": 0.9553250670433044,
    "protein_iptm": 0.0,
    "complex_plddt": 0.9119914174079895,
    "complex_iplddt": 0.8681788444519043,
    "complex_pde": 0.4547082781791687,
    "complex_ipde": 0.6699082255363464,
    "chains_ptm": {
        "0": 0.943592369556427,
        "1": 0.8749640583992004
    },
    "pair_chains_iptm": {
        "0": {
            "0": 0.943592369556427,
            "1": 0.6577519178390503
        },
        "1": {
            "0": 0.9553250670433044,
            "1": 0.8749640583992004
        }
    }
}