{
    "affinity_pred_value": -0.08708986639976501,
    "affinity_probability_binary": 0.20578740537166595,
    "affinity_pred_value1": 0.019767262041568756,
    "affinity_probability_binary1": 0.2043752819299698,
    "affinity_pred_value2": -0.19394700229167938,
    "affinity_probability_binary2": 0.20719952881336212
}