{
    "confidence_score": 0.6921788454055786,
    "ptm": 0.8941882252693176,
    "iptm": 0.8061617016792297,
    "ligand_iptm": 0.8061617016792297,
    "protein_iptm": 0.0,
    "complex_plddt": 0.6636831164360046,
    "complex_iplddt": 0.5086577534675598,
    "complex_pde": 0.6504549980163574,
    "complex_ipde": 2.124244213104248,
    "chains_ptm": {
        "0": 0.9133741855621338,
        "1": 0.8393635153770447
    },
    "pair_chains_iptm": {
        "0": {
            "0": 0.9133741855621338,
            "1": 0.5192232728004456
        },
        "1": {
            "0": 0.8061617016792297,
            "1": 0.8393635153770447
        }
    }
}