{
    "affinity_pred_value": 0.7753652334213257,
    "affinity_probability_binary": 0.5956953763961792,
    "affinity_pred_value1": 0.9943704605102539,
    "affinity_probability_binary1": 0.6949360370635986,
    "affinity_pred_value2": 0.5563600659370422,
    "affinity_probability_binary2": 0.49645474553108215
}