{
    "confidence_score": 0.9228130578994751,
    "ptm": 0.9427158832550049,
    "iptm": 0.9478627443313599,
    "ligand_iptm": 0.9478627443313599,
    "protein_iptm": 0.0,
    "complex_plddt": 0.9165505766868591,
    "complex_iplddt": 0.8681449294090271,
    "complex_pde": 0.4623197317123413,
    "complex_ipde": 0.7195839881896973,
    "chains_ptm": {
        "0": 0.9417520761489868,
        "1": 0.8543992638587952
    },
    "pair_chains_iptm": {
        "0": {
            "0": 0.9417520761489868,
            "1": 0.631604790687561
        },
        "1": {
            "0": 0.9478627443313599,
            "1": 0.8543992638587952
        }
    }
}