{
    "affinity_pred_value": -0.6998888254165649,
    "affinity_probability_binary": 0.411094605922699,
    "affinity_pred_value1": -0.058109574019908905,
    "affinity_probability_binary1": 0.3150801956653595,
    "affinity_pred_value2": -1.3416681289672852,
    "affinity_probability_binary2": 0.5071090459823608
}