{
    "confidence_score": 0.7154819369316101,
    "ptm": 0.8969371914863586,
    "iptm": 0.915654718875885,
    "ligand_iptm": 0.915654718875885,
    "protein_iptm": 0.0,
    "complex_plddt": 0.665438711643219,
    "complex_iplddt": 0.4749484062194824,
    "complex_pde": 0.507947564125061,
    "complex_ipde": 1.0672595500946045,
    "chains_ptm": {
        "0": 0.8944830298423767,
        "1": 0.8760113716125488
    },
    "pair_chains_iptm": {
        "0": {
            "0": 0.8944830298423767,
            "1": 0.5447670221328735
        },
        "1": {
            "0": 0.915654718875885,
            "1": 0.8760113716125488
        }
    }
}