{
    "affinity_pred_value": -0.039320141077041626,
    "affinity_probability_binary": 0.2231394499540329,
    "affinity_pred_value1": -0.3439983129501343,
    "affinity_probability_binary1": 0.2764841914176941,
    "affinity_pred_value2": 0.265358030796051,
    "affinity_probability_binary2": 0.1697947084903717
}