{
    "confidence_score": 0.6635708212852478,
    "ptm": 0.8254863619804382,
    "iptm": 0.7489290833473206,
    "ligand_iptm": 0.7489290833473206,
    "protein_iptm": 0.0,
    "complex_plddt": 0.642231285572052,
    "complex_iplddt": 0.4224509596824646,
    "complex_pde": 0.7262101769447327,
    "complex_ipde": 2.0857226848602295,
    "chains_ptm": {
        "0": 0.8397969007492065,
        "1": 0.9127810597419739
    },
    "pair_chains_iptm": {
        "0": {
            "0": 0.8397969007492065,
            "1": 0.4387982487678528
        },
        "1": {
            "0": 0.7489290833473206,
            "1": 0.9127810597419739
        }
    }
}