{
    "affinity_pred_value": -1.6251169443130493,
    "affinity_probability_binary": 0.6539548635482788,
    "affinity_pred_value1": -1.5672234296798706,
    "affinity_probability_binary1": 0.7334178686141968,
    "affinity_pred_value2": -1.683010458946228,
    "affinity_probability_binary2": 0.5744918584823608
}