{
    "confidence_score": 0.6678655743598938,
    "ptm": 0.8690382242202759,
    "iptm": 0.7182230353355408,
    "ligand_iptm": 0.7182230353355408,
    "protein_iptm": 0.0,
    "complex_plddt": 0.6552761793136597,
    "complex_iplddt": 0.3425960838794708,
    "complex_pde": 0.6709116697311401,
    "complex_ipde": 2.612051486968994,
    "chains_ptm": {
        "0": 0.9125034213066101,
        "1": 0.834604799747467
    },
    "pair_chains_iptm": {
        "0": {
            "0": 0.9125034213066101,
            "1": 0.297389954328537
        },
        "1": {
            "0": 0.7182230353355408,
            "1": 0.834604799747467
        }
    }
}