{
    "affinity_pred_value": 0.022266924381256104,
    "affinity_probability_binary": 0.8300991058349609,
    "affinity_pred_value1": 0.6182161569595337,
    "affinity_probability_binary1": 0.8465583920478821,
    "affinity_pred_value2": -0.5736823081970215,
    "affinity_probability_binary2": 0.813639760017395
}