{
    "confidence_score": 0.9311164021492004,
    "ptm": 0.9502348303794861,
    "iptm": 0.9648148417472839,
    "ligand_iptm": 0.9648148417472839,
    "protein_iptm": 0.0,
    "complex_plddt": 0.922691822052002,
    "complex_iplddt": 0.8769254684448242,
    "complex_pde": 0.43986424803733826,
    "complex_ipde": 0.6447482705116272,
    "chains_ptm": {
        "0": 0.9475669264793396,
        "1": 0.8997090458869934
    },
    "pair_chains_iptm": {
        "0": {
            "0": 0.9475669264793396,
            "1": 0.6441517472267151
        },
        "1": {
            "0": 0.9648148417472839,
            "1": 0.8997090458869934
        }
    }
}