{
    "affinity_pred_value": -0.8558349609375,
    "affinity_probability_binary": 0.863734245300293,
    "affinity_pred_value1": -0.6788186430931091,
    "affinity_probability_binary1": 0.8689543604850769,
    "affinity_pred_value2": -1.032851219177246,
    "affinity_probability_binary2": 0.8585141897201538
}