{
    "confidence_score": 0.9019652605056763,
    "ptm": 0.906100869178772,
    "iptm": 0.9542502760887146,
    "ligand_iptm": 0.9542502760887146,
    "protein_iptm": 0.0,
    "complex_plddt": 0.8888940215110779,
    "complex_iplddt": 0.8487391471862793,
    "complex_pde": 0.4614691436290741,
    "complex_ipde": 0.6811833381652832,
    "chains_ptm": {
        "0": 0.8974609375,
        "1": 0.8732025027275085
    },
    "pair_chains_iptm": {
        "0": {
            "0": 0.8974609375,
            "1": 0.6214843988418579
        },
        "1": {
            "0": 0.9542502760887146,
            "1": 0.8732025027275085
        }
    }
}