{
    "affinity_pred_value": -1.3649585247039795,
    "affinity_probability_binary": 0.48485761880874634,
    "affinity_pred_value1": -1.1598576307296753,
    "affinity_probability_binary1": 0.5793551206588745,
    "affinity_pred_value2": -1.5700594186782837,
    "affinity_probability_binary2": 0.39036011695861816
}