{
    "confidence_score": 0.6701188683509827,
    "ptm": 0.848811149597168,
    "iptm": 0.8221745491027832,
    "ligand_iptm": 0.8221745491027832,
    "protein_iptm": 0.0,
    "complex_plddt": 0.6321049332618713,
    "complex_iplddt": 0.42512792348861694,
    "complex_pde": 0.6755826473236084,
    "complex_ipde": 2.011113166809082,
    "chains_ptm": {
        "0": 0.8572017550468445,
        "1": 0.8117087483406067
    },
    "pair_chains_iptm": {
        "0": {
            "0": 0.8572017550468445,
            "1": 0.4375734031200409
        },
        "1": {
            "0": 0.8221745491027832,
            "1": 0.8117087483406067
        }
    }
}