{
    "affinity_pred_value": 0.7691118121147156,
    "affinity_probability_binary": 0.11865097284317017,
    "affinity_pred_value1": 0.8858011364936829,
    "affinity_probability_binary1": 0.14850226044654846,
    "affinity_pred_value2": 0.6524224877357483,
    "affinity_probability_binary2": 0.08879968523979187
}