{
    "confidence_score": 0.7076323628425598,
    "ptm": 0.867103636264801,
    "iptm": 0.7382262349128723,
    "ligand_iptm": 0.7382262349128723,
    "protein_iptm": 0.0,
    "complex_plddt": 0.6999838948249817,
    "complex_iplddt": 0.474309504032135,
    "complex_pde": 0.7996460199356079,
    "complex_ipde": 3.0206446647644043,
    "chains_ptm": {
        "0": 0.8901910781860352,
        "1": 0.8231656551361084
    },
    "pair_chains_iptm": {
        "0": {
            "0": 0.8901910781860352,
            "1": 0.3019159436225891
        },
        "1": {
            "0": 0.7382262349128723,
            "1": 0.8231656551361084
        }
    }
}