{
    "affinity_pred_value": -0.3723509907722473,
    "affinity_probability_binary": 0.7955213785171509,
    "affinity_pred_value1": -0.4758579432964325,
    "affinity_probability_binary1": 0.8453525900840759,
    "affinity_pred_value2": -0.26884400844573975,
    "affinity_probability_binary2": 0.745690107345581
}