{
    "confidence_score": 0.906332790851593,
    "ptm": 0.906241774559021,
    "iptm": 0.962985098361969,
    "ligand_iptm": 0.962985098361969,
    "protein_iptm": 0.0,
    "complex_plddt": 0.8921696543693542,
    "complex_iplddt": 0.8665457367897034,
    "complex_pde": 0.4434277415275574,
    "complex_ipde": 0.6530982851982117,
    "chains_ptm": {
        "0": 0.8955835700035095,
        "1": 0.8808526992797852
    },
    "pair_chains_iptm": {
        "0": {
            "0": 0.8955835700035095,
            "1": 0.6509007215499878
        },
        "1": {
            "0": 0.962985098361969,
            "1": 0.8808526992797852
        }
    }
}