{
    "affinity_pred_value": -0.3283116817474365,
    "affinity_probability_binary": 0.6695712804794312,
    "affinity_pred_value1": -0.9573758244514465,
    "affinity_probability_binary1": 0.7233848571777344,
    "affinity_pred_value2": 0.3007524907588959,
    "affinity_probability_binary2": 0.6157576441764832
}