{
    "confidence_score": 0.9182314276695251,
    "ptm": 0.9447149038314819,
    "iptm": 0.9512494206428528,
    "ligand_iptm": 0.9512494206428528,
    "protein_iptm": 0.0,
    "complex_plddt": 0.9099768400192261,
    "complex_iplddt": 0.8557014465332031,
    "complex_pde": 0.47541382908821106,
    "complex_ipde": 0.7264000177383423,
    "chains_ptm": {
        "0": 0.9434078931808472,
        "1": 0.8276256322860718
    },
    "pair_chains_iptm": {
        "0": {
            "0": 0.9434078931808472,
            "1": 0.598379909992218
        },
        "1": {
            "0": 0.9512494206428528,
            "1": 0.8276256322860718
        }
    }
}