{
    "affinity_pred_value": -0.5855608582496643,
    "affinity_probability_binary": 0.5459865927696228,
    "affinity_pred_value1": -1.2083818912506104,
    "affinity_probability_binary1": 0.6376532316207886,
    "affinity_pred_value2": 0.03726012259721756,
    "affinity_probability_binary2": 0.4543199837207794
}