{
    "confidence_score": 0.8003355860710144,
    "ptm": 0.791277289390564,
    "iptm": 0.9693557620048523,
    "ligand_iptm": 0.9693557620048523,
    "protein_iptm": 0.0,
    "complex_plddt": 0.7580806016921997,
    "complex_iplddt": 0.6247353553771973,
    "complex_pde": 0.5082043409347534,
    "complex_ipde": 0.8673086762428284,
    "chains_ptm": {
        "0": 0.7613070607185364,
        "1": 0.9354476928710938
    },
    "pair_chains_iptm": {
        "0": {
            "0": 0.7613070607185364,
            "1": 0.536038875579834
        },
        "1": {
            "0": 0.9693557620048523,
            "1": 0.9354476928710938
        }
    }
}