{
    "affinity_pred_value": -0.5555412173271179,
    "affinity_probability_binary": 0.7217614650726318,
    "affinity_pred_value1": -1.2115083932876587,
    "affinity_probability_binary1": 0.6941133737564087,
    "affinity_pred_value2": 0.10042595863342285,
    "affinity_probability_binary2": 0.7494094967842102
}