{
    "confidence_score": 0.9515926241874695,
    "ptm": 0.9376682043075562,
    "iptm": 0.9755551815032959,
    "ligand_iptm": 0.9755551815032959,
    "protein_iptm": 0.0,
    "complex_plddt": 0.9456020593643188,
    "complex_iplddt": 0.922271728515625,
    "complex_pde": 0.45768120884895325,
    "complex_ipde": 0.620806872844696,
    "chains_ptm": {
        "0": 0.93234783411026,
        "1": 0.8554070591926575
    },
    "pair_chains_iptm": {
        "0": {
            "0": 0.93234783411026,
            "1": 0.6566411256790161
        },
        "1": {
            "0": 0.9755551815032959,
            "1": 0.8554070591926575
        }
    }
}