{
    "affinity_pred_value": 0.7185657024383545,
    "affinity_probability_binary": 0.17197658121585846,
    "affinity_pred_value1": 0.848669707775116,
    "affinity_probability_binary1": 0.13065315783023834,
    "affinity_pred_value2": 0.5884617567062378,
    "affinity_probability_binary2": 0.21330000460147858
}