{
    "confidence_score": 0.8109222650527954,
    "ptm": 0.7846829295158386,
    "iptm": 0.9049805402755737,
    "ligand_iptm": 0.9049805402755737,
    "protein_iptm": 0.0,
    "complex_plddt": 0.7874076962471008,
    "complex_iplddt": 0.6622399091720581,
    "complex_pde": 0.6361536383628845,
    "complex_ipde": 1.6961076259613037,
    "chains_ptm": {
        "0": 0.7668598890304565,
        "1": 0.7618301510810852
    },
    "pair_chains_iptm": {
        "0": {
            "0": 0.7668598890304565,
            "1": 0.30282506346702576
        },
        "1": {
            "0": 0.9049805402755737,
            "1": 0.7618301510810852
        }
    }
}