{
    "affinity_pred_value": 0.5593699216842651,
    "affinity_probability_binary": 0.18951573967933655,
    "affinity_pred_value1": 0.6956150531768799,
    "affinity_probability_binary1": 0.16604381799697876,
    "affinity_pred_value2": 0.4231247305870056,
    "affinity_probability_binary2": 0.21298767626285553
}