{
    "confidence_score": 0.8111734390258789,
    "ptm": 0.8562605381011963,
    "iptm": 0.9149279594421387,
    "ligand_iptm": 0.9149279594421387,
    "protein_iptm": 0.0,
    "complex_plddt": 0.7852348685264587,
    "complex_iplddt": 0.7782965898513794,
    "complex_pde": 0.4510602056980133,
    "complex_ipde": 1.2424380779266357,
    "chains_ptm": {
        "0": 0.8483678102493286,
        "1": 0.8702821731567383
    },
    "pair_chains_iptm": {
        "0": {
            "0": 0.8483678102493286,
            "1": 0.4206846058368683
        },
        "1": {
            "0": 0.9149279594421387,
            "1": 0.8702821731567383
        }
    }
}