{
    "affinity_pred_value": -0.4441445767879486,
    "affinity_probability_binary": 0.7724766731262207,
    "affinity_pred_value1": -0.6190805435180664,
    "affinity_probability_binary1": 0.8609089255332947,
    "affinity_pred_value2": -0.2692086100578308,
    "affinity_probability_binary2": 0.6840444207191467
}