{
    "confidence_score": 0.9441672563552856,
    "ptm": 0.9473608732223511,
    "iptm": 0.9750257134437561,
    "ligand_iptm": 0.9750257134437561,
    "protein_iptm": 0.0,
    "complex_plddt": 0.9364525675773621,
    "complex_iplddt": 0.8999289870262146,
    "complex_pde": 0.44863569736480713,
    "complex_ipde": 0.6547846794128418,
    "chains_ptm": {
        "0": 0.9435937404632568,
        "1": 0.7954292893409729
    },
    "pair_chains_iptm": {
        "0": {
            "0": 0.9435937404632568,
            "1": 0.535975992679596
        },
        "1": {
            "0": 0.9750257134437561,
            "1": 0.7954292893409729
        }
    }
}