{
    "affinity_pred_value": -0.7515139579772949,
    "affinity_probability_binary": 0.3407161831855774,
    "affinity_pred_value1": -1.1940792798995972,
    "affinity_probability_binary1": 0.37009328603744507,
    "affinity_pred_value2": -0.30894869565963745,
    "affinity_probability_binary2": 0.3113390803337097
}