{
    "confidence_score": 0.7514692544937134,
    "ptm": 0.8723028898239136,
    "iptm": 0.8959478139877319,
    "ligand_iptm": 0.8959478139877319,
    "protein_iptm": 0.0,
    "complex_plddt": 0.7153496146202087,
    "complex_iplddt": 0.5960391163825989,
    "complex_pde": 0.6639364957809448,
    "complex_ipde": 1.7819982767105103,
    "chains_ptm": {
        "0": 0.8676023483276367,
        "1": 0.895774781703949
    },
    "pair_chains_iptm": {
        "0": {
            "0": 0.8676023483276367,
            "1": 0.5728483200073242
        },
        "1": {
            "0": 0.8959478139877319,
            "1": 0.895774781703949
        }
    }
}