{
    "affinity_pred_value": -0.6165084838867188,
    "affinity_probability_binary": 0.42110371589660645,
    "affinity_pred_value1": -0.7054519057273865,
    "affinity_probability_binary1": 0.5837807059288025,
    "affinity_pred_value2": -0.527565062046051,
    "affinity_probability_binary2": 0.2584267556667328
}