{
    "confidence_score": 0.7704522013664246,
    "ptm": 0.7738338708877563,
    "iptm": 0.9244968295097351,
    "ligand_iptm": 0.9244968295097351,
    "protein_iptm": 0.0,
    "complex_plddt": 0.7319410443305969,
    "complex_iplddt": 0.5613253116607666,
    "complex_pde": 0.7978558540344238,
    "complex_ipde": 2.1400372982025146,
    "chains_ptm": {
        "0": 0.7423388957977295,
        "1": 0.911905825138092
    },
    "pair_chains_iptm": {
        "0": {
            "0": 0.7423388957977295,
            "1": 0.4565783143043518
        },
        "1": {
            "0": 0.9244968295097351,
            "1": 0.911905825138092
        }
    }
}