{
    "affinity_pred_value": -0.24242568016052246,
    "affinity_probability_binary": 0.5872067213058472,
    "affinity_pred_value1": -0.28988945484161377,
    "affinity_probability_binary1": 0.6651086211204529,
    "affinity_pred_value2": -0.19496192038059235,
    "affinity_probability_binary2": 0.5093048214912415
}