{
    "confidence_score": 0.7246487736701965,
    "ptm": 0.9006513953208923,
    "iptm": 0.9409120082855225,
    "ligand_iptm": 0.9409120082855225,
    "protein_iptm": 0.0,
    "complex_plddt": 0.6705829501152039,
    "complex_iplddt": 0.5429705381393433,
    "complex_pde": 0.4726667106151581,
    "complex_ipde": 0.8387036919593811,
    "chains_ptm": {
        "0": 0.894847571849823,
        "1": 0.9218192100524902
    },
    "pair_chains_iptm": {
        "0": {
            "0": 0.894847571849823,
            "1": 0.6104264855384827
        },
        "1": {
            "0": 0.9409120082855225,
            "1": 0.9218192100524902
        }
    }
}