{
    "affinity_pred_value": -0.31574827432632446,
    "affinity_probability_binary": 0.5070987939834595,
    "affinity_pred_value1": -0.5008490085601807,
    "affinity_probability_binary1": 0.7003755569458008,
    "affinity_pred_value2": -0.13064756989479065,
    "affinity_probability_binary2": 0.3138220012187958
}