{
    "confidence_score": 0.7219287157058716,
    "ptm": 0.8285539746284485,
    "iptm": 0.8191930055618286,
    "ligand_iptm": 0.8191930055618286,
    "protein_iptm": 0.0,
    "complex_plddt": 0.6976126432418823,
    "complex_iplddt": 0.5873804092407227,
    "complex_pde": 0.8039935827255249,
    "complex_ipde": 2.4691429138183594,
    "chains_ptm": {
        "0": 0.8334367275238037,
        "1": 0.8519911766052246
    },
    "pair_chains_iptm": {
        "0": {
            "0": 0.8334367275238037,
            "1": 0.3804747462272644
        },
        "1": {
            "0": 0.8191930055618286,
            "1": 0.8519911766052246
        }
    }
}