{
    "affinity_pred_value": -0.8715047836303711,
    "affinity_probability_binary": 0.798603892326355,
    "affinity_pred_value1": -1.4477638006210327,
    "affinity_probability_binary1": 0.8308727741241455,
    "affinity_pred_value2": -0.2952457666397095,
    "affinity_probability_binary2": 0.7663349509239197
}