{
    "confidence_score": 0.934065043926239,
    "ptm": 0.9467880725860596,
    "iptm": 0.964544415473938,
    "ligand_iptm": 0.964544415473938,
    "protein_iptm": 0.0,
    "complex_plddt": 0.9264451861381531,
    "complex_iplddt": 0.8882893919944763,
    "complex_pde": 0.4399552047252655,
    "complex_ipde": 0.6596479415893555,
    "chains_ptm": {
        "0": 0.9436611533164978,
        "1": 0.9137870669364929
    },
    "pair_chains_iptm": {
        "0": {
            "0": 0.9436611533164978,
            "1": 0.6920634508132935
        },
        "1": {
            "0": 0.964544415473938,
            "1": 0.9137870669364929
        }
    }
}