{
    "affinity_pred_value": -1.651960849761963,
    "affinity_probability_binary": 0.6433815956115723,
    "affinity_pred_value1": -1.3806315660476685,
    "affinity_probability_binary1": 0.6537602543830872,
    "affinity_pred_value2": -1.9232900142669678,
    "affinity_probability_binary2": 0.6330029964447021
}