{
    "confidence_score": 0.6724737882614136,
    "ptm": 0.8779346346855164,
    "iptm": 0.8185442090034485,
    "ligand_iptm": 0.8185442090034485,
    "protein_iptm": 0.0,
    "complex_plddt": 0.6359561681747437,
    "complex_iplddt": 0.42938128113746643,
    "complex_pde": 0.5888071656227112,
    "complex_ipde": 1.6238055229187012,
    "chains_ptm": {
        "0": 0.8960091471672058,
        "1": 0.7463809251785278
    },
    "pair_chains_iptm": {
        "0": {
            "0": 0.8960091471672058,
            "1": 0.42370060086250305
        },
        "1": {
            "0": 0.8185442090034485,
            "1": 0.7463809251785278
        }
    }
}