{
    "affinity_pred_value": 0.881378173828125,
    "affinity_probability_binary": 0.14220459759235382,
    "affinity_pred_value1": 0.9054290056228638,
    "affinity_probability_binary1": 0.08779405057430267,
    "affinity_pred_value2": 0.8573272824287415,
    "affinity_probability_binary2": 0.19661514461040497
}