{
    "confidence_score": 0.7513615489006042,
    "ptm": 0.9081480503082275,
    "iptm": 0.8862753510475159,
    "ligand_iptm": 0.8862753510475159,
    "protein_iptm": 0.0,
    "complex_plddt": 0.7176331281661987,
    "complex_iplddt": 0.5965105891227722,
    "complex_pde": 0.5811592936515808,
    "complex_ipde": 1.5996242761611938,
    "chains_ptm": {
        "0": 0.9122877717018127,
        "1": 0.8216090798377991
    },
    "pair_chains_iptm": {
        "0": {
            "0": 0.9122877717018127,
            "1": 0.3960893154144287
        },
        "1": {
            "0": 0.8862753510475159,
            "1": 0.8216090798377991
        }
    }
}