{
    "affinity_pred_value": -0.41113710403442383,
    "affinity_probability_binary": 0.49371564388275146,
    "affinity_pred_value1": -1.140691876411438,
    "affinity_probability_binary1": 0.5634910464286804,
    "affinity_pred_value2": 0.31841763854026794,
    "affinity_probability_binary2": 0.4239402711391449
}