{
    "confidence_score": 0.9055193066596985,
    "ptm": 0.922251284122467,
    "iptm": 0.970162570476532,
    "ligand_iptm": 0.970162570476532,
    "protein_iptm": 0.0,
    "complex_plddt": 0.8893584609031677,
    "complex_iplddt": 0.8468326330184937,
    "complex_pde": 0.38683512806892395,
    "complex_ipde": 0.5838119983673096,
    "chains_ptm": {
        "0": 0.9134196043014526,
        "1": 0.879061222076416
    },
    "pair_chains_iptm": {
        "0": {
            "0": 0.9134196043014526,
            "1": 0.5875967144966125
        },
        "1": {
            "0": 0.970162570476532,
            "1": 0.879061222076416
        }
    }
}