{
    "affinity_pred_value": 1.268865704536438,
    "affinity_probability_binary": 0.2113010287284851,
    "affinity_pred_value1": 1.5385197401046753,
    "affinity_probability_binary1": 0.1533738225698471,
    "affinity_pred_value2": 0.9992116689682007,
    "affinity_probability_binary2": 0.2692282199859619
}