{
    "confidence_score": 0.7815370559692383,
    "ptm": 0.8624821901321411,
    "iptm": 0.9240721464157104,
    "ligand_iptm": 0.9240721464157104,
    "protein_iptm": 0.0,
    "complex_plddt": 0.7459033131599426,
    "complex_iplddt": 0.7462939620018005,
    "complex_pde": 0.4165197014808655,
    "complex_ipde": 1.061646819114685,
    "chains_ptm": {
        "0": 0.8548212051391602,
        "1": 0.85857754945755
    },
    "pair_chains_iptm": {
        "0": {
            "0": 0.8548212051391602,
            "1": 0.3813144266605377
        },
        "1": {
            "0": 0.9240721464157104,
            "1": 0.85857754945755
        }
    }
}