{
    "affinity_pred_value": -0.2958696782588959,
    "affinity_probability_binary": 0.7166909575462341,
    "affinity_pred_value1": -0.6466308236122131,
    "affinity_probability_binary1": 0.6930376291275024,
    "affinity_pred_value2": 0.0548914410173893,
    "affinity_probability_binary2": 0.7403442859649658
}