{
    "confidence_score": 0.9149944186210632,
    "ptm": 0.9309205412864685,
    "iptm": 0.9809677004814148,
    "ligand_iptm": 0.9809677004814148,
    "protein_iptm": 0.0,
    "complex_plddt": 0.8985011577606201,
    "complex_iplddt": 0.8704232573509216,
    "complex_pde": 0.3420192301273346,
    "complex_ipde": 0.4411821663379669,
    "chains_ptm": {
        "0": 0.9218599796295166,
        "1": 0.9069282412528992
    },
    "pair_chains_iptm": {
        "0": {
            "0": 0.9218599796295166,
            "1": 0.6793845891952515
        },
        "1": {
            "0": 0.9809677004814148,
            "1": 0.9069282412528992
        }
    }
}