{
    "affinity_pred_value": -0.6038991212844849,
    "affinity_probability_binary": 0.4677560329437256,
    "affinity_pred_value1": -0.18529197573661804,
    "affinity_probability_binary1": 0.5075429677963257,
    "affinity_pred_value2": -1.0225062370300293,
    "affinity_probability_binary2": 0.4279690682888031
}