{
    "confidence_score": 0.8131507039070129,
    "ptm": 0.744952917098999,
    "iptm": 0.9087625741958618,
    "ligand_iptm": 0.9087625741958618,
    "protein_iptm": 0.0,
    "complex_plddt": 0.7892477512359619,
    "complex_iplddt": 0.7031683921813965,
    "complex_pde": 0.94996577501297,
    "complex_ipde": 2.9112231731414795,
    "chains_ptm": {
        "0": 0.7143619060516357,
        "1": 0.8980640172958374
    },
    "pair_chains_iptm": {
        "0": {
            "0": 0.7143619060516357,
            "1": 0.4549390971660614
        },
        "1": {
            "0": 0.9087625741958618,
            "1": 0.8980640172958374
        }
    }
}