{
    "affinity_pred_value": -1.6251623630523682,
    "affinity_probability_binary": 0.9837281703948975,
    "affinity_pred_value1": -1.739164113998413,
    "affinity_probability_binary1": 0.9862450361251831,
    "affinity_pred_value2": -1.5111604928970337,
    "affinity_probability_binary2": 0.9812113046646118
}