{
    "confidence_score": 0.94520103931427,
    "ptm": 0.9500852227210999,
    "iptm": 0.9807047247886658,
    "ligand_iptm": 0.9807047247886658,
    "protein_iptm": 0.0,
    "complex_plddt": 0.9363251328468323,
    "complex_iplddt": 0.9172970056533813,
    "complex_pde": 0.41448962688446045,
    "complex_ipde": 0.5311613082885742,
    "chains_ptm": {
        "0": 0.9455894231796265,
        "1": 0.9092555642127991
    },
    "pair_chains_iptm": {
        "0": {
            "0": 0.9455894231796265,
            "1": 0.65097975730896
        },
        "1": {
            "0": 0.9807047247886658,
            "1": 0.9092555642127991
        }
    }
}