{
    "affinity_pred_value": -1.234407663345337,
    "affinity_probability_binary": 0.9568536281585693,
    "affinity_pred_value1": -1.5414594411849976,
    "affinity_probability_binary1": 0.9798592329025269,
    "affinity_pred_value2": -0.9273560047149658,
    "affinity_probability_binary2": 0.933847963809967
}