{
    "confidence_score": 0.9380752444267273,
    "ptm": 0.9524572491645813,
    "iptm": 0.9736143946647644,
    "ligand_iptm": 0.9736143946647644,
    "protein_iptm": 0.0,
    "complex_plddt": 0.929190456867218,
    "complex_iplddt": 0.8910701274871826,
    "complex_pde": 0.4047952890396118,
    "complex_ipde": 0.5475844740867615,
    "chains_ptm": {
        "0": 0.9494086503982544,
        "1": 0.9238373637199402
    },
    "pair_chains_iptm": {
        "0": {
            "0": 0.9494086503982544,
            "1": 0.6087689995765686
        },
        "1": {
            "0": 0.9736143946647644,
            "1": 0.9238373637199402
        }
    }
}