{
    "affinity_pred_value": -0.2992338538169861,
    "affinity_probability_binary": 0.7688375115394592,
    "affinity_pred_value1": -0.4605628550052643,
    "affinity_probability_binary1": 0.736709713935852,
    "affinity_pred_value2": -0.1379048377275467,
    "affinity_probability_binary2": 0.8009653091430664
}