{
    "confidence_score": 0.9183434844017029,
    "ptm": 0.9152768850326538,
    "iptm": 0.9764108061790466,
    "ligand_iptm": 0.9764108061790466,
    "protein_iptm": 0.0,
    "complex_plddt": 0.9038266539573669,
    "complex_iplddt": 0.8812152147293091,
    "complex_pde": 0.39224064350128174,
    "complex_ipde": 0.527767539024353,
    "chains_ptm": {
        "0": 0.905121386051178,
        "1": 0.8564344644546509
    },
    "pair_chains_iptm": {
        "0": {
            "0": 0.905121386051178,
            "1": 0.5978084802627563
        },
        "1": {
            "0": 0.9764108061790466,
            "1": 0.8564344644546509
        }
    }
}