{
    "affinity_pred_value": 0.849021315574646,
    "affinity_probability_binary": 0.1314816027879715,
    "affinity_pred_value1": 0.9862375259399414,
    "affinity_probability_binary1": 0.07987118512392044,
    "affinity_pred_value2": 0.7118051648139954,
    "affinity_probability_binary2": 0.18309201300144196
}