{
    "confidence_score": 0.71732497215271,
    "ptm": 0.9199931621551514,
    "iptm": 0.8413111567497253,
    "ligand_iptm": 0.8413111567497253,
    "protein_iptm": 0.0,
    "complex_plddt": 0.6863284111022949,
    "complex_iplddt": 0.5774028897285461,
    "complex_pde": 0.5172921419143677,
    "complex_ipde": 1.6444787979125977,
    "chains_ptm": {
        "0": 0.9380204677581787,
        "1": 0.9038780331611633
    },
    "pair_chains_iptm": {
        "0": {
            "0": 0.9380204677581787,
            "1": 0.45749154686927795
        },
        "1": {
            "0": 0.8413111567497253,
            "1": 0.9038780331611633
        }
    }
}