{
    "affinity_pred_value": 0.3305802345275879,
    "affinity_probability_binary": 0.3678011894226074,
    "affinity_pred_value1": 0.3629802465438843,
    "affinity_probability_binary1": 0.5123653411865234,
    "affinity_pred_value2": 0.2981802225112915,
    "affinity_probability_binary2": 0.2232370525598526
}