{
    "confidence_score": 0.7199599146842957,
    "ptm": 0.8743115663528442,
    "iptm": 0.7393577694892883,
    "ligand_iptm": 0.7393577694892883,
    "protein_iptm": 0.0,
    "complex_plddt": 0.7151104807853699,
    "complex_iplddt": 0.49346262216567993,
    "complex_pde": 0.8159529566764832,
    "complex_ipde": 3.378716468811035,
    "chains_ptm": {
        "0": 0.8964537978172302,
        "1": 0.8157292604446411
    },
    "pair_chains_iptm": {
        "0": {
            "0": 0.8964537978172302,
            "1": 0.27509602904319763
        },
        "1": {
            "0": 0.7393577694892883,
            "1": 0.8157292604446411
        }
    }
}