{
    "affinity_pred_value": 0.850250244140625,
    "affinity_probability_binary": 0.1864911913871765,
    "affinity_pred_value1": 0.9018492102622986,
    "affinity_probability_binary1": 0.11006198078393936,
    "affinity_pred_value2": 0.7986512184143066,
    "affinity_probability_binary2": 0.26292040944099426
}