{
    "confidence_score": 0.7696918845176697,
    "ptm": 0.9339029788970947,
    "iptm": 0.9222834706306458,
    "ligand_iptm": 0.9222834706306458,
    "protein_iptm": 0.0,
    "complex_plddt": 0.731544017791748,
    "complex_iplddt": 0.6970223188400269,
    "complex_pde": 0.41604945063591003,
    "complex_ipde": 1.0190320014953613,
    "chains_ptm": {
        "0": 0.937760055065155,
        "1": 0.8737437129020691
    },
    "pair_chains_iptm": {
        "0": {
            "0": 0.937760055065155,
            "1": 0.453071266412735
        },
        "1": {
            "0": 0.9222834706306458,
            "1": 0.8737437129020691
        }
    }
}