{
    "affinity_pred_value": -0.9037264585494995,
    "affinity_probability_binary": 0.3974466323852539,
    "affinity_pred_value1": -1.263480305671692,
    "affinity_probability_binary1": 0.4613400995731354,
    "affinity_pred_value2": -0.5439725518226624,
    "affinity_probability_binary2": 0.3335531949996948
}