{
    "confidence_score": 0.7040485739707947,
    "ptm": 0.862799882888794,
    "iptm": 0.8448957800865173,
    "ligand_iptm": 0.8448957800865173,
    "protein_iptm": 0.0,
    "complex_plddt": 0.6688367128372192,
    "complex_iplddt": 0.5247589945793152,
    "complex_pde": 0.793132483959198,
    "complex_ipde": 2.349057912826538,
    "chains_ptm": {
        "0": 0.8691061735153198,
        "1": 0.8597893118858337
    },
    "pair_chains_iptm": {
        "0": {
            "0": 0.8691061735153198,
            "1": 0.413531631231308
        },
        "1": {
            "0": 0.8448957800865173,
            "1": 0.8597893118858337
        }
    }
}