{
    "affinity_pred_value": -0.618026614189148,
    "affinity_probability_binary": 0.5273675322532654,
    "affinity_pred_value1": -0.8118019700050354,
    "affinity_probability_binary1": 0.7051113843917847,
    "affinity_pred_value2": -0.4242513179779053,
    "affinity_probability_binary2": 0.3496236503124237
}