{
    "confidence_score": 0.727947473526001,
    "ptm": 0.911591649055481,
    "iptm": 0.8419386744499207,
    "ligand_iptm": 0.8419386744499207,
    "protein_iptm": 0.0,
    "complex_plddt": 0.6994496583938599,
    "complex_iplddt": 0.5479523539543152,
    "complex_pde": 0.5787445306777954,
    "complex_ipde": 1.68351411819458,
    "chains_ptm": {
        "0": 0.9277951121330261,
        "1": 0.903166651725769
    },
    "pair_chains_iptm": {
        "0": {
            "0": 0.9277951121330261,
            "1": 0.5239126682281494
        },
        "1": {
            "0": 0.8419386744499207,
            "1": 0.903166651725769
        }
    }
}