{
    "affinity_pred_value": -0.07604614645242691,
    "affinity_probability_binary": 0.3458169102668762,
    "affinity_pred_value1": -0.11654844880104065,
    "affinity_probability_binary1": 0.3359719216823578,
    "affinity_pred_value2": -0.03554384782910347,
    "affinity_probability_binary2": 0.35566189885139465
}