{
    "confidence_score": 0.7171815037727356,
    "ptm": 0.9134933352470398,
    "iptm": 0.8601323366165161,
    "ligand_iptm": 0.8601323366165161,
    "protein_iptm": 0.0,
    "complex_plddt": 0.6814437508583069,
    "complex_iplddt": 0.5190144181251526,
    "complex_pde": 0.5821846723556519,
    "complex_ipde": 1.7390137910842896,
    "chains_ptm": {
        "0": 0.9235522747039795,
        "1": 0.7868579626083374
    },
    "pair_chains_iptm": {
        "0": {
            "0": 0.9235522747039795,
            "1": 0.4233575463294983
        },
        "1": {
            "0": 0.8601323366165161,
            "1": 0.7868579626083374
        }
    }
}