{
    "affinity_pred_value": -0.15081313252449036,
    "affinity_probability_binary": 0.408326119184494,
    "affinity_pred_value1": 0.16018390655517578,
    "affinity_probability_binary1": 0.3041672110557556,
    "affinity_pred_value2": -0.4618101716041565,
    "affinity_probability_binary2": 0.5124850273132324
}