{
    "confidence_score": 0.7550917267799377,
    "ptm": 0.8199787735939026,
    "iptm": 0.8651822209358215,
    "ligand_iptm": 0.8651822209358215,
    "protein_iptm": 0.0,
    "complex_plddt": 0.7275691032409668,
    "complex_iplddt": 0.598627507686615,
    "complex_pde": 0.8150082230567932,
    "complex_ipde": 2.580544948577881,
    "chains_ptm": {
        "0": 0.8141642212867737,
        "1": 0.9165341258049011
    },
    "pair_chains_iptm": {
        "0": {
            "0": 0.8141642212867737,
            "1": 0.42044827342033386
        },
        "1": {
            "0": 0.8651822209358215,
            "1": 0.9165341258049011
        }
    }
}