{
    "affinity_pred_value": -0.27119702100753784,
    "affinity_probability_binary": 0.31709063053131104,
    "affinity_pred_value1": -0.13385404646396637,
    "affinity_probability_binary1": 0.27380606532096863,
    "affinity_pred_value2": -0.4085400104522705,
    "affinity_probability_binary2": 0.36037519574165344
}