{
    "confidence_score": 0.7200385332107544,
    "ptm": 0.8735824227333069,
    "iptm": 0.8528009057044983,
    "ligand_iptm": 0.8528009057044983,
    "protein_iptm": 0.0,
    "complex_plddt": 0.6868479251861572,
    "complex_iplddt": 0.6330769658088684,
    "complex_pde": 0.6894089579582214,
    "complex_ipde": 2.1509392261505127,
    "chains_ptm": {
        "0": 0.8808504939079285,
        "1": 0.9181773662567139
    },
    "pair_chains_iptm": {
        "0": {
            "0": 0.8808504939079285,
            "1": 0.5180051326751709
        },
        "1": {
            "0": 0.8528009057044983,
            "1": 0.9181773662567139
        }
    }
}