{
    "affinity_pred_value": -1.1834428310394287,
    "affinity_probability_binary": 0.470739483833313,
    "affinity_pred_value1": -1.0395616292953491,
    "affinity_probability_binary1": 0.6820127367973328,
    "affinity_pred_value2": -1.3273241519927979,
    "affinity_probability_binary2": 0.2594662308692932
}