{
    "confidence_score": 0.7432171106338501,
    "ptm": 0.8417256474494934,
    "iptm": 0.8573591113090515,
    "ligand_iptm": 0.8573591113090515,
    "protein_iptm": 0.0,
    "complex_plddt": 0.7146815657615662,
    "complex_iplddt": 0.6945427656173706,
    "complex_pde": 0.7878146171569824,
    "complex_ipde": 2.4477648735046387,
    "chains_ptm": {
        "0": 0.8409793376922607,
        "1": 0.7767338752746582
    },
    "pair_chains_iptm": {
        "0": {
            "0": 0.8409793376922607,
            "1": 0.38011032342910767
        },
        "1": {
            "0": 0.8573591113090515,
            "1": 0.7767338752746582
        }
    }
}