{
    "affinity_pred_value": 0.3422148823738098,
    "affinity_probability_binary": 0.8220562934875488,
    "affinity_pred_value1": 0.46929967403411865,
    "affinity_probability_binary1": 0.8339806795120239,
    "affinity_pred_value2": 0.21513009071350098,
    "affinity_probability_binary2": 0.8101319074630737
}