{
    "confidence_score": 0.9318222403526306,
    "ptm": 0.9469563961029053,
    "iptm": 0.9561816453933716,
    "ligand_iptm": 0.9561816453933716,
    "protein_iptm": 0.0,
    "complex_plddt": 0.9257323145866394,
    "complex_iplddt": 0.880784809589386,
    "complex_pde": 0.44920164346694946,
    "complex_ipde": 0.6628629565238953,
    "chains_ptm": {
        "0": 0.9454010128974915,
        "1": 0.876430094242096
    },
    "pair_chains_iptm": {
        "0": {
            "0": 0.9454010128974915,
            "1": 0.636698305606842
        },
        "1": {
            "0": 0.9561816453933716,
            "1": 0.876430094242096
        }
    }
}