{
    "affinity_pred_value": 0.8318795561790466,
    "affinity_probability_binary": 0.1894383728504181,
    "affinity_pred_value1": 0.79255610704422,
    "affinity_probability_binary1": 0.11753444373607635,
    "affinity_pred_value2": 0.8712030053138733,
    "affinity_probability_binary2": 0.261342316865921
}