{
    "confidence_score": 0.7982659935951233,
    "ptm": 0.8444191813468933,
    "iptm": 0.9060140252113342,
    "ligand_iptm": 0.9060140252113342,
    "protein_iptm": 0.0,
    "complex_plddt": 0.7713289856910706,
    "complex_iplddt": 0.7441995739936829,
    "complex_pde": 0.4705459475517273,
    "complex_ipde": 1.4448564052581787,
    "chains_ptm": {
        "0": 0.8386882543563843,
        "1": 0.9117715954780579
    },
    "pair_chains_iptm": {
        "0": {
            "0": 0.8386882543563843,
            "1": 0.42591384053230286
        },
        "1": {
            "0": 0.9060140252113342,
            "1": 0.9117715954780579
        }
    }
}