{
    "affinity_pred_value": 0.06767275929450989,
    "affinity_probability_binary": 0.24340051412582397,
    "affinity_pred_value1": 0.5259896516799927,
    "affinity_probability_binary1": 0.16427505016326904,
    "affinity_pred_value2": -0.3906441330909729,
    "affinity_probability_binary2": 0.3225259780883789
}