{
    "confidence_score": 0.7676055431365967,
    "ptm": 0.9009866714477539,
    "iptm": 0.8820179104804993,
    "ligand_iptm": 0.8820179104804993,
    "protein_iptm": 0.0,
    "complex_plddt": 0.7390024662017822,
    "complex_iplddt": 0.744513750076294,
    "complex_pde": 0.5616780519485474,
    "complex_ipde": 1.6374247074127197,
    "chains_ptm": {
        "0": 0.9060437679290771,
        "1": 0.8350560069084167
    },
    "pair_chains_iptm": {
        "0": {
            "0": 0.9060437679290771,
            "1": 0.4252581298351288
        },
        "1": {
            "0": 0.8820179104804993,
            "1": 0.8350560069084167
        }
    }
}