{
    "affinity_pred_value": -1.6264151334762573,
    "affinity_probability_binary": 0.7215955257415771,
    "affinity_pred_value1": -1.7013267278671265,
    "affinity_probability_binary1": 0.7446086406707764,
    "affinity_pred_value2": -1.5515035390853882,
    "affinity_probability_binary2": 0.6985823512077332
}