{
    "confidence_score": 0.8870829939842224,
    "ptm": 0.92987060546875,
    "iptm": 0.9184585809707642,
    "ligand_iptm": 0.9184585809707642,
    "protein_iptm": 0.0,
    "complex_plddt": 0.8792390823364258,
    "complex_iplddt": 0.7729042172431946,
    "complex_pde": 0.5257797241210938,
    "complex_ipde": 1.0237176418304443,
    "chains_ptm": {
        "0": 0.9340586066246033,
        "1": 0.7607160806655884
    },
    "pair_chains_iptm": {
        "0": {
            "0": 0.9340586066246033,
            "1": 0.6389773488044739
        },
        "1": {
            "0": 0.9184585809707642,
            "1": 0.7607160806655884
        }
    }
}