{
    "affinity_pred_value": -0.01884516328573227,
    "affinity_probability_binary": 0.43809637427330017,
    "affinity_pred_value1": 0.14738838374614716,
    "affinity_probability_binary1": 0.5902405977249146,
    "affinity_pred_value2": -0.1850787103176117,
    "affinity_probability_binary2": 0.2859521508216858
}