{
    "confidence_score": 0.7088612914085388,
    "ptm": 0.8702487945556641,
    "iptm": 0.8543157577514648,
    "ligand_iptm": 0.8543157577514648,
    "protein_iptm": 0.0,
    "complex_plddt": 0.6724976897239685,
    "complex_iplddt": 0.5212600231170654,
    "complex_pde": 0.7435673475265503,
    "complex_ipde": 2.1945388317108154,
    "chains_ptm": {
        "0": 0.8757301568984985,
        "1": 0.8967894911766052
    },
    "pair_chains_iptm": {
        "0": {
            "0": 0.8757301568984985,
            "1": 0.5347764492034912
        },
        "1": {
            "0": 0.8543157577514648,
            "1": 0.8967894911766052
        }
    }
}