{
    "affinity_pred_value": -0.7905787229537964,
    "affinity_probability_binary": 0.7265920042991638,
    "affinity_pred_value1": -1.3646076917648315,
    "affinity_probability_binary1": 0.8242782354354858,
    "affinity_pred_value2": -0.21654972434043884,
    "affinity_probability_binary2": 0.6289057731628418
}