{
    "confidence_score": 0.9324245452880859,
    "ptm": 0.9361823201179504,
    "iptm": 0.9480891823768616,
    "ligand_iptm": 0.9480891823768616,
    "protein_iptm": 0.0,
    "complex_plddt": 0.9285083413124084,
    "complex_iplddt": 0.8969801664352417,
    "complex_pde": 0.4863145053386688,
    "complex_ipde": 0.7204498052597046,
    "chains_ptm": {
        "0": 0.9349155426025391,
        "1": 0.8622852563858032
    },
    "pair_chains_iptm": {
        "0": {
            "0": 0.9349155426025391,
            "1": 0.5351436138153076
        },
        "1": {
            "0": 0.9480891823768616,
            "1": 0.8622852563858032
        }
    }
}