{
    "affinity_pred_value": 0.033916011452674866,
    "affinity_probability_binary": 0.21909572184085846,
    "affinity_pred_value1": -0.09205090999603271,
    "affinity_probability_binary1": 0.20781856775283813,
    "affinity_pred_value2": 0.15988293290138245,
    "affinity_probability_binary2": 0.23037287592887878
}