{
    "confidence_score": 0.7645458579063416,
    "ptm": 0.8377495408058167,
    "iptm": 0.913479208946228,
    "ligand_iptm": 0.913479208946228,
    "protein_iptm": 0.0,
    "complex_plddt": 0.7273125052452087,
    "complex_iplddt": 0.633628249168396,
    "complex_pde": 0.5507970452308655,
    "complex_ipde": 1.4440171718597412,
    "chains_ptm": {
        "0": 0.8215860724449158,
        "1": 0.9246770739555359
    },
    "pair_chains_iptm": {
        "0": {
            "0": 0.8215860724449158,
            "1": 0.5216551423072815
        },
        "1": {
            "0": 0.913479208946228,
            "1": 0.9246770739555359
        }
    }
}