{
    "affinity_pred_value": -1.2688443660736084,
    "affinity_probability_binary": 0.45476019382476807,
    "affinity_pred_value1": -0.9122558236122131,
    "affinity_probability_binary1": 0.4114362299442291,
    "affinity_pred_value2": -1.6254328489303589,
    "affinity_probability_binary2": 0.498084157705307
}