{
    "confidence_score": 0.670590877532959,
    "ptm": 0.800973653793335,
    "iptm": 0.7543182373046875,
    "ligand_iptm": 0.7543182373046875,
    "protein_iptm": 0.0,
    "complex_plddt": 0.6496590375900269,
    "complex_iplddt": 0.40484362840652466,
    "complex_pde": 0.839959442615509,
    "complex_ipde": 2.895916223526001,
    "chains_ptm": {
        "0": 0.8176541924476624,
        "1": 0.7952387928962708
    },
    "pair_chains_iptm": {
        "0": {
            "0": 0.8176541924476624,
            "1": 0.3488474488258362
        },
        "1": {
            "0": 0.7543182373046875,
            "1": 0.7952387928962708
        }
    }
}