{
    "affinity_pred_value": -0.03047591634094715,
    "affinity_probability_binary": 0.30261027812957764,
    "affinity_pred_value1": -0.034179069101810455,
    "affinity_probability_binary1": 0.3009210526943207,
    "affinity_pred_value2": -0.026772763580083847,
    "affinity_probability_binary2": 0.3042994737625122
}