{
    "confidence_score": 0.6864753365516663,
    "ptm": 0.8171398043632507,
    "iptm": 0.8021298050880432,
    "ligand_iptm": 0.8021298050880432,
    "protein_iptm": 0.0,
    "complex_plddt": 0.657561719417572,
    "complex_iplddt": 0.47503623366355896,
    "complex_pde": 0.8185737729072571,
    "complex_ipde": 2.0157265663146973,
    "chains_ptm": {
        "0": 0.8208063840866089,
        "1": 0.8752807974815369
    },
    "pair_chains_iptm": {
        "0": {
            "0": 0.8208063840866089,
            "1": 0.45110997557640076
        },
        "1": {
            "0": 0.8021298050880432,
            "1": 0.8752807974815369
        }
    }
}