{
    "affinity_pred_value": -1.164231538772583,
    "affinity_probability_binary": 0.901819109916687,
    "affinity_pred_value1": -1.59782874584198,
    "affinity_probability_binary1": 0.9522972106933594,
    "affinity_pred_value2": -0.7306342720985413,
    "affinity_probability_binary2": 0.8513409495353699
}