{
    "confidence_score": 0.9146211743354797,
    "ptm": 0.901365339756012,
    "iptm": 0.9801452159881592,
    "ligand_iptm": 0.9801452159881592,
    "protein_iptm": 0.0,
    "complex_plddt": 0.8982402086257935,
    "complex_iplddt": 0.8868756294250488,
    "complex_pde": 0.44547176361083984,
    "complex_ipde": 0.6031467914581299,
    "chains_ptm": {
        "0": 0.8920051455497742,
        "1": 0.9204245805740356
    },
    "pair_chains_iptm": {
        "0": {
            "0": 0.8920051455497742,
            "1": 0.5625163912773132
        },
        "1": {
            "0": 0.9801452159881592,
            "1": 0.9204245805740356
        }
    }
}