{
    "affinity_pred_value": 0.782571017742157,
    "affinity_probability_binary": 0.26822733879089355,
    "affinity_pred_value1": 1.1829882860183716,
    "affinity_probability_binary1": 0.2990017235279083,
    "affinity_pred_value2": 0.38215371966362,
    "affinity_probability_binary2": 0.23745298385620117
}