{
    "confidence_score": 0.6775555610656738,
    "ptm": 0.8379131555557251,
    "iptm": 0.7597665786743164,
    "ligand_iptm": 0.7597665786743164,
    "protein_iptm": 0.0,
    "complex_plddt": 0.6570028066635132,
    "complex_iplddt": 0.42712995409965515,
    "complex_pde": 0.7093896865844727,
    "complex_ipde": 2.0925862789154053,
    "chains_ptm": {
        "0": 0.8506479859352112,
        "1": 0.8185417652130127
    },
    "pair_chains_iptm": {
        "0": {
            "0": 0.8506479859352112,
            "1": 0.37239208817481995
        },
        "1": {
            "0": 0.7597665786743164,
            "1": 0.8185417652130127
        }
    }
}