{
    "affinity_pred_value": 0.07096979767084122,
    "affinity_probability_binary": 0.1937071681022644,
    "affinity_pred_value1": 0.02319483458995819,
    "affinity_probability_binary1": 0.20151658356189728,
    "affinity_pred_value2": 0.11874476075172424,
    "affinity_probability_binary2": 0.18589773774147034
}