{
    "confidence_score": 0.7043644785881042,
    "ptm": 0.9011414051055908,
    "iptm": 0.8321649432182312,
    "ligand_iptm": 0.8321649432182312,
    "protein_iptm": 0.0,
    "complex_plddt": 0.6724143028259277,
    "complex_iplddt": 0.5571175217628479,
    "complex_pde": 0.5972344279289246,
    "complex_ipde": 1.9494965076446533,
    "chains_ptm": {
        "0": 0.9155070185661316,
        "1": 0.8416082859039307
    },
    "pair_chains_iptm": {
        "0": {
            "0": 0.9155070185661316,
            "1": 0.5184730887413025
        },
        "1": {
            "0": 0.8321649432182312,
            "1": 0.8416082859039307
        }
    }
}