{
    "affinity_pred_value": -0.09405456483364105,
    "affinity_probability_binary": 0.3582853674888611,
    "affinity_pred_value1": -0.307796448469162,
    "affinity_probability_binary1": 0.4022556245326996,
    "affinity_pred_value2": 0.11968731880187988,
    "affinity_probability_binary2": 0.31431514024734497
}