{
    "confidence_score": 0.6807413101196289,
    "ptm": 0.8949730396270752,
    "iptm": 0.9281208515167236,
    "ligand_iptm": 0.9281208515167236,
    "protein_iptm": 0.0,
    "complex_plddt": 0.6188964247703552,
    "complex_iplddt": 0.4210593104362488,
    "complex_pde": 0.5709052681922913,
    "complex_ipde": 1.1805710792541504,
    "chains_ptm": {
        "0": 0.8898535966873169,
        "1": 0.865043580532074
    },
    "pair_chains_iptm": {
        "0": {
            "0": 0.8898535966873169,
            "1": 0.543520987033844
        },
        "1": {
            "0": 0.9281208515167236,
            "1": 0.865043580532074
        }
    }
}