{
    "affinity_pred_value": 0.945744514465332,
    "affinity_probability_binary": 0.3793986439704895,
    "affinity_pred_value1": 1.146771788597107,
    "affinity_probability_binary1": 0.42459937930107117,
    "affinity_pred_value2": 0.7447172999382019,
    "affinity_probability_binary2": 0.33419790863990784
}