{
    "confidence_score": 0.9331175088882446,
    "ptm": 0.9450119733810425,
    "iptm": 0.9653897285461426,
    "ligand_iptm": 0.9653897285461426,
    "protein_iptm": 0.0,
    "complex_plddt": 0.9250494837760925,
    "complex_iplddt": 0.8895260691642761,
    "complex_pde": 0.47012194991111755,
    "complex_ipde": 0.7399612665176392,
    "chains_ptm": {
        "0": 0.9421502947807312,
        "1": 0.8226391673088074
    },
    "pair_chains_iptm": {
        "0": {
            "0": 0.9421502947807312,
            "1": 0.4926224946975708
        },
        "1": {
            "0": 0.9653897285461426,
            "1": 0.8226391673088074
        }
    }
}