{
    "affinity_pred_value": 0.08496193587779999,
    "affinity_probability_binary": 0.2710096836090088,
    "affinity_pred_value1": 0.43190014362335205,
    "affinity_probability_binary1": 0.24355527758598328,
    "affinity_pred_value2": -0.2619762718677521,
    "affinity_probability_binary2": 0.2984641194343567
}