{
    "confidence_score": 0.7308743596076965,
    "ptm": 0.8518780469894409,
    "iptm": 0.7841678857803345,
    "ligand_iptm": 0.7841678857803345,
    "protein_iptm": 0.0,
    "complex_plddt": 0.7175509929656982,
    "complex_iplddt": 0.568737804889679,
    "complex_pde": 0.910267174243927,
    "complex_ipde": 3.302896738052368,
    "chains_ptm": {
        "0": 0.8674950003623962,
        "1": 0.8477365374565125
    },
    "pair_chains_iptm": {
        "0": {
            "0": 0.8674950003623962,
            "1": 0.4027252793312073
        },
        "1": {
            "0": 0.7841678857803345,
            "1": 0.8477365374565125
        }
    }
}