{
    "affinity_pred_value": 0.5489059090614319,
    "affinity_probability_binary": 0.1374077945947647,
    "affinity_pred_value1": 0.21782779693603516,
    "affinity_probability_binary1": 0.1956416219472885,
    "affinity_pred_value2": 0.8799840211868286,
    "affinity_probability_binary2": 0.0791739672422409
}