{
    "confidence_score": 0.7194766402244568,
    "ptm": 0.9288928508758545,
    "iptm": 0.8719906806945801,
    "ligand_iptm": 0.8719906806945801,
    "protein_iptm": 0.0,
    "complex_plddt": 0.6813480854034424,
    "complex_iplddt": 0.48472607135772705,
    "complex_pde": 0.47784557938575745,
    "complex_ipde": 1.4259929656982422,
    "chains_ptm": {
        "0": 0.9388816356658936,
        "1": 0.873052179813385
    },
    "pair_chains_iptm": {
        "0": {
            "0": 0.9388816356658936,
            "1": 0.463535875082016
        },
        "1": {
            "0": 0.8719906806945801,
            "1": 0.873052179813385
        }
    }
}