{
    "affinity_pred_value": -1.095733404159546,
    "affinity_probability_binary": 0.5033800601959229,
    "affinity_pred_value1": -1.1828371286392212,
    "affinity_probability_binary1": 0.4917493164539337,
    "affinity_pred_value2": -1.0086296796798706,
    "affinity_probability_binary2": 0.5150107741355896
}