{
    "confidence_score": 0.7018594145774841,
    "ptm": 0.8869322538375854,
    "iptm": 0.8399346470832825,
    "ligand_iptm": 0.8399346470832825,
    "protein_iptm": 0.0,
    "complex_plddt": 0.6673406362533569,
    "complex_iplddt": 0.4427212178707123,
    "complex_pde": 0.5497117638587952,
    "complex_ipde": 1.447668194770813,
    "chains_ptm": {
        "0": 0.9011193513870239,
        "1": 0.8880061507225037
    },
    "pair_chains_iptm": {
        "0": {
            "0": 0.9011193513870239,
            "1": 0.5278646349906921
        },
        "1": {
            "0": 0.8399346470832825,
            "1": 0.8880061507225037
        }
    }
}