{
    "affinity_pred_value": -1.2660253047943115,
    "affinity_probability_binary": 0.6193144917488098,
    "affinity_pred_value1": -1.5113242864608765,
    "affinity_probability_binary1": 0.7531090974807739,
    "affinity_pred_value2": -1.0207264423370361,
    "affinity_probability_binary2": 0.4855199158191681
}