{
    "confidence_score": 0.688614547252655,
    "ptm": 0.8045450448989868,
    "iptm": 0.8100220561027527,
    "ligand_iptm": 0.8100220561027527,
    "protein_iptm": 0.0,
    "complex_plddt": 0.6582626104354858,
    "complex_iplddt": 0.5024562478065491,
    "complex_pde": 0.8371023535728455,
    "complex_ipde": 2.366534948348999,
    "chains_ptm": {
        "0": 0.8060649633407593,
        "1": 0.865837812423706
    },
    "pair_chains_iptm": {
        "0": {
            "0": 0.8060649633407593,
            "1": 0.4524473249912262
        },
        "1": {
            "0": 0.8100220561027527,
            "1": 0.865837812423706
        }
    }
}