{
    "affinity_pred_value": -0.7160473465919495,
    "affinity_probability_binary": 0.7640683650970459,
    "affinity_pred_value1": -0.7680681943893433,
    "affinity_probability_binary1": 0.8457550406455994,
    "affinity_pred_value2": -0.6640264987945557,
    "affinity_probability_binary2": 0.6823817491531372
}