{
    "confidence_score": 0.9311928153038025,
    "ptm": 0.9434361457824707,
    "iptm": 0.9650963544845581,
    "ligand_iptm": 0.9650963544845581,
    "protein_iptm": 0.0,
    "complex_plddt": 0.9227168560028076,
    "complex_iplddt": 0.884105920791626,
    "complex_pde": 0.44627323746681213,
    "complex_ipde": 0.5793775320053101,
    "chains_ptm": {
        "0": 0.9411317110061646,
        "1": 0.905244767665863
    },
    "pair_chains_iptm": {
        "0": {
            "0": 0.9411317110061646,
            "1": 0.6078788638114929
        },
        "1": {
            "0": 0.9650963544845581,
            "1": 0.905244767665863
        }
    }
}