{
    "affinity_pred_value": 0.16202379763126373,
    "affinity_probability_binary": 0.1151275485754013,
    "affinity_pred_value1": -0.0639515146613121,
    "affinity_probability_binary1": 0.1514129638671875,
    "affinity_pred_value2": 0.38799911737442017,
    "affinity_probability_binary2": 0.07884214073419571
}