{
    "confidence_score": 0.7152652740478516,
    "ptm": 0.7728257775306702,
    "iptm": 0.7520776391029358,
    "ligand_iptm": 0.7520776391029358,
    "protein_iptm": 0.0,
    "complex_plddt": 0.7060621976852417,
    "complex_iplddt": 0.4904542863368988,
    "complex_pde": 1.0689295530319214,
    "complex_ipde": 3.476839065551758,
    "chains_ptm": {
        "0": 0.7787786722183228,
        "1": 0.8586328625679016
    },
    "pair_chains_iptm": {
        "0": {
            "0": 0.7787786722183228,
            "1": 0.331807941198349
        },
        "1": {
            "0": 0.7520776391029358,
            "1": 0.8586328625679016
        }
    }
}