{
    "affinity_pred_value": -0.3321559727191925,
    "affinity_probability_binary": 0.7538084983825684,
    "affinity_pred_value1": -0.4495355784893036,
    "affinity_probability_binary1": 0.866623044013977,
    "affinity_pred_value2": -0.21477636694908142,
    "affinity_probability_binary2": 0.6409939527511597
}