{
    "confidence_score": 0.8729328513145447,
    "ptm": 0.930804431438446,
    "iptm": 0.8898007869720459,
    "ligand_iptm": 0.8898007869720459,
    "protein_iptm": 0.0,
    "complex_plddt": 0.868715763092041,
    "complex_iplddt": 0.7443926930427551,
    "complex_pde": 0.6620181798934937,
    "complex_ipde": 1.2579532861709595,
    "chains_ptm": {
        "0": 0.9386561512947083,
        "1": 0.7528895735740662
    },
    "pair_chains_iptm": {
        "0": {
            "0": 0.9386561512947083,
            "1": 0.6667203903198242
        },
        "1": {
            "0": 0.8898007869720459,
            "1": 0.7528895735740662
        }
    }
}