{
    "affinity_pred_value": -0.4167741537094116,
    "affinity_probability_binary": 0.4388749599456787,
    "affinity_pred_value1": -0.1989942193031311,
    "affinity_probability_binary1": 0.5486204624176025,
    "affinity_pred_value2": -0.6345540881156921,
    "affinity_probability_binary2": 0.3291294574737549
}