{
    "confidence_score": 0.727708637714386,
    "ptm": 0.9129242897033691,
    "iptm": 0.8626583814620972,
    "ligand_iptm": 0.8626583814620972,
    "protein_iptm": 0.0,
    "complex_plddt": 0.6939711570739746,
    "complex_iplddt": 0.5382161736488342,
    "complex_pde": 0.5730955004692078,
    "complex_ipde": 1.7266398668289185,
    "chains_ptm": {
        "0": 0.9253543615341187,
        "1": 0.8672833442687988
    },
    "pair_chains_iptm": {
        "0": {
            "0": 0.9253543615341187,
            "1": 0.4610200822353363
        },
        "1": {
            "0": 0.8626583814620972,
            "1": 0.8672833442687988
        }
    }
}