{
    "affinity_pred_value": -0.154295414686203,
    "affinity_probability_binary": 0.5378338098526001,
    "affinity_pred_value1": 0.3350149393081665,
    "affinity_probability_binary1": 0.758642315864563,
    "affinity_pred_value2": -0.6436057686805725,
    "affinity_probability_binary2": 0.317025363445282
}