{
    "confidence_score": 0.7055134773254395,
    "ptm": 0.707658588886261,
    "iptm": 0.7170916795730591,
    "ligand_iptm": 0.7170916795730591,
    "protein_iptm": 0.0,
    "complex_plddt": 0.7026189565658569,
    "complex_iplddt": 0.3839494585990906,
    "complex_pde": 1.0244426727294922,
    "complex_ipde": 3.160297393798828,
    "chains_ptm": {
        "0": 0.7091658115386963,
        "1": 0.863641619682312
    },
    "pair_chains_iptm": {
        "0": {
            "0": 0.7091658115386963,
            "1": 0.30671271681785583
        },
        "1": {
            "0": 0.7170916795730591,
            "1": 0.863641619682312
        }
    }
}