{
    "affinity_pred_value": -0.5553628206253052,
    "affinity_probability_binary": 0.8547923564910889,
    "affinity_pred_value1": -1.0432299375534058,
    "affinity_probability_binary1": 0.8620797395706177,
    "affinity_pred_value2": -0.06749573349952698,
    "affinity_probability_binary2": 0.8475049138069153
}