{
    "confidence_score": 0.9434181451797485,
    "ptm": 0.9540042281150818,
    "iptm": 0.9805812835693359,
    "ligand_iptm": 0.9805812835693359,
    "protein_iptm": 0.0,
    "complex_plddt": 0.9341273903846741,
    "complex_iplddt": 0.899874746799469,
    "complex_pde": 0.41370677947998047,
    "complex_ipde": 0.5581872463226318,
    "chains_ptm": {
        "0": 0.9501588344573975,
        "1": 0.8044842481613159
    },
    "pair_chains_iptm": {
        "0": {
            "0": 0.9501588344573975,
            "1": 0.5716196298599243
        },
        "1": {
            "0": 0.9805812835693359,
            "1": 0.8044842481613159
        }
    }
}