{
    "affinity_pred_value": -1.116272211074829,
    "affinity_probability_binary": 0.943077564239502,
    "affinity_pred_value1": -1.8387011289596558,
    "affinity_probability_binary1": 0.9808834195137024,
    "affinity_pred_value2": -0.39384323358535767,
    "affinity_probability_binary2": 0.9052717089653015
}