{
    "confidence_score": 0.9476141333580017,
    "ptm": 0.9447236061096191,
    "iptm": 0.9767588376998901,
    "ligand_iptm": 0.9767588376998901,
    "protein_iptm": 0.0,
    "complex_plddt": 0.9403279423713684,
    "complex_iplddt": 0.9033981561660767,
    "complex_pde": 0.45599016547203064,
    "complex_ipde": 0.6439850330352783,
    "chains_ptm": {
        "0": 0.9406529068946838,
        "1": 0.8227776288986206
    },
    "pair_chains_iptm": {
        "0": {
            "0": 0.9406529068946838,
            "1": 0.48935937881469727
        },
        "1": {
            "0": 0.9767588376998901,
            "1": 0.8227776288986206
        }
    }
}