{
    "affinity_pred_value": -0.31827062368392944,
    "affinity_probability_binary": 0.42307621240615845,
    "affinity_pred_value1": -0.34236401319503784,
    "affinity_probability_binary1": 0.5323684215545654,
    "affinity_pred_value2": -0.29417726397514343,
    "affinity_probability_binary2": 0.31378403306007385
}