{
    "confidence_score": 0.7283101081848145,
    "ptm": 0.8240700364112854,
    "iptm": 0.8298356533050537,
    "ligand_iptm": 0.8298356533050537,
    "protein_iptm": 0.0,
    "complex_plddt": 0.7029287219047546,
    "complex_iplddt": 0.546720027923584,
    "complex_pde": 0.834098219871521,
    "complex_ipde": 2.6026830673217773,
    "chains_ptm": {
        "0": 0.8230776786804199,
        "1": 0.7945979237556458
    },
    "pair_chains_iptm": {
        "0": {
            "0": 0.8230776786804199,
            "1": 0.3779674172401428
        },
        "1": {
            "0": 0.8298356533050537,
            "1": 0.7945979237556458
        }
    }
}