{
    "affinity_pred_value": 0.2413945496082306,
    "affinity_probability_binary": 0.239122211933136,
    "affinity_pred_value1": 0.33985596895217896,
    "affinity_probability_binary1": 0.27363622188568115,
    "affinity_pred_value2": 0.14293313026428223,
    "affinity_probability_binary2": 0.20460818707942963
}