{
    "confidence_score": 0.7539625763893127,
    "ptm": 0.834255576133728,
    "iptm": 0.7823770642280579,
    "ligand_iptm": 0.7823770642280579,
    "protein_iptm": 0.0,
    "complex_plddt": 0.7468589544296265,
    "complex_iplddt": 0.5597404837608337,
    "complex_pde": 0.7936397790908813,
    "complex_ipde": 3.0266571044921875,
    "chains_ptm": {
        "0": 0.8438199758529663,
        "1": 0.8209174275398254
    },
    "pair_chains_iptm": {
        "0": {
            "0": 0.8438199758529663,
            "1": 0.3055526614189148
        },
        "1": {
            "0": 0.7823770642280579,
            "1": 0.8209174275398254
        }
    }
}