{
    "affinity_pred_value": -1.3061696290969849,
    "affinity_probability_binary": 0.5883663296699524,
    "affinity_pred_value1": -1.4932615756988525,
    "affinity_probability_binary1": 0.7436274290084839,
    "affinity_pred_value2": -1.1190776824951172,
    "affinity_probability_binary2": 0.4331052601337433
}