{
    "confidence_score": 0.7361270785331726,
    "ptm": 0.9231501817703247,
    "iptm": 0.8467833399772644,
    "ligand_iptm": 0.8467833399772644,
    "protein_iptm": 0.0,
    "complex_plddt": 0.7084629535675049,
    "complex_iplddt": 0.5689539909362793,
    "complex_pde": 0.5367171764373779,
    "complex_ipde": 1.7992368936538696,
    "chains_ptm": {
        "0": 0.9405151009559631,
        "1": 0.8502265810966492
    },
    "pair_chains_iptm": {
        "0": {
            "0": 0.9405151009559631,
            "1": 0.42746713757514954
        },
        "1": {
            "0": 0.8467833399772644,
            "1": 0.8502265810966492
        }
    }
}