{
    "affinity_pred_value": 0.4599863290786743,
    "affinity_probability_binary": 0.18262512981891632,
    "affinity_pred_value1": 0.5597767233848572,
    "affinity_probability_binary1": 0.12925077974796295,
    "affinity_pred_value2": 0.36019593477249146,
    "affinity_probability_binary2": 0.2359994798898697
}