{
    "confidence_score": 0.7782509326934814,
    "ptm": 0.898807168006897,
    "iptm": 0.8652174472808838,
    "ligand_iptm": 0.8652174472808838,
    "protein_iptm": 0.0,
    "complex_plddt": 0.7565093040466309,
    "complex_iplddt": 0.7080352306365967,
    "complex_pde": 0.5755420327186584,
    "complex_ipde": 1.9605351686477661,
    "chains_ptm": {
        "0": 0.9041112065315247,
        "1": 0.8563217520713806
    },
    "pair_chains_iptm": {
        "0": {
            "0": 0.9041112065315247,
            "1": 0.38962382078170776
        },
        "1": {
            "0": 0.8652174472808838,
            "1": 0.8563217520713806
        }
    }
}