{
    "affinity_pred_value": -0.38945603370666504,
    "affinity_probability_binary": 0.8629740476608276,
    "affinity_pred_value1": -0.35914018750190735,
    "affinity_probability_binary1": 0.9038957357406616,
    "affinity_pred_value2": -0.41977185010910034,
    "affinity_probability_binary2": 0.8220523595809937
}