{
    "confidence_score": 0.9102136492729187,
    "ptm": 0.9107282161712646,
    "iptm": 0.9546881318092346,
    "ligand_iptm": 0.9546881318092346,
    "protein_iptm": 0.0,
    "complex_plddt": 0.8990950584411621,
    "complex_iplddt": 0.8664403557777405,
    "complex_pde": 0.40703871846199036,
    "complex_ipde": 0.6158589720726013,
    "chains_ptm": {
        "0": 0.904026210308075,
        "1": 0.8313621878623962
    },
    "pair_chains_iptm": {
        "0": {
            "0": 0.904026210308075,
            "1": 0.5147348642349243
        },
        "1": {
            "0": 0.9546881318092346,
            "1": 0.8313621878623962
        }
    }
}