{
    "affinity_pred_value": 0.2615705728530884,
    "affinity_probability_binary": 0.18103981018066406,
    "affinity_pred_value1": 0.2582302689552307,
    "affinity_probability_binary1": 0.16801536083221436,
    "affinity_pred_value2": 0.26491087675094604,
    "affinity_probability_binary2": 0.19406424462795258
}