{
    "confidence_score": 0.7184633016586304,
    "ptm": 0.8799448013305664,
    "iptm": 0.8762943744659424,
    "ligand_iptm": 0.8762943744659424,
    "protein_iptm": 0.0,
    "complex_plddt": 0.67900550365448,
    "complex_iplddt": 0.4592776298522949,
    "complex_pde": 0.634024441242218,
    "complex_ipde": 2.0842487812042236,
    "chains_ptm": {
        "0": 0.8811291456222534,
        "1": 0.8413689732551575
    },
    "pair_chains_iptm": {
        "0": {
            "0": 0.8811291456222534,
            "1": 0.46770501136779785
        },
        "1": {
            "0": 0.8762943744659424,
            "1": 0.8413689732551575
        }
    }
}