{
    "affinity_pred_value": 0.7382389307022095,
    "affinity_probability_binary": 0.34837955236434937,
    "affinity_pred_value1": 0.9726229906082153,
    "affinity_probability_binary1": 0.3219440281391144,
    "affinity_pred_value2": 0.5038548111915588,
    "affinity_probability_binary2": 0.37481510639190674
}