{
    "confidence_score": 0.7075509428977966,
    "ptm": 0.8894019722938538,
    "iptm": 0.8950516581535339,
    "ligand_iptm": 0.8950516581535339,
    "protein_iptm": 0.0,
    "complex_plddt": 0.6606757640838623,
    "complex_iplddt": 0.5283473134040833,
    "complex_pde": 0.5408266186714172,
    "complex_ipde": 1.193778157234192,
    "chains_ptm": {
        "0": 0.8892661333084106,
        "1": 0.9260907769203186
    },
    "pair_chains_iptm": {
        "0": {
            "0": 0.8892661333084106,
            "1": 0.6306634545326233
        },
        "1": {
            "0": 0.8950516581535339,
            "1": 0.9260907769203186
        }
    }
}