{
    "affinity_pred_value": 0.4713103175163269,
    "affinity_probability_binary": 0.7527648210525513,
    "affinity_pred_value1": 0.34002938866615295,
    "affinity_probability_binary1": 0.8084132671356201,
    "affinity_pred_value2": 0.6025912761688232,
    "affinity_probability_binary2": 0.6971164345741272
}