{
    "confidence_score": 0.9301347136497498,
    "ptm": 0.925178587436676,
    "iptm": 0.9589614272117615,
    "ligand_iptm": 0.9589614272117615,
    "protein_iptm": 0.0,
    "complex_plddt": 0.922927975654602,
    "complex_iplddt": 0.8860985040664673,
    "complex_pde": 0.5022529363632202,
    "complex_ipde": 0.7035233974456787,
    "chains_ptm": {
        "0": 0.9189969897270203,
        "1": 0.8937757015228271
    },
    "pair_chains_iptm": {
        "0": {
            "0": 0.9189969897270203,
            "1": 0.6092185974121094
        },
        "1": {
            "0": 0.9589614272117615,
            "1": 0.8937757015228271
        }
    }
}