{
    "affinity_pred_value": -0.41210734844207764,
    "affinity_probability_binary": 0.7029198408126831,
    "affinity_pred_value1": -0.7053424715995789,
    "affinity_probability_binary1": 0.6442859172821045,
    "affinity_pred_value2": -0.11887219548225403,
    "affinity_probability_binary2": 0.7615538239479065
}