{
    "confidence_score": 0.9147462248802185,
    "ptm": 0.9214667081832886,
    "iptm": 0.9733297228813171,
    "ligand_iptm": 0.9733297228813171,
    "protein_iptm": 0.0,
    "complex_plddt": 0.9001003503799438,
    "complex_iplddt": 0.8657649159431458,
    "complex_pde": 0.3903093934059143,
    "complex_ipde": 0.5439134240150452,
    "chains_ptm": {
        "0": 0.9122960567474365,
        "1": 0.8457823395729065
    },
    "pair_chains_iptm": {
        "0": {
            "0": 0.9122960567474365,
            "1": 0.608292818069458
        },
        "1": {
            "0": 0.9733297228813171,
            "1": 0.8457823395729065
        }
    }
}