{
    "affinity_pred_value": 0.188336580991745,
    "affinity_probability_binary": 0.32007819414138794,
    "affinity_pred_value1": 0.045931316912174225,
    "affinity_probability_binary1": 0.38551846146583557,
    "affinity_pred_value2": 0.33074185252189636,
    "affinity_probability_binary2": 0.2546378970146179
}