{
    "confidence_score": 0.7487347722053528,
    "ptm": 0.8348410129547119,
    "iptm": 0.879006028175354,
    "ligand_iptm": 0.879006028175354,
    "protein_iptm": 0.0,
    "complex_plddt": 0.7161669135093689,
    "complex_iplddt": 0.5893622040748596,
    "complex_pde": 0.7292808890342712,
    "complex_ipde": 2.1336965560913086,
    "chains_ptm": {
        "0": 0.829964816570282,
        "1": 0.8538957834243774
    },
    "pair_chains_iptm": {
        "0": {
            "0": 0.829964816570282,
            "1": 0.3581068515777588
        },
        "1": {
            "0": 0.879006028175354,
            "1": 0.8538957834243774
        }
    }
}