{
    "affinity_pred_value": 0.8353486061096191,
    "affinity_probability_binary": 0.1822013407945633,
    "affinity_pred_value1": 1.0058252811431885,
    "affinity_probability_binary1": 0.10168840736150742,
    "affinity_pred_value2": 0.664871871471405,
    "affinity_probability_binary2": 0.2627142667770386
}