{
    "confidence_score": 0.806594967842102,
    "ptm": 0.7647500038146973,
    "iptm": 0.8182499408721924,
    "ligand_iptm": 0.8182499408721924,
    "protein_iptm": 0.0,
    "complex_plddt": 0.8036811947822571,
    "complex_iplddt": 0.6621335744857788,
    "complex_pde": 0.6982029676437378,
    "complex_ipde": 2.5845282077789307,
    "chains_ptm": {
        "0": 0.7603404521942139,
        "1": 0.8847408294677734
    },
    "pair_chains_iptm": {
        "0": {
            "0": 0.7603404521942139,
            "1": 0.2514941692352295
        },
        "1": {
            "0": 0.8182499408721924,
            "1": 0.8847408294677734
        }
    }
}