{
    "affinity_pred_value": 0.8982795476913452,
    "affinity_probability_binary": 0.0867537185549736,
    "affinity_pred_value1": 1.031096339225769,
    "affinity_probability_binary1": 0.11958218365907669,
    "affinity_pred_value2": 0.7654626965522766,
    "affinity_probability_binary2": 0.053925253450870514
}