{
    "confidence_score": 0.7914990782737732,
    "ptm": 0.7474684119224548,
    "iptm": 0.8580864071846008,
    "ligand_iptm": 0.8580864071846008,
    "protein_iptm": 0.0,
    "complex_plddt": 0.7748522758483887,
    "complex_iplddt": 0.5854359865188599,
    "complex_pde": 0.8496279716491699,
    "complex_ipde": 2.6342711448669434,
    "chains_ptm": {
        "0": 0.7306859493255615,
        "1": 0.8885716795921326
    },
    "pair_chains_iptm": {
        "0": {
            "0": 0.7306859493255615,
            "1": 0.3315397799015045
        },
        "1": {
            "0": 0.8580864071846008,
            "1": 0.8885716795921326
        }
    }
}