{
    "affinity_pred_value": -0.9562480449676514,
    "affinity_probability_binary": 0.47040799260139465,
    "affinity_pred_value1": -0.9841980934143066,
    "affinity_probability_binary1": 0.45340806245803833,
    "affinity_pred_value2": -0.9282980561256409,
    "affinity_probability_binary2": 0.487407922744751
}