{
    "confidence_score": 0.6979805827140808,
    "ptm": 0.8499222993850708,
    "iptm": 0.7850107550621033,
    "ligand_iptm": 0.7850107550621033,
    "protein_iptm": 0.0,
    "complex_plddt": 0.6762229800224304,
    "complex_iplddt": 0.5325642824172974,
    "complex_pde": 0.8072835803031921,
    "complex_ipde": 2.8436615467071533,
    "chains_ptm": {
        "0": 0.8706061244010925,
        "1": 0.8822389841079712
    },
    "pair_chains_iptm": {
        "0": {
            "0": 0.8706061244010925,
            "1": 0.41600245237350464
        },
        "1": {
            "0": 0.7850107550621033,
            "1": 0.8822389841079712
        }
    }
}