{
    "affinity_pred_value": 0.2284277081489563,
    "affinity_probability_binary": 0.46359801292419434,
    "affinity_pred_value1": 0.016214050352573395,
    "affinity_probability_binary1": 0.3824746906757355,
    "affinity_pred_value2": 0.4406413733959198,
    "affinity_probability_binary2": 0.5447213649749756
}