{
    "confidence_score": 0.9415645599365234,
    "ptm": 0.9595319032669067,
    "iptm": 0.9700663089752197,
    "ligand_iptm": 0.9700663089752197,
    "protein_iptm": 0.0,
    "complex_plddt": 0.9344390630722046,
    "complex_iplddt": 0.8978815674781799,
    "complex_pde": 0.395637184381485,
    "complex_ipde": 0.5988982915878296,
    "chains_ptm": {
        "0": 0.9579179883003235,
        "1": 0.8389436602592468
    },
    "pair_chains_iptm": {
        "0": {
            "0": 0.9579179883003235,
            "1": 0.6795669198036194
        },
        "1": {
            "0": 0.9700663089752197,
            "1": 0.8389436602592468
        }
    }
}