{
    "affinity_pred_value": 0.18290409445762634,
    "affinity_probability_binary": 0.4341053068637848,
    "affinity_pred_value1": -0.09962157905101776,
    "affinity_probability_binary1": 0.6945598125457764,
    "affinity_pred_value2": 0.46542975306510925,
    "affinity_probability_binary2": 0.1736508011817932
}