{
    "confidence_score": 0.6698063611984253,
    "ptm": 0.9054490923881531,
    "iptm": 0.878186047077179,
    "ligand_iptm": 0.878186047077179,
    "protein_iptm": 0.0,
    "complex_plddt": 0.6177114248275757,
    "complex_iplddt": 0.38787412643432617,
    "complex_pde": 0.48524796962738037,
    "complex_ipde": 1.1443034410476685,
    "chains_ptm": {
        "0": 0.9183859825134277,
        "1": 0.9253690838813782
    },
    "pair_chains_iptm": {
        "0": {
            "0": 0.9183859825134277,
            "1": 0.6156707406044006
        },
        "1": {
            "0": 0.878186047077179,
            "1": 0.9253690838813782
        }
    }
}