{
    "affinity_pred_value": 0.49863511323928833,
    "affinity_probability_binary": 0.26899397373199463,
    "affinity_pred_value1": 0.7267811298370361,
    "affinity_probability_binary1": 0.2166348248720169,
    "affinity_pred_value2": 0.2704890966415405,
    "affinity_probability_binary2": 0.32135313749313354
}