{
    "confidence_score": 0.7399353384971619,
    "ptm": 0.8576930165290833,
    "iptm": 0.8454657196998596,
    "ligand_iptm": 0.8454657196998596,
    "protein_iptm": 0.0,
    "complex_plddt": 0.713552713394165,
    "complex_iplddt": 0.6957801580429077,
    "complex_pde": 0.718926727771759,
    "complex_ipde": 2.3364155292510986,
    "chains_ptm": {
        "0": 0.8611485958099365,
        "1": 0.8807909488677979
    },
    "pair_chains_iptm": {
        "0": {
            "0": 0.8611485958099365,
            "1": 0.37537840008735657
        },
        "1": {
            "0": 0.8454657196998596,
            "1": 0.8807909488677979
        }
    }
}