{
    "affinity_pred_value": -1.3548808097839355,
    "affinity_probability_binary": 0.5362426042556763,
    "affinity_pred_value1": -1.8878756761550903,
    "affinity_probability_binary1": 0.7437573075294495,
    "affinity_pred_value2": -0.8218858242034912,
    "affinity_probability_binary2": 0.32872793078422546
}