{
    "confidence_score": 0.6970486044883728,
    "ptm": 0.7576044797897339,
    "iptm": 0.7697275280952454,
    "ligand_iptm": 0.7697275280952454,
    "protein_iptm": 0.0,
    "complex_plddt": 0.6788788437843323,
    "complex_iplddt": 0.48835769295692444,
    "complex_pde": 0.9682223796844482,
    "complex_ipde": 2.799210548400879,
    "chains_ptm": {
        "0": 0.7606545090675354,
        "1": 0.8071247935295105
    },
    "pair_chains_iptm": {
        "0": {
            "0": 0.7606545090675354,
            "1": 0.3643141984939575
        },
        "1": {
            "0": 0.7697275280952454,
            "1": 0.8071247935295105
        }
    }
}