{
    "affinity_pred_value": 1.040572166442871,
    "affinity_probability_binary": 0.11874516308307648,
    "affinity_pred_value1": 1.113632082939148,
    "affinity_probability_binary1": 0.11714623868465424,
    "affinity_pred_value2": 0.967512309551239,
    "affinity_probability_binary2": 0.12034408003091812
}