{
    "confidence_score": 0.7048308253288269,
    "ptm": 0.9292309880256653,
    "iptm": 0.9441624879837036,
    "ligand_iptm": 0.9441624879837036,
    "protein_iptm": 0.0,
    "complex_plddt": 0.6449978947639465,
    "complex_iplddt": 0.46567869186401367,
    "complex_pde": 0.3994218707084656,
    "complex_ipde": 0.6575491428375244,
    "chains_ptm": {
        "0": 0.9281884431838989,
        "1": 0.8600756525993347
    },
    "pair_chains_iptm": {
        "0": {
            "0": 0.9281884431838989,
            "1": 0.4913100302219391
        },
        "1": {
            "0": 0.9441624879837036,
            "1": 0.8600756525993347
        }
    }
}