{
    "affinity_pred_value": 0.42535555362701416,
    "affinity_probability_binary": 0.24101561307907104,
    "affinity_pred_value1": 0.7447569966316223,
    "affinity_probability_binary1": 0.23096051812171936,
    "affinity_pred_value2": 0.10595408082008362,
    "affinity_probability_binary2": 0.25107070803642273
}