{
    "confidence_score": 0.7230983972549438,
    "ptm": 0.9117523431777954,
    "iptm": 0.8859030604362488,
    "ligand_iptm": 0.8859030604362488,
    "protein_iptm": 0.0,
    "complex_plddt": 0.682397186756134,
    "complex_iplddt": 0.4698239862918854,
    "complex_pde": 0.44477367401123047,
    "complex_ipde": 0.9494685530662537,
    "chains_ptm": {
        "0": 0.9174619913101196,
        "1": 0.8284491300582886
    },
    "pair_chains_iptm": {
        "0": {
            "0": 0.9174619913101196,
            "1": 0.5405019521713257
        },
        "1": {
            "0": 0.8859030604362488,
            "1": 0.8284491300582886
        }
    }
}