{
    "affinity_pred_value": -0.8112654089927673,
    "affinity_probability_binary": 0.5182971954345703,
    "affinity_pred_value1": -1.2168992757797241,
    "affinity_probability_binary1": 0.6947022080421448,
    "affinity_pred_value2": -0.40563154220581055,
    "affinity_probability_binary2": 0.34189218282699585
}