{
    "confidence_score": 0.7270404696464539,
    "ptm": 0.8795860409736633,
    "iptm": 0.8500667810440063,
    "ligand_iptm": 0.8500667810440063,
    "protein_iptm": 0.0,
    "complex_plddt": 0.6962838768959045,
    "complex_iplddt": 0.5535284280776978,
    "complex_pde": 0.6320635676383972,
    "complex_ipde": 1.9375488758087158,
    "chains_ptm": {
        "0": 0.8880908489227295,
        "1": 0.8153714537620544
    },
    "pair_chains_iptm": {
        "0": {
            "0": 0.8880908489227295,
            "1": 0.3421047627925873
        },
        "1": {
            "0": 0.8500667810440063,
            "1": 0.8153714537620544
        }
    }
}