{
    "affinity_pred_value": -0.311832994222641,
    "affinity_probability_binary": 0.8214834928512573,
    "affinity_pred_value1": -0.5494486093521118,
    "affinity_probability_binary1": 0.8672240376472473,
    "affinity_pred_value2": -0.07421737909317017,
    "affinity_probability_binary2": 0.7757429480552673
}