{
    "confidence_score": 0.9285832643508911,
    "ptm": 0.9219003915786743,
    "iptm": 0.9449307918548584,
    "ligand_iptm": 0.9449307918548584,
    "protein_iptm": 0.0,
    "complex_plddt": 0.9244963526725769,
    "complex_iplddt": 0.8769775032997131,
    "complex_pde": 0.5222674608230591,
    "complex_ipde": 0.7731025218963623,
    "chains_ptm": {
        "0": 0.917758047580719,
        "1": 0.882514238357544
    },
    "pair_chains_iptm": {
        "0": {
            "0": 0.917758047580719,
            "1": 0.6467923521995544
        },
        "1": {
            "0": 0.9449307918548584,
            "1": 0.882514238357544
        }
    }
}