{
    "affinity_pred_value": 0.25442633032798767,
    "affinity_probability_binary": 0.458501935005188,
    "affinity_pred_value1": 0.011820010840892792,
    "affinity_probability_binary1": 0.4572688937187195,
    "affinity_pred_value2": 0.49703264236450195,
    "affinity_probability_binary2": 0.4597350060939789
}