{
    "confidence_score": 0.9121097922325134,
    "ptm": 0.950740396976471,
    "iptm": 0.9544386267662048,
    "ligand_iptm": 0.9544386267662048,
    "protein_iptm": 0.0,
    "complex_plddt": 0.9015275835990906,
    "complex_iplddt": 0.8364843130111694,
    "complex_pde": 0.4573940336704254,
    "complex_ipde": 0.71087646484375,
    "chains_ptm": {
        "0": 0.9500591158866882,
        "1": 0.8775052428245544
    },
    "pair_chains_iptm": {
        "0": {
            "0": 0.9500591158866882,
            "1": 0.6356565952301025
        },
        "1": {
            "0": 0.9544386267662048,
            "1": 0.8775052428245544
        }
    }
}