{
    "affinity_pred_value": -0.1191289871931076,
    "affinity_probability_binary": 0.7761095762252808,
    "affinity_pred_value1": -0.49065572023391724,
    "affinity_probability_binary1": 0.7449839115142822,
    "affinity_pred_value2": 0.252397745847702,
    "affinity_probability_binary2": 0.8072351813316345
}