{
    "confidence_score": 0.9160038828849792,
    "ptm": 0.917795717716217,
    "iptm": 0.9808966517448425,
    "ligand_iptm": 0.9808966517448425,
    "protein_iptm": 0.0,
    "complex_plddt": 0.8997807502746582,
    "complex_iplddt": 0.8949083089828491,
    "complex_pde": 0.36898595094680786,
    "complex_ipde": 0.4879738688468933,
    "chains_ptm": {
        "0": 0.9084826707839966,
        "1": 0.9581727385520935
    },
    "pair_chains_iptm": {
        "0": {
            "0": 0.9084826707839966,
            "1": 0.7452115416526794
        },
        "1": {
            "0": 0.9808966517448425,
            "1": 0.9581727385520935
        }
    }
}