{
    "affinity_pred_value": 1.7636433839797974,
    "affinity_probability_binary": 0.21299678087234497,
    "affinity_pred_value1": 1.655234932899475,
    "affinity_probability_binary1": 0.21196366846561432,
    "affinity_pred_value2": 1.8720518350601196,
    "affinity_probability_binary2": 0.21402989327907562
}