{
    "confidence_score": 0.9269475936889648,
    "ptm": 0.9446965456008911,
    "iptm": 0.9363593459129333,
    "ligand_iptm": 0.9363593459129333,
    "protein_iptm": 0.0,
    "complex_plddt": 0.9245946407318115,
    "complex_iplddt": 0.86911541223526,
    "complex_pde": 0.47678840160369873,
    "complex_ipde": 0.8148948550224304,
    "chains_ptm": {
        "0": 0.9454415440559387,
        "1": 0.8883445262908936
    },
    "pair_chains_iptm": {
        "0": {
            "0": 0.9454415440559387,
            "1": 0.5232358574867249
        },
        "1": {
            "0": 0.9363593459129333,
            "1": 0.8883445262908936
        }
    }
}