{
    "affinity_pred_value": 0.3856901526451111,
    "affinity_probability_binary": 0.23785603046417236,
    "affinity_pred_value1": 0.9388195276260376,
    "affinity_probability_binary1": 0.17816977202892303,
    "affinity_pred_value2": -0.16743925213813782,
    "affinity_probability_binary2": 0.2975423038005829
}