{
    "confidence_score": 0.815077006816864,
    "ptm": 0.7840375900268555,
    "iptm": 0.878145694732666,
    "ligand_iptm": 0.878145694732666,
    "protein_iptm": 0.0,
    "complex_plddt": 0.7993097901344299,
    "complex_iplddt": 0.5653254985809326,
    "complex_pde": 0.5886934399604797,
    "complex_ipde": 1.8430043458938599,
    "chains_ptm": {
        "0": 0.7739475965499878,
        "1": 0.8633864521980286
    },
    "pair_chains_iptm": {
        "0": {
            "0": 0.7739475965499878,
            "1": 0.33190256357192993
        },
        "1": {
            "0": 0.878145694732666,
            "1": 0.8633864521980286
        }
    }
}