{
    "affinity_pred_value": -0.5605936050415039,
    "affinity_probability_binary": 0.4730537533760071,
    "affinity_pred_value1": -1.0819991827011108,
    "affinity_probability_binary1": 0.5948697328567505,
    "affinity_pred_value2": -0.03918800875544548,
    "affinity_probability_binary2": 0.35123780369758606
}