{
    "confidence_score": 0.9005900621414185,
    "ptm": 0.9017714858055115,
    "iptm": 0.9645401835441589,
    "ligand_iptm": 0.9645401835441589,
    "protein_iptm": 0.0,
    "complex_plddt": 0.8846025466918945,
    "complex_iplddt": 0.8716117739677429,
    "complex_pde": 0.4842104911804199,
    "complex_ipde": 0.8010098338127136,
    "chains_ptm": {
        "0": 0.8902860283851624,
        "1": 0.8577489852905273
    },
    "pair_chains_iptm": {
        "0": {
            "0": 0.8902860283851624,
            "1": 0.5228750109672546
        },
        "1": {
            "0": 0.9645401835441589,
            "1": 0.8577489852905273
        }
    }
}