{
    "affinity_pred_value": 1.1299790143966675,
    "affinity_probability_binary": 0.3937057554721832,
    "affinity_pred_value1": 1.3342963457107544,
    "affinity_probability_binary1": 0.3302842974662781,
    "affinity_pred_value2": 0.9256616234779358,
    "affinity_probability_binary2": 0.4571272134780884
}