{
    "confidence_score": 0.9348103404045105,
    "ptm": 0.9489609599113464,
    "iptm": 0.9709656834602356,
    "ligand_iptm": 0.9709656834602356,
    "protein_iptm": 0.0,
    "complex_plddt": 0.9257714748382568,
    "complex_iplddt": 0.8702201843261719,
    "complex_pde": 0.44941121339797974,
    "complex_ipde": 0.6755673885345459,
    "chains_ptm": {
        "0": 0.9457772374153137,
        "1": 0.8469279408454895
    },
    "pair_chains_iptm": {
        "0": {
            "0": 0.9457772374153137,
            "1": 0.5335227251052856
        },
        "1": {
            "0": 0.9709656834602356,
            "1": 0.8469279408454895
        }
    }
}