{
    "affinity_pred_value": -1.531506061553955,
    "affinity_probability_binary": 0.96733558177948,
    "affinity_pred_value1": -2.255715847015381,
    "affinity_probability_binary1": 0.9902225732803345,
    "affinity_pred_value2": -0.8072963356971741,
    "affinity_probability_binary2": 0.9444485306739807
}