{
    "confidence_score": 0.9195405840873718,
    "ptm": 0.912804126739502,
    "iptm": 0.9864469170570374,
    "ligand_iptm": 0.9864469170570374,
    "protein_iptm": 0.0,
    "complex_plddt": 0.9028139710426331,
    "complex_iplddt": 0.9163289070129395,
    "complex_pde": 0.3744655251502991,
    "complex_ipde": 0.45088866353034973,
    "chains_ptm": {
        "0": 0.902249813079834,
        "1": 0.8765580654144287
    },
    "pair_chains_iptm": {
        "0": {
            "0": 0.902249813079834,
            "1": 0.5729637145996094
        },
        "1": {
            "0": 0.9864469170570374,
            "1": 0.8765580654144287
        }
    }
}