{
    "affinity_pred_value": -0.22169503569602966,
    "affinity_probability_binary": 0.3491501808166504,
    "affinity_pred_value1": 0.5151251554489136,
    "affinity_probability_binary1": 0.24947693943977356,
    "affinity_pred_value2": -0.9585152268409729,
    "affinity_probability_binary2": 0.44882339239120483
}