{
    "confidence_score": 0.7404839992523193,
    "ptm": 0.8653240203857422,
    "iptm": 0.8418418765068054,
    "ligand_iptm": 0.8418418765068054,
    "protein_iptm": 0.0,
    "complex_plddt": 0.7151445150375366,
    "complex_iplddt": 0.5420438647270203,
    "complex_pde": 0.689562201499939,
    "complex_ipde": 1.9543439149856567,
    "chains_ptm": {
        "0": 0.8716367483139038,
        "1": 0.7811830043792725
    },
    "pair_chains_iptm": {
        "0": {
            "0": 0.8716367483139038,
            "1": 0.4385763108730316
        },
        "1": {
            "0": 0.8418418765068054,
            "1": 0.7811830043792725
        }
    }
}