{
    "affinity_pred_value": 0.7244621515274048,
    "affinity_probability_binary": 0.4857025146484375,
    "affinity_pred_value1": 0.7734396457672119,
    "affinity_probability_binary1": 0.48784732818603516,
    "affinity_pred_value2": 0.6754847168922424,
    "affinity_probability_binary2": 0.48355770111083984
}