{
    "confidence_score": 0.940309464931488,
    "ptm": 0.9439786076545715,
    "iptm": 0.9673774838447571,
    "ligand_iptm": 0.9673774838447571,
    "protein_iptm": 0.0,
    "complex_plddt": 0.9335423707962036,
    "complex_iplddt": 0.8957096934318542,
    "complex_pde": 0.45874136686325073,
    "complex_ipde": 0.708926796913147,
    "chains_ptm": {
        "0": 0.9404935240745544,
        "1": 0.8645451664924622
    },
    "pair_chains_iptm": {
        "0": {
            "0": 0.9404935240745544,
            "1": 0.5405672192573547
        },
        "1": {
            "0": 0.9673774838447571,
            "1": 0.8645451664924622
        }
    }
}