{
    "affinity_pred_value": 0.9134297966957092,
    "affinity_probability_binary": 0.4414219260215759,
    "affinity_pred_value1": 0.675204873085022,
    "affinity_probability_binary1": 0.4912881851196289,
    "affinity_pred_value2": 1.1516547203063965,
    "affinity_probability_binary2": 0.39155569672584534
}