{
    "confidence_score": 0.9152335524559021,
    "ptm": 0.9273941516876221,
    "iptm": 0.9594851136207581,
    "ligand_iptm": 0.9594851136207581,
    "protein_iptm": 0.0,
    "complex_plddt": 0.904170572757721,
    "complex_iplddt": 0.8533855676651001,
    "complex_pde": 0.4983212947845459,
    "complex_ipde": 0.6861096620559692,
    "chains_ptm": {
        "0": 0.9231608510017395,
        "1": 0.82740718126297
    },
    "pair_chains_iptm": {
        "0": {
            "0": 0.9231608510017395,
            "1": 0.47311484813690186
        },
        "1": {
            "0": 0.9594851136207581,
            "1": 0.82740718126297
        }
    }
}