{
    "affinity_pred_value": -1.2711771726608276,
    "affinity_probability_binary": 0.9566643834114075,
    "affinity_pred_value1": -1.7034708261489868,
    "affinity_probability_binary1": 0.9865702986717224,
    "affinity_pred_value2": -0.8388834595680237,
    "affinity_probability_binary2": 0.9267584681510925
}