{
    "confidence_score": 0.9378296136856079,
    "ptm": 0.9502806663513184,
    "iptm": 0.9741197824478149,
    "ligand_iptm": 0.9741197824478149,
    "protein_iptm": 0.0,
    "complex_plddt": 0.9287570118904114,
    "complex_iplddt": 0.8991385698318481,
    "complex_pde": 0.4143126904964447,
    "complex_ipde": 0.55258709192276,
    "chains_ptm": {
        "0": 0.9468315243721008,
        "1": 0.9175891280174255
    },
    "pair_chains_iptm": {
        "0": {
            "0": 0.9468315243721008,
            "1": 0.5975871086120605
        },
        "1": {
            "0": 0.9741197824478149,
            "1": 0.9175891280174255
        }
    }
}