{
    "affinity_pred_value": 0.19068530201911926,
    "affinity_probability_binary": 0.3101930022239685,
    "affinity_pred_value1": -0.23286230862140656,
    "affinity_probability_binary1": 0.34944579005241394,
    "affinity_pred_value2": 0.6142328977584839,
    "affinity_probability_binary2": 0.2709401845932007
}