{
    "confidence_score": 0.8958232998847961,
    "ptm": 0.8992509841918945,
    "iptm": 0.9568750262260437,
    "ligand_iptm": 0.9568750262260437,
    "protein_iptm": 0.0,
    "complex_plddt": 0.8805603384971619,
    "complex_iplddt": 0.8470542430877686,
    "complex_pde": 0.4832622706890106,
    "complex_ipde": 0.7930116057395935,
    "chains_ptm": {
        "0": 0.8890467882156372,
        "1": 0.8630496859550476
    },
    "pair_chains_iptm": {
        "0": {
            "0": 0.8890467882156372,
            "1": 0.5837240815162659
        },
        "1": {
            "0": 0.9568750262260437,
            "1": 0.8630496859550476
        }
    }
}