{
    "affinity_pred_value": 0.8496061563491821,
    "affinity_probability_binary": 0.4942283630371094,
    "affinity_pred_value1": 0.7815013527870178,
    "affinity_probability_binary1": 0.4689466655254364,
    "affinity_pred_value2": 0.9177110195159912,
    "affinity_probability_binary2": 0.51951003074646
}