{
    "confidence_score": 0.8839028477668762,
    "ptm": 0.9047277569770813,
    "iptm": 0.944482147693634,
    "ligand_iptm": 0.944482147693634,
    "protein_iptm": 0.0,
    "complex_plddt": 0.868757963180542,
    "complex_iplddt": 0.7698208093643188,
    "complex_pde": 0.4741939306259155,
    "complex_ipde": 0.7686138153076172,
    "chains_ptm": {
        "0": 0.8996527194976807,
        "1": 0.8233998417854309
    },
    "pair_chains_iptm": {
        "0": {
            "0": 0.8996527194976807,
            "1": 0.48756542801856995
        },
        "1": {
            "0": 0.944482147693634,
            "1": 0.8233998417854309
        }
    }
}