{
    "affinity_pred_value": 0.3990381062030792,
    "affinity_probability_binary": 0.6387585401535034,
    "affinity_pred_value1": 0.10129070281982422,
    "affinity_probability_binary1": 0.7523491382598877,
    "affinity_pred_value2": 0.6967855095863342,
    "affinity_probability_binary2": 0.5251679420471191
}