{
    "confidence_score": 0.9371736645698547,
    "ptm": 0.938137948513031,
    "iptm": 0.9760701060295105,
    "ligand_iptm": 0.9760701060295105,
    "protein_iptm": 0.0,
    "complex_plddt": 0.9274495840072632,
    "complex_iplddt": 0.9091605544090271,
    "complex_pde": 0.4589298963546753,
    "complex_ipde": 0.5048442482948303,
    "chains_ptm": {
        "0": 0.9352765083312988,
        "1": 0.9216760396957397
    },
    "pair_chains_iptm": {
        "0": {
            "0": 0.9352765083312988,
            "1": 0.5251989364624023
        },
        "1": {
            "0": 0.9760701060295105,
            "1": 0.9216760396957397
        }
    }
}