{
    "affinity_pred_value": 0.32906675338745117,
    "affinity_probability_binary": 0.3411594331264496,
    "affinity_pred_value1": 0.3935275673866272,
    "affinity_probability_binary1": 0.2694672644138336,
    "affinity_pred_value2": 0.26460590958595276,
    "affinity_probability_binary2": 0.41285160183906555
}