{
    "confidence_score": 0.8985485434532166,
    "ptm": 0.8991270661354065,
    "iptm": 0.9618897438049316,
    "ligand_iptm": 0.9618897438049316,
    "protein_iptm": 0.0,
    "complex_plddt": 0.8827131986618042,
    "complex_iplddt": 0.8549182415008545,
    "complex_pde": 0.4769774079322815,
    "complex_ipde": 0.7198792099952698,
    "chains_ptm": {
        "0": 0.8905805349349976,
        "1": 0.8204225897789001
    },
    "pair_chains_iptm": {
        "0": {
            "0": 0.8905805349349976,
            "1": 0.430778443813324
        },
        "1": {
            "0": 0.9618897438049316,
            "1": 0.8204225897789001
        }
    }
}