{
    "affinity_pred_value": -0.29008978605270386,
    "affinity_probability_binary": 0.4373090863227844,
    "affinity_pred_value1": -0.3194890022277832,
    "affinity_probability_binary1": 0.5796759724617004,
    "affinity_pred_value2": -0.2606905698776245,
    "affinity_probability_binary2": 0.2949422001838684
}