{
    "confidence_score": 0.7302735447883606,
    "ptm": 0.8200235962867737,
    "iptm": 0.8079391717910767,
    "ligand_iptm": 0.8079391717910767,
    "protein_iptm": 0.0,
    "complex_plddt": 0.7108571529388428,
    "complex_iplddt": 0.5926924347877502,
    "complex_pde": 0.8837735056877136,
    "complex_ipde": 2.7712013721466064,
    "chains_ptm": {
        "0": 0.8227986693382263,
        "1": 0.7759138345718384
    },
    "pair_chains_iptm": {
        "0": {
            "0": 0.8227986693382263,
            "1": 0.3069523572921753
        },
        "1": {
            "0": 0.8079391717910767,
            "1": 0.7759138345718384
        }
    }
}