{
    "affinity_pred_value": -0.2662418782711029,
    "affinity_probability_binary": 0.4741974472999573,
    "affinity_pred_value1": -0.6487222909927368,
    "affinity_probability_binary1": 0.41422221064567566,
    "affinity_pred_value2": 0.116238534450531,
    "affinity_probability_binary2": 0.5341726541519165
}