{
    "confidence_score": 0.9332176446914673,
    "ptm": 0.938385546207428,
    "iptm": 0.961604118347168,
    "ligand_iptm": 0.961604118347168,
    "protein_iptm": 0.0,
    "complex_plddt": 0.9261209964752197,
    "complex_iplddt": 0.8955479860305786,
    "complex_pde": 0.46469947695732117,
    "complex_ipde": 0.6945517063140869,
    "chains_ptm": {
        "0": 0.9352949857711792,
        "1": 0.8301907181739807
    },
    "pair_chains_iptm": {
        "0": {
            "0": 0.9352949857711792,
            "1": 0.500560998916626
        },
        "1": {
            "0": 0.961604118347168,
            "1": 0.8301907181739807
        }
    }
}