{
    "affinity_pred_value": 0.8670915365219116,
    "affinity_probability_binary": 0.2415926158428192,
    "affinity_pred_value1": 1.1634420156478882,
    "affinity_probability_binary1": 0.15393714606761932,
    "affinity_pred_value2": 0.5707409977912903,
    "affinity_probability_binary2": 0.3292481005191803
}