{
    "confidence_score": 0.768268883228302,
    "ptm": 0.8710224032402039,
    "iptm": 0.8931559920310974,
    "ligand_iptm": 0.8931559920310974,
    "protein_iptm": 0.0,
    "complex_plddt": 0.7370470762252808,
    "complex_iplddt": 0.7226265072822571,
    "complex_pde": 0.551469624042511,
    "complex_ipde": 1.6283849477767944,
    "chains_ptm": {
        "0": 0.8710864782333374,
        "1": 0.8709881901741028
    },
    "pair_chains_iptm": {
        "0": {
            "0": 0.8710864782333374,
            "1": 0.38454023003578186
        },
        "1": {
            "0": 0.8931559920310974,
            "1": 0.8709881901741028
        }
    }
}