{
    "affinity_pred_value": 0.1634165197610855,
    "affinity_probability_binary": 0.2988295257091522,
    "affinity_pred_value1": 0.5382071733474731,
    "affinity_probability_binary1": 0.250544935464859,
    "affinity_pred_value2": -0.21137413382530212,
    "affinity_probability_binary2": 0.34711411595344543
}