{
    "confidence_score": 0.7009543776512146,
    "ptm": 0.8839543461799622,
    "iptm": 0.8960460424423218,
    "ligand_iptm": 0.8960460424423218,
    "protein_iptm": 0.0,
    "complex_plddt": 0.6521814465522766,
    "complex_iplddt": 0.42838791012763977,
    "complex_pde": 0.5711394548416138,
    "complex_ipde": 1.3717763423919678,
    "chains_ptm": {
        "0": 0.8829077482223511,
        "1": 0.8343508839607239
    },
    "pair_chains_iptm": {
        "0": {
            "0": 0.8829077482223511,
            "1": 0.49520736932754517
        },
        "1": {
            "0": 0.8960460424423218,
            "1": 0.8343508839607239
        }
    }
}