{
    "affinity_pred_value": 0.585708498954773,
    "affinity_probability_binary": 0.17618423700332642,
    "affinity_pred_value1": 0.7407535314559937,
    "affinity_probability_binary1": 0.14712069928646088,
    "affinity_pred_value2": 0.43066340684890747,
    "affinity_probability_binary2": 0.20524777472019196
}