{
    "confidence_score": 0.7263549566268921,
    "ptm": 0.9269404411315918,
    "iptm": 0.8637540340423584,
    "ligand_iptm": 0.8637540340423584,
    "protein_iptm": 0.0,
    "complex_plddt": 0.6920051574707031,
    "complex_iplddt": 0.5470474362373352,
    "complex_pde": 0.5092560648918152,
    "complex_ipde": 1.6104106903076172,
    "chains_ptm": {
        "0": 0.9378653764724731,
        "1": 0.8353225588798523
    },
    "pair_chains_iptm": {
        "0": {
            "0": 0.9378653764724731,
            "1": 0.4499925374984741
        },
        "1": {
            "0": 0.8637540340423584,
            "1": 0.8353225588798523
        }
    }
}