{
    "affinity_pred_value": -1.783986210823059,
    "affinity_probability_binary": 0.7179637551307678,
    "affinity_pred_value1": -1.857173204421997,
    "affinity_probability_binary1": 0.7216085195541382,
    "affinity_pred_value2": -1.710799217224121,
    "affinity_probability_binary2": 0.7143189907073975
}