{
    "confidence_score": 0.9064034819602966,
    "ptm": 0.9317635297775269,
    "iptm": 0.9557807445526123,
    "ligand_iptm": 0.9557807445526123,
    "protein_iptm": 0.0,
    "complex_plddt": 0.8940591216087341,
    "complex_iplddt": 0.816367506980896,
    "complex_pde": 0.495266318321228,
    "complex_ipde": 0.8620966076850891,
    "chains_ptm": {
        "0": 0.9256062507629395,
        "1": 0.8481322526931763
    },
    "pair_chains_iptm": {
        "0": {
            "0": 0.9256062507629395,
            "1": 0.6648617386817932
        },
        "1": {
            "0": 0.9557807445526123,
            "1": 0.8481322526931763
        }
    }
}