{
    "affinity_pred_value": -0.7085301876068115,
    "affinity_probability_binary": 0.5924956798553467,
    "affinity_pred_value1": -0.5955075621604919,
    "affinity_probability_binary1": 0.6368289589881897,
    "affinity_pred_value2": -0.8215528130531311,
    "affinity_probability_binary2": 0.5481623411178589
}