{
    "confidence_score": 0.7233752608299255,
    "ptm": 0.7059017419815063,
    "iptm": 0.6877806782722473,
    "ligand_iptm": 0.6877806782722473,
    "protein_iptm": 0.0,
    "complex_plddt": 0.7322738766670227,
    "complex_iplddt": 0.48764553666114807,
    "complex_pde": 1.0826225280761719,
    "complex_ipde": 3.1692330837249756,
    "chains_ptm": {
        "0": 0.7131192684173584,
        "1": 0.8805365562438965
    },
    "pair_chains_iptm": {
        "0": {
            "0": 0.7131192684173584,
            "1": 0.31654974818229675
        },
        "1": {
            "0": 0.6877806782722473,
            "1": 0.8805365562438965
        }
    }
}