{
    "affinity_pred_value": 0.42197442054748535,
    "affinity_probability_binary": 0.32237231731414795,
    "affinity_pred_value1": 0.09785570204257965,
    "affinity_probability_binary1": 0.28801190853118896,
    "affinity_pred_value2": 0.7460931539535522,
    "affinity_probability_binary2": 0.35673269629478455
}