{
    "confidence_score": 0.924416184425354,
    "ptm": 0.9432889223098755,
    "iptm": 0.9410001635551453,
    "ligand_iptm": 0.9410001635551453,
    "protein_iptm": 0.0,
    "complex_plddt": 0.9202701449394226,
    "complex_iplddt": 0.8584348559379578,
    "complex_pde": 0.5142408013343811,
    "complex_ipde": 0.9444679617881775,
    "chains_ptm": {
        "0": 0.9441765546798706,
        "1": 0.7872985005378723
    },
    "pair_chains_iptm": {
        "0": {
            "0": 0.9441765546798706,
            "1": 0.4631749987602234
        },
        "1": {
            "0": 0.9410001635551453,
            "1": 0.7872985005378723
        }
    }
}