{
    "affinity_pred_value": 0.09352652728557587,
    "affinity_probability_binary": 0.18638280034065247,
    "affinity_pred_value1": 0.5631176233291626,
    "affinity_probability_binary1": 0.27638188004493713,
    "affinity_pred_value2": -0.37606456875801086,
    "affinity_probability_binary2": 0.0963837280869484
}