{
    "confidence_score": 0.7410075664520264,
    "ptm": 0.8654062151908875,
    "iptm": 0.8244302868843079,
    "ligand_iptm": 0.8244302868843079,
    "protein_iptm": 0.0,
    "complex_plddt": 0.7201519012451172,
    "complex_iplddt": 0.5749049782752991,
    "complex_pde": 0.6822636127471924,
    "complex_ipde": 2.1445202827453613,
    "chains_ptm": {
        "0": 0.8736860752105713,
        "1": 0.8849279284477234
    },
    "pair_chains_iptm": {
        "0": {
            "0": 0.8736860752105713,
            "1": 0.4311843812465668
        },
        "1": {
            "0": 0.8244302868843079,
            "1": 0.8849279284477234
        }
    }
}