{
    "affinity_pred_value": 0.678757905960083,
    "affinity_probability_binary": 0.5522159337997437,
    "affinity_pred_value1": 0.8927251100540161,
    "affinity_probability_binary1": 0.3718855679035187,
    "affinity_pred_value2": 0.4647906720638275,
    "affinity_probability_binary2": 0.7325462698936462
}