{
    "confidence_score": 0.9427701830863953,
    "ptm": 0.9502674341201782,
    "iptm": 0.9719359278678894,
    "ligand_iptm": 0.9719359278678894,
    "protein_iptm": 0.0,
    "complex_plddt": 0.9354787468910217,
    "complex_iplddt": 0.8961917161941528,
    "complex_pde": 0.44499990344047546,
    "complex_ipde": 0.6635840535163879,
    "chains_ptm": {
        "0": 0.9470400810241699,
        "1": 0.8916341066360474
    },
    "pair_chains_iptm": {
        "0": {
            "0": 0.9470400810241699,
            "1": 0.6416782736778259
        },
        "1": {
            "0": 0.9719359278678894,
            "1": 0.8916341066360474
        }
    }
}