{
    "affinity_pred_value": 0.5001766085624695,
    "affinity_probability_binary": 0.30032914876937866,
    "affinity_pred_value1": 0.7037019729614258,
    "affinity_probability_binary1": 0.2741806209087372,
    "affinity_pred_value2": 0.29665127396583557,
    "affinity_probability_binary2": 0.32647770643234253
}