{
    "confidence_score": 0.7393366098403931,
    "ptm": 0.9158179759979248,
    "iptm": 0.8994694948196411,
    "ligand_iptm": 0.8994694948196411,
    "protein_iptm": 0.0,
    "complex_plddt": 0.699303388595581,
    "complex_iplddt": 0.5522105097770691,
    "complex_pde": 0.5083721876144409,
    "complex_ipde": 1.3810027837753296,
    "chains_ptm": {
        "0": 0.9187593460083008,
        "1": 0.8312492370605469
    },
    "pair_chains_iptm": {
        "0": {
            "0": 0.9187593460083008,
            "1": 0.5054807066917419
        },
        "1": {
            "0": 0.8994694948196411,
            "1": 0.8312492370605469
        }
    }
}