{
    "affinity_pred_value": -0.4365982711315155,
    "affinity_probability_binary": 0.34548282623291016,
    "affinity_pred_value1": -0.7366985082626343,
    "affinity_probability_binary1": 0.46754539012908936,
    "affinity_pred_value2": -0.13649803400039673,
    "affinity_probability_binary2": 0.22342029213905334
}