{
    "confidence_score": 0.6453744173049927,
    "ptm": 0.8974080085754395,
    "iptm": 0.7375175356864929,
    "ligand_iptm": 0.7375175356864929,
    "protein_iptm": 0.0,
    "complex_plddt": 0.622338593006134,
    "complex_iplddt": 0.31331172585487366,
    "complex_pde": 0.6251552104949951,
    "complex_ipde": 2.2083230018615723,
    "chains_ptm": {
        "0": 0.9352538585662842,
        "1": 0.8160504102706909
    },
    "pair_chains_iptm": {
        "0": {
            "0": 0.9352538585662842,
            "1": 0.34810665249824524
        },
        "1": {
            "0": 0.7375175356864929,
            "1": 0.8160504102706909
        }
    }
}